date,rank,name,price,url
2026-04-27,1,ドレープカシュクールトップス  (6%OFF),1799,https://www.grail.bz/item/dk14131119/?s=2
2026-04-27,2,接触冷感クロップド丈リブカーディガン,2199,https://www.grail.bz/item/dk14041119/?s=2
2026-04-27,3,3Wayドレープカシュクールトップス  (31%OFF),1399,https://www.grail.bz/item/dk16101119/?s=2
2026-04-27,4,センタープレスストレートパンツ  (10%OFF),1999,https://www.grail.bz/item/ai071111/?s=2
2026-04-27,5,ドット柄レースレイヤード風リボントップス,2999,https://www.grail.bz/item/pm8701119/?s=2
2026-04-27,6,セミフレアデニムパンツ,3799,https://www.grail.bz/item/cu5081111/?s=2
2026-04-27,7,パールボタンフリルニットカーディガン  (17%OFF),2099,https://www.grail.bz/item/dk16051119/?s=2
2026-04-27,8,フリージア カップ入りブラトップ,1099,https://www.grail.bz/item/tu11741112/
2026-04-27,9,シアーリブカーディガン  (26%OFF),1499,https://www.grail.bz/item/ru11921119/?s=2
2026-04-27,10,レースレイヤード風リボントップス  (11%OFF),2699,https://www.grail.bz/item/pm8711119/?s=2
2026-04-27,11,ワンショルダーギャザートップス  (42%OFF),999,https://www.grail.bz/item/dk15121112/?s=2
2026-04-27,12,ショート丈ドレープトップス  (11%OFF),1699,https://www.grail.bz/item/dk14141119/?s=2
2026-04-27,13,レースフリルトップス  (14%OFF),2599,https://www.grail.bz/item/dk15641119/?s=2
2026-04-27,14,ドット柄ドレープキャミソールワンピース,3199,https://www.grail.bz/item/dh14251119/
2026-04-27,15,パフスリーブニットトップス  (41%OFF),899,https://www.grail.bz/item/cu2161113/?s=2
2026-04-27,16,ゴールドボタンフレアスリーブニットカーディガン  (9%OFF),2199,https://www.grail.bz/item/ru14811119/?s=2
2026-04-27,17,カップ付き花柄シャーリングキャミソール  (12%OFF),1599,https://www.grail.bz/item/dk11241512/?s=2
2026-04-27,18,オープンカラーフロントギャザートップス  (14%OFF),2599,https://www.grail.bz/item/th0091919/?s=2
2026-04-27,19,ハイウエストフレアデニムパンツ,3399,https://www.grail.bz/item/cu4981111/?s=2
2026-04-27,20,花柄キャミソール×シアーカーディガンアンサンブル,3199,https://www.grail.bz/item/ks1121519/?s=2
2026-04-27,21,クロップド丈リブカーディガン,2099,https://www.grail.bz/item/dk13671119/
2026-04-27,22,ストレッチフレアパンツ,2599,https://www.grail.bz/item/cu341111/?s=2
2026-04-27,23,前後2Wayリブニットトップス  (62%OFF),500,https://www.grail.bz/item/ai1511119/?s=2
2026-04-27,24,バックスリットマーメイドスカート  (13%OFF),2199,https://www.grail.bz/item/dk9881112/?s=2
2026-04-27,25,カップ付きベアトップ  (24%OFF),999,https://www.grail.bz/item/ru15171112/?s=2
2026-04-27,26,ダブルリボンシフォンボレロ×キャミソールアンサンブル,3999,https://www.grail.bz/item/dk14011112/?s=2
2026-04-27,27,サイドカットアウトリボンフレアデニムパンツ,3699,https://www.grail.bz/item/cu5781111/?s=2
2026-04-27,28,オフショルドロストテレコトップス  (28%OFF),1299,https://www.grail.bz/item/tu16531112/?s=2
2026-04-27,29,シアーニットカーディガン  (11%OFF),1799,https://www.grail.bz/item/sm1111119/?s=2
2026-04-27,30,タックセンタープレスストレートワイドパンツ  (5%OFF),2299,https://www.grail.bz/item/ai361111/?s=2
2026-04-27,1,ドレープカシュクールトップス  (6%OFF),1799,https://www.grail.bz/item/dk14131119/?s=2
2026-04-27,2,接触冷感クロップド丈リブカーディガン,2199,https://www.grail.bz/item/dk14041119/?s=2
2026-04-27,3,3Wayドレープカシュクールトップス  (31%OFF),1399,https://www.grail.bz/item/dk16101119/?s=2
2026-04-27,4,センタープレスストレートパンツ  (10%OFF),1999,https://www.grail.bz/item/ai071111/?s=2
2026-04-27,5,ドット柄レースレイヤード風リボントップス,2999,https://www.grail.bz/item/pm8701119/?s=2
2026-04-27,6,セミフレアデニムパンツ,3799,https://www.grail.bz/item/cu5081111/?s=2
2026-04-27,7,パールボタンフリルニットカーディガン  (17%OFF),2099,https://www.grail.bz/item/dk16051119/?s=2
2026-04-27,8,フリージア カップ入りブラトップ,1099,https://www.grail.bz/item/tu11741112/
2026-04-27,9,シアーリブカーディガン  (26%OFF),1499,https://www.grail.bz/item/ru11921119/?s=2
2026-04-27,10,レースレイヤード風リボントップス  (11%OFF),2699,https://www.grail.bz/item/pm8711119/?s=2
2026-04-27,11,ワンショルダーギャザートップス  (42%OFF),999,https://www.grail.bz/item/dk15121112/?s=2
2026-04-27,12,ショート丈ドレープトップス  (11%OFF),1699,https://www.grail.bz/item/dk14141119/?s=2
2026-04-27,13,レースフリルトップス  (14%OFF),2599,https://www.grail.bz/item/dk15641119/?s=2
2026-04-27,14,ドット柄ドレープキャミソールワンピース,3199,https://www.grail.bz/item/dh14251119/
2026-04-27,15,パフスリーブニットトップス  (41%OFF),899,https://www.grail.bz/item/cu2161113/?s=2
2026-04-27,16,ゴールドボタンフレアスリーブニットカーディガン  (9%OFF),2199,https://www.grail.bz/item/ru14811119/?s=2
2026-04-27,17,カップ付き花柄シャーリングキャミソール  (12%OFF),1599,https://www.grail.bz/item/dk11241512/?s=2
2026-04-27,18,オープンカラーフロントギャザートップス  (14%OFF),2599,https://www.grail.bz/item/th0091919/?s=2
2026-04-27,19,ハイウエストフレアデニムパンツ,3399,https://www.grail.bz/item/cu4981111/?s=2
2026-04-27,20,花柄キャミソール×シアーカーディガンアンサンブル,3199,https://www.grail.bz/item/ks1121519/?s=2
2026-04-27,21,クロップド丈リブカーディガン,2099,https://www.grail.bz/item/dk13671119/
2026-04-27,22,ストレッチフレアパンツ,2599,https://www.grail.bz/item/cu341111/?s=2
2026-04-27,23,前後2Wayリブニットトップス  (62%OFF),500,https://www.grail.bz/item/ai1511119/?s=2
2026-04-27,24,バックスリットマーメイドスカート  (13%OFF),2199,https://www.grail.bz/item/dk9881112/?s=2
2026-04-27,25,カップ付きベアトップ  (24%OFF),999,https://www.grail.bz/item/ru15171112/?s=2
2026-04-27,26,ダブルリボンシフォンボレロ×キャミソールアンサンブル,3999,https://www.grail.bz/item/dk14011112/?s=2
2026-04-27,27,サイドカットアウトリボンフレアデニムパンツ,3699,https://www.grail.bz/item/cu5781111/?s=2
2026-04-27,28,オフショルドロストテレコトップス  (28%OFF),1299,https://www.grail.bz/item/tu16531112/?s=2
2026-04-27,29,シアーニットカーディガン  (11%OFF),1799,https://www.grail.bz/item/sm1111119/?s=2
2026-04-27,30,タックセンタープレスストレートワイドパンツ  (5%OFF),2299,https://www.grail.bz/item/ai361111/?s=2
2026-04-27,1,ドレープカシュクールトップス  (6%OFF),1799,https://www.grail.bz/item/dk14131119/?s=2
2026-04-27,2,接触冷感クロップド丈リブカーディガン,2199,https://www.grail.bz/item/dk14041119/?s=2
2026-04-27,3,3Wayドレープカシュクールトップス  (31%OFF),1399,https://www.grail.bz/item/dk16101119/?s=2
2026-04-27,4,センタープレスストレートパンツ  (10%OFF),1999,https://www.grail.bz/item/ai071111/?s=2
2026-04-27,5,ドット柄レースレイヤード風リボントップス,2999,https://www.grail.bz/item/pm8701119/?s=2
2026-04-27,6,セミフレアデニムパンツ,3799,https://www.grail.bz/item/cu5081111/?s=2
2026-04-27,7,パールボタンフリルニットカーディガン  (17%OFF),2099,https://www.grail.bz/item/dk16051119/?s=2
2026-04-27,8,フリージア カップ入りブラトップ,1099,https://www.grail.bz/item/tu11741112/
2026-04-27,9,シアーリブカーディガン  (26%OFF),1499,https://www.grail.bz/item/ru11921119/?s=2
2026-04-27,10,レースレイヤード風リボントップス  (11%OFF),2699,https://www.grail.bz/item/pm8711119/?s=2
2026-04-28,1,ドレープカシュクールトップス  (6%OFF),1799,https://www.grail.bz/item/dk14131119/?s=2
2026-04-28,2,接触冷感クロップド丈リブカーディガン,2199,https://www.grail.bz/item/dk14041119/?s=2
2026-04-28,3,3Wayドレープカシュクールトップス  (31%OFF),1399,https://www.grail.bz/item/dk16101119/?s=2
2026-04-28,4,センタープレスストレートパンツ  (10%OFF),1999,https://www.grail.bz/item/ai071111/?s=2
2026-04-28,5,パールボタンフリルニットカーディガン  (17%OFF),2099,https://www.grail.bz/item/dk16051119/?s=2
2026-04-28,6,ドット柄レースレイヤード風リボントップス,2999,https://www.grail.bz/item/pm8701119/?s=2
2026-04-28,7,セミフレアデニムパンツ,3799,https://www.grail.bz/item/cu5081111/?s=2
2026-04-28,8,レースフリルトップス  (14%OFF),2599,https://www.grail.bz/item/dk15641119/?s=2
2026-04-28,9,レースレイヤード風リボントップス  (11%OFF),2699,https://www.grail.bz/item/pm8711119/?s=2
2026-04-28,10,ドット柄ドレープキャミソールワンピース,3199,https://www.grail.bz/item/dh14251119/
2026-04-28,1,ドレープカシュクールトップス,1799,https://www.grail.bz/item/dk14131119/?s=2,https://cdn.grail.bz/images/goods/l/dk1413/dk1413_v12.jpg
2026-04-28,2,接触冷感クロップド丈リブカーディガン,2199,https://www.grail.bz/item/dk14041119/?s=2,https://cdn.grail.bz/images/goods/l/dk1404/dk1404_v12.jpg
2026-04-28,3,3Wayドレープカシュクールトップス,1399,https://www.grail.bz/item/dk16101119/?s=2,https://cdn.grail.bz/images/goods/l/dk1610/dk1610_v12.jpg
2026-04-28,4,センタープレスストレートパンツ,1999,https://www.grail.bz/item/ai071111/?s=2,https://cdn.grail.bz/images/goods/l/ai07/ai07_v12.jpg
2026-04-28,5,パールボタンフリルニットカーディガン,2099,https://www.grail.bz/item/dk16051119/?s=2,https://cdn.grail.bz/images/goods/l/dk1605/dk1605_v12.jpg
2026-04-28,6,ドット柄レースレイヤード風リボントップス,2999,https://www.grail.bz/item/pm8701119/?s=2,https://cdn.grail.bz/images/goods/l/pm870/pm870_v12.jpg
2026-04-28,7,セミフレアデニムパンツ,3799,https://www.grail.bz/item/cu5081111/?s=2,https://cdn.grail.bz/images/goods/l/cu508/cu508_v12.jpg
2026-04-28,8,レースフリルトップス,2599,https://www.grail.bz/item/dk15641119/?s=2,https://cdn.grail.bz/images/goods/l/dk1564/dk1564_v12.jpg
2026-04-28,9,レースレイヤード風リボントップス,2699,https://www.grail.bz/item/pm8711119/?s=2,https://cdn.grail.bz/images/goods/l/pm871/pm871_v12.jpg
2026-04-28,10,ドット柄ドレープキャミソールワンピース,3199,https://www.grail.bz/item/dh14251119/,https://cdn.grail.bz/images/goods/l/dh1425/dh1425_v12.jpg
2026-04-28,1,ドレープカシュクールトップス,1799,https://www.grail.bz/item/dk14131119/?s=2,https://cdn.grail.bz/images/goods/l/dk1413/dk1413_v12.jpg
2026-04-28,2,接触冷感クロップド丈リブカーディガン,2299,https://www.grail.bz/item/dk14041119/?s=2,https://cdn.grail.bz/images/goods/l/dk1404/dk1404_v12.jpg
2026-04-28,3,3Wayドレープカシュクールトップス,1399,https://www.grail.bz/item/dk16101119/?s=2,https://cdn.grail.bz/images/goods/l/dk1610/dk1610_v12.jpg
2026-04-28,4,センタープレスストレートパンツ,1999,https://www.grail.bz/item/ai071111/?s=2,https://cdn.grail.bz/images/goods/l/ai07/ai07_v12.jpg
2026-04-28,5,パールボタンフリルニットカーディガン,2099,https://www.grail.bz/item/dk16051119/?s=2,https://cdn.grail.bz/images/goods/l/dk1605/dk1605_v12.jpg
2026-04-28,6,ドット柄レースレイヤード風リボントップス,2999,https://www.grail.bz/item/pm8701119/?s=2,https://cdn.grail.bz/images/goods/l/pm870/pm870_v12.jpg
2026-04-28,7,セミフレアデニムパンツ,3799,https://www.grail.bz/item/cu5081111/?s=2,https://cdn.grail.bz/images/goods/l/cu508/cu508_v12.jpg
2026-04-28,8,レースフリルトップス,2599,https://www.grail.bz/item/dk15641119/?s=2,https://cdn.grail.bz/images/goods/l/dk1564/dk1564_v12.jpg
2026-04-28,9,レースレイヤード風リボントップス,2699,https://www.grail.bz/item/pm8711119/?s=2,https://cdn.grail.bz/images/goods/l/pm871/pm871_v12.jpg
2026-04-28,10,ドット柄ドレープキャミソールワンピース,3199,https://www.grail.bz/item/dh14251119/,https://cdn.grail.bz/images/goods/l/dh1425/dh1425_v12.jpg
2026-04-29,1,ドレープカシュクールトップス,1799,https://www.grail.bz/item/dk14131119/?s=2,https://cdn.grail.bz/images/goods/l/dk1413/dk1413_v12.jpg
2026-04-29,2,接触冷感クロップド丈リブカーディガン,2299,https://www.grail.bz/item/dk14041119/?s=2,https://cdn.grail.bz/images/goods/l/dk1404/dk1404_v12.jpg
2026-04-29,3,3Wayドレープカシュクールトップス,1399,https://www.grail.bz/item/dk16101119/?s=2,https://cdn.grail.bz/images/goods/l/dk1610/dk1610_v12.jpg
2026-04-29,4,セミフレアデニムパンツ,3799,https://www.grail.bz/item/cu5081111/?s=2,https://cdn.grail.bz/images/goods/l/cu508/cu508_v12.jpg
2026-04-29,5,ドット柄レースレイヤード風リボントップス,2999,https://www.grail.bz/item/pm8701119/?s=2,https://cdn.grail.bz/images/goods/l/pm870/pm870_v12.jpg
2026-04-29,6,レースフリルトップス,2599,https://www.grail.bz/item/dk15641119/?s=2,https://cdn.grail.bz/images/goods/l/dk1564/dk1564_v12.jpg
2026-04-29,7,パールボタンフリルニットカーディガン,2099,https://www.grail.bz/item/dk16051119/?s=2,https://cdn.grail.bz/images/goods/l/dk1605/dk1605_v12.jpg
2026-04-29,8,センタープレスストレートパンツ,1999,https://www.grail.bz/item/ai071111/?s=2,https://cdn.grail.bz/images/goods/l/ai07/ai07_v12.jpg
2026-04-29,9,シアーリブカーディガン,1499,https://www.grail.bz/item/ru11921119/?s=2,https://cdn.grail.bz/images/goods/l/ru1192/ru1192_v12.jpg
2026-04-29,10,ドット柄ドレープキャミソールワンピース,3199,https://www.grail.bz/item/dh14251119/,https://cdn.grail.bz/images/goods/l/dh1425/dh1425_v12.jpg
2026-04-29,1,ドレープカシュクールトップス,1799,https://www.grail.bz/item/dk14131119/?s=2,https://cdn.grail.bz/images/goods/l/dk1413/dk1413_v12.jpg
2026-04-29,2,接触冷感クロップド丈リブカーディガン,2299,https://www.grail.bz/item/dk14041119/?s=2,https://cdn.grail.bz/images/goods/l/dk1404/dk1404_v12.jpg
2026-04-29,3,3Wayドレープカシュクールトップス,1399,https://www.grail.bz/item/dk16101119/?s=2,https://cdn.grail.bz/images/goods/l/dk1610/dk1610_v12.jpg
2026-04-29,4,セミフレアデニムパンツ,3799,https://www.grail.bz/item/cu5081111/?s=2,https://cdn.grail.bz/images/goods/l/cu508/cu508_v12.jpg
2026-04-29,5,センタープレスストレートパンツ,1999,https://www.grail.bz/item/ai071111/?s=2,https://cdn.grail.bz/images/goods/l/ai07/ai07_v12.jpg
2026-04-29,6,パールボタンフリルニットカーディガン,2099,https://www.grail.bz/item/dk16051119/?s=2,https://cdn.grail.bz/images/goods/l/dk1605/dk1605_v12.jpg
2026-04-29,7,レースフリルトップス,2599,https://www.grail.bz/item/dk15641119/?s=2,https://cdn.grail.bz/images/goods/l/dk1564/dk1564_v12.jpg
2026-04-29,8,ドット柄レースレイヤード風リボントップス,2999,https://www.grail.bz/item/pm8701119/?s=2,https://cdn.grail.bz/images/goods/l/pm870/pm870_v12.jpg
2026-04-29,9,透かし編みニットレースカーディガン,1699,https://www.grail.bz/item/at22581113/?s=2,https://cdn.grail.bz/images/goods/l/at2258/at2258_v12.jpg
2026-04-29,10,シアーリブカーディガン,1499,https://www.grail.bz/item/ru11921119/?s=2,https://cdn.grail.bz/images/goods/l/ru1192/ru1192_v12.jpg
2026-04-30,1,ドレープカシュクールトップス,1799,https://www.grail.bz/item/dk14131119/?s=2,https://cdn.grail.bz/images/goods/l/dk1413/dk1413_v12.jpg
2026-04-30,2,センタープレスストレートパンツ,1999,https://www.grail.bz/item/ai071111/?s=2,https://cdn.grail.bz/images/goods/l/ai07/ai07_v12.jpg
2026-04-30,3,透かし編みニットレースカーディガン,2099,https://www.grail.bz/item/at22581113/?s=2,https://cdn.grail.bz/images/goods/l/at2258/at2258_v12.jpg
2026-04-30,4,接触冷感クロップド丈リブカーディガン,2299,https://www.grail.bz/item/dk14041119/?s=2,https://cdn.grail.bz/images/goods/l/dk1404/dk1404_v12.jpg
2026-04-30,5,セミフレアデニムパンツ,3799,https://www.grail.bz/item/cu5081111/?s=2,https://cdn.grail.bz/images/goods/l/cu508/cu508_v12.jpg
2026-04-30,6,3Wayドレープカシュクールトップス,1399,https://www.grail.bz/item/dk16101119/?s=2,https://cdn.grail.bz/images/goods/l/dk1610/dk1610_v12.jpg
2026-04-30,7,パールボタンフリルニットカーディガン,2099,https://www.grail.bz/item/dk16051119/?s=2,https://cdn.grail.bz/images/goods/l/dk1605/dk1605_v12.jpg
2026-04-30,8,レースフリルトップス,2599,https://www.grail.bz/item/dk15641119/?s=2,https://cdn.grail.bz/images/goods/l/dk1564/dk1564_v12.jpg
2026-04-30,9,クロップド丈リブカーディガン,1999,https://www.grail.bz/item/dk13671119/?s=2,https://cdn.grail.bz/images/goods/l/dk1367/dk1367_v12.jpg
2026-04-30,10,レースレイヤード風リボントップス,2699,https://www.grail.bz/item/pm8711119/?s=2,https://cdn.grail.bz/images/goods/l/pm871/pm871_v12.jpg
2026-05-01,1,ドレープカシュクールトップス,1799,https://www.grail.bz/item/dk14131119/?s=2,https://cdn.grail.bz/images/goods/l/dk1413/dk1413_v12.jpg
2026-05-01,2,センタープレスストレートパンツ,1999,https://www.grail.bz/item/ai071111/?s=2,https://cdn.grail.bz/images/goods/l/ai07/ai07_v12.jpg
2026-05-01,3,透かし編みニットレースカーディガン,2099,https://www.grail.bz/item/at22581113/?s=2,https://cdn.grail.bz/images/goods/l/at2258/at2258_v12.jpg
2026-05-01,4,セミフレアデニムパンツ,3799,https://www.grail.bz/item/cu5081111/?s=2,https://cdn.grail.bz/images/goods/l/cu508/cu508_v12.jpg
2026-05-01,5,クロップド丈リブカーディガン,1999,https://www.grail.bz/item/dk13671119/?s=2,https://cdn.grail.bz/images/goods/l/dk1367/dk1367_v12.jpg
2026-05-01,6,3Wayドレープカシュクールトップス,1399,https://www.grail.bz/item/dk16101119/?s=2,https://cdn.grail.bz/images/goods/l/dk1610/dk1610_v12.jpg
2026-05-01,7,接触冷感クロップド丈リブカーディガン,2299,https://www.grail.bz/item/dk14041119/?s=2,https://cdn.grail.bz/images/goods/l/dk1404/dk1404_v12.jpg
2026-05-01,8,レースフリルトップス,2599,https://www.grail.bz/item/dk15641119/?s=2,https://cdn.grail.bz/images/goods/l/dk1564/dk1564_v12.jpg
2026-05-01,9,パールボタンフリルニットカーディガン,2099,https://www.grail.bz/item/dk16051119/?s=2,https://cdn.grail.bz/images/goods/l/dk1605/dk1605_v12.jpg
2026-05-01,10,ドット柄ドレープキャミソールワンピース,3199,https://www.grail.bz/item/dh14251119/,https://cdn.grail.bz/images/goods/l/dh1425/dh1425_v12.jpg
2026-05-02,1,ドレープカシュクールトップス,1799,https://www.grail.bz/item/dk14131119/?s=2,https://cdn.grail.bz/images/goods/l/dk1413/dk1413_v12.jpg
2026-05-02,2,セミフレアデニムパンツ,3799,https://www.grail.bz/item/cu5081111/?s=2,https://cdn.grail.bz/images/goods/l/cu508/cu508_v12.jpg
2026-05-02,3,ひめか着用2DフィットUVカット小顔マスク スリムサイズ 30枚セット,399,https://www.grail.bz/item/sda3581719/,https://cdn.grail.bz/images/goods/l/sda358/sda358_v12.jpg
2026-05-02,4,センタープレスストレートパンツ,1999,https://www.grail.bz/item/ai071111/?s=2,https://cdn.grail.bz/images/goods/l/ai07/ai07_v12.jpg
2026-05-02,5,クロップド丈リブカーディガン,1999,https://www.grail.bz/item/dk13671119/?s=2,https://cdn.grail.bz/images/goods/l/dk1367/dk1367_v12.jpg
2026-05-02,6,透かし編みニットレースカーディガン,2099,https://www.grail.bz/item/at22581113/?s=2,https://cdn.grail.bz/images/goods/l/at2258/at2258_v12.jpg
2026-05-02,7,サイドカットアウトリボンフレアデニムパンツ,3699,https://www.grail.bz/item/cu5781111/?s=2,https://cdn.grail.bz/images/goods/l/cu578/cu578_v12.jpg
2026-05-02,8,ドット柄ドレープキャミソールワンピース,3199,https://www.grail.bz/item/dh14251119/,https://cdn.grail.bz/images/goods/l/dh1425/dh1425_v12.jpg
2026-05-02,9,3Wayドレープカシュクールトップス,1399,https://www.grail.bz/item/dk16101119/?s=2,https://cdn.grail.bz/images/goods/l/dk1610/dk1610_v12.jpg
2026-05-02,10,パールボタンフリルニットカーディガン,2099,https://www.grail.bz/item/dk16051119/?s=2,https://cdn.grail.bz/images/goods/l/dk1605/dk1605_v12.jpg
2026-05-03,1,ドレープカシュクールトップス,1799,https://www.grail.bz/item/dk14131119/?s=2,https://cdn.grail.bz/images/goods/l/dk1413/dk1413_v12.jpg
2026-05-03,2,セミフレアデニムパンツ,3799,https://www.grail.bz/item/cu5081111/?s=2,https://cdn.grail.bz/images/goods/l/cu508/cu508_v12.jpg
2026-05-03,3,クロップド丈リブカーディガン,1999,https://www.grail.bz/item/dk13671119/?s=2,https://cdn.grail.bz/images/goods/l/dk1367/dk1367_v12.jpg
2026-05-03,4,サイドカットアウトリボンフレアデニムパンツ,3699,https://www.grail.bz/item/cu5781111/?s=2,https://cdn.grail.bz/images/goods/l/cu578/cu578_v12.jpg
2026-05-03,5,ひめか着用2DフィットUVカット小顔マスク スリムサイズ 30枚セット,399,https://www.grail.bz/item/sda3581719/,https://cdn.grail.bz/images/goods/l/sda358/sda358_v12.jpg
2026-05-03,6,センタープレスストレートパンツ,1999,https://www.grail.bz/item/ai071111/?s=2,https://cdn.grail.bz/images/goods/l/ai07/ai07_v12.jpg
2026-05-03,7,透かし編みニットレースカーディガン,2099,https://www.grail.bz/item/at22581113/?s=2,https://cdn.grail.bz/images/goods/l/at2258/at2258_v12.jpg
2026-05-03,8,ドット柄ドレープキャミソールワンピース,3199,https://www.grail.bz/item/dh14251119/,https://cdn.grail.bz/images/goods/l/dh1425/dh1425_v12.jpg
2026-05-03,9,3Wayドレープカシュクールトップス,1399,https://www.grail.bz/item/dk16101119/?s=2,https://cdn.grail.bz/images/goods/l/dk1610/dk1610_v12.jpg
2026-05-03,10,パールボタンフリルニットカーディガン,2099,https://www.grail.bz/item/dk16051119/?s=2,https://cdn.grail.bz/images/goods/l/dk1605/dk1605_v12.jpg
2026-05-04,1,ドレープカシュクールトップス,1799,https://www.grail.bz/item/dk14131119/?s=2,https://cdn.grail.bz/images/goods/l/dk1413/dk1413_v12.jpg
2026-05-04,2,セミフレアデニムパンツ,3799,https://www.grail.bz/item/cu5081111/?s=2,https://cdn.grail.bz/images/goods/l/cu508/cu508_v12.jpg
2026-05-04,3,クロップド丈リブカーディガン,1999,https://www.grail.bz/item/dk13671119/?s=2,https://cdn.grail.bz/images/goods/l/dk1367/dk1367_v12.jpg
2026-05-04,4,センタープレスストレートパンツ,1999,https://www.grail.bz/item/ai071111/?s=2,https://cdn.grail.bz/images/goods/l/ai07/ai07_v12.jpg
2026-05-04,5,サイドカットアウトリボンフレアデニムパンツ,3699,https://www.grail.bz/item/cu5781111/?s=2,https://cdn.grail.bz/images/goods/l/cu578/cu578_v12.jpg
2026-05-04,6,ひめか着用2DフィットUVカット小顔マスク スリムサイズ 30枚セット,399,https://www.grail.bz/item/sda3581719/,https://cdn.grail.bz/images/goods/l/sda358/sda358_v12.jpg
2026-05-04,7,透かし編みニットレースカーディガン,2099,https://www.grail.bz/item/at22581113/?s=2,https://cdn.grail.bz/images/goods/l/at2258/at2258_v12.jpg
2026-05-04,8,ドット柄ドレープキャミソールワンピース,3199,https://www.grail.bz/item/dh14251119/,https://cdn.grail.bz/images/goods/l/dh1425/dh1425_v12.jpg
2026-05-04,9,3Wayドレープカシュクールトップス,1399,https://www.grail.bz/item/dk16101119/?s=2,https://cdn.grail.bz/images/goods/l/dk1610/dk1610_v12.jpg
2026-05-04,10,シアーリブカーディガン,1499,https://www.grail.bz/item/ru11921119/?s=2,https://cdn.grail.bz/images/goods/l/ru1192/ru1192_v12.jpg
2026-05-05,1,ドレープカシュクールトップス,1799,https://www.grail.bz/item/dk14131119/?s=2,https://cdn.grail.bz/images/goods/l/dk1413/dk1413_v12.jpg
2026-05-05,2,セミフレアデニムパンツ,3799,https://www.grail.bz/item/cu5081111/?s=2,https://cdn.grail.bz/images/goods/l/cu508/cu508_v12.jpg
2026-05-05,3,クロップド丈リブカーディガン,1999,https://www.grail.bz/item/dk13671119/?s=2,https://cdn.grail.bz/images/goods/l/dk1367/dk1367_v12.jpg
2026-05-05,4,サイドカットアウトリボンフレアデニムパンツ,3699,https://www.grail.bz/item/cu5781111/?s=2,https://cdn.grail.bz/images/goods/l/cu578/cu578_v12.jpg
2026-05-05,5,センタープレスストレートパンツ,1999,https://www.grail.bz/item/ai071111/?s=2,https://cdn.grail.bz/images/goods/l/ai07/ai07_v12.jpg
2026-05-05,6,ひめか着用2DフィットUVカット小顔マスク スリムサイズ 30枚セット,399,https://www.grail.bz/item/sda3581719/,https://cdn.grail.bz/images/goods/l/sda358/sda358_v12.jpg
2026-05-05,7,透かし編みニットレースカーディガン,2099,https://www.grail.bz/item/at22581113/?s=2,https://cdn.grail.bz/images/goods/l/at2258/at2258_v12.jpg
2026-05-05,8,ドット柄ドレープキャミソールワンピース,3199,https://www.grail.bz/item/dh14251119/,https://cdn.grail.bz/images/goods/l/dh1425/dh1425_v12.jpg
2026-05-05,9,シアーリブカーディガン,1499,https://www.grail.bz/item/ru11921119/?s=2,https://cdn.grail.bz/images/goods/l/ru1192/ru1192_v12.jpg
2026-05-05,10,ショート丈ドレープトップス,1699,https://www.grail.bz/item/dk14141119/?s=2,https://cdn.grail.bz/images/goods/l/dk1414/dk1414_v12.jpg
2026-05-06,1,ドレープカシュクールトップス,1799,https://www.grail.bz/item/dk14131119/?s=2,https://cdn.grail.bz/images/goods/l/dk1413/dk1413_v12.jpg
2026-05-06,2,セミフレアデニムパンツ,3799,https://www.grail.bz/item/cu5081111/?s=2,https://cdn.grail.bz/images/goods/l/cu508/cu508_v12.jpg
2026-05-06,3,チューブストラップチャンキーヒールサンダル,2399,https://www.grail.bz/item/zr11871134/,https://cdn.grail.bz/images/goods/l/zr1187/zr1187_v12.jpg
2026-05-06,4,クロップド丈リブカーディガン,2099,https://www.grail.bz/item/dk13671119/?s=2,https://cdn.grail.bz/images/goods/l/dk1367/dk1367_v12.jpg
2026-05-06,5,サイドカットアウトリボンフレアデニムパンツ,3699,https://www.grail.bz/item/cu5781111/?s=2,https://cdn.grail.bz/images/goods/l/cu578/cu578_v12.jpg
2026-05-06,6,センタープレスストレートパンツ,1999,https://www.grail.bz/item/ai071111/?s=2,https://cdn.grail.bz/images/goods/l/ai07/ai07_v12.jpg
2026-05-06,7,ドット柄ドレープキャミソールワンピース,3199,https://www.grail.bz/item/dh14251119/,https://cdn.grail.bz/images/goods/l/dh1425/dh1425_v12.jpg
2026-05-06,8,ショート丈ドレープトップス,1699,https://www.grail.bz/item/dk14141119/?s=2,https://cdn.grail.bz/images/goods/l/dk1414/dk1414_v12.jpg
2026-05-06,9,シアーリブカーディガン,1499,https://www.grail.bz/item/ru11921119/?s=2,https://cdn.grail.bz/images/goods/l/ru1192/ru1192_v12.jpg
2026-05-06,10,ひめか着用2DフィットUVカット小顔マスク スリムサイズ 30枚セット,399,https://www.grail.bz/item/sda3581719/,https://cdn.grail.bz/images/goods/l/sda358/sda358_v12.jpg
2026-05-07,1,セミフレアデニムパンツ,3799,https://www.grail.bz/item/cu5081111/?s=2,https://cdn.grail.bz/images/goods/l/cu508/cu508_v12.jpg
2026-05-07,2,ドレープカシュクールトップス,1799,https://www.grail.bz/item/dk14131119/?s=2,https://cdn.grail.bz/images/goods/l/dk1413/dk1413_v12.jpg
2026-05-07,3,チューブストラップチャンキーヒールサンダル,2799,https://www.grail.bz/item/zr11871134/,https://cdn.grail.bz/images/goods/l/zr1187/zr1187_v12.jpg
2026-05-07,4,サイドカットアウトリボンフレアデニムパンツ,3699,https://www.grail.bz/item/cu5781111/?s=2,https://cdn.grail.bz/images/goods/l/cu578/cu578_v12.jpg
2026-05-07,5,クロップド丈リブカーディガン,2099,https://www.grail.bz/item/dk13671119/?s=2,https://cdn.grail.bz/images/goods/l/dk1367/dk1367_v12.jpg
2026-05-07,6,センタープレスストレートパンツ,1999,https://www.grail.bz/item/ai071111/?s=2,https://cdn.grail.bz/images/goods/l/ai07/ai07_v12.jpg
2026-05-07,7,接触冷感クロップド丈リブカーディガン,2099,https://www.grail.bz/item/dk14041119/?s=2,https://cdn.grail.bz/images/goods/l/dk1404/dk1404_v12.jpg
2026-05-07,8,ショート丈ドレープトップス,1699,https://www.grail.bz/item/dk14141119/?s=2,https://cdn.grail.bz/images/goods/l/dk1414/dk1414_v12.jpg
2026-05-07,9,バルーンヘムスカート,2999,https://www.grail.bz/item/dk16231112/?s=2,https://cdn.grail.bz/images/goods/l/dk1623/dk1623_v12.jpg
2026-05-07,10,ドット柄ドレープキャミソールワンピース,3199,https://www.grail.bz/item/dh14251119/,https://cdn.grail.bz/images/goods/l/dh1425/dh1425_v12.jpg
2026-05-08,1,セミフレアデニムパンツ,3799,https://www.grail.bz/item/cu5081111/?s=2,https://cdn.grail.bz/images/goods/l/cu508/cu508_v12.jpg
2026-05-08,2,ドレープカシュクールトップス,1799,https://www.grail.bz/item/dk14131119/?s=2,https://cdn.grail.bz/images/goods/l/dk1413/dk1413_v12.jpg
2026-05-08,3,クロップド丈リブカーディガン,2099,https://www.grail.bz/item/dk13671119/?s=2,https://cdn.grail.bz/images/goods/l/dk1367/dk1367_v12.jpg
2026-05-08,4,サイドカットアウトリボンフレアデニムパンツ,3699,https://www.grail.bz/item/cu5781111/?s=2,https://cdn.grail.bz/images/goods/l/cu578/cu578_v12.jpg
2026-05-08,5,接触冷感クロップド丈リブカーディガン,2099,https://www.grail.bz/item/dk14041119/?s=2,https://cdn.grail.bz/images/goods/l/dk1404/dk1404_v12.jpg
2026-05-08,6,センタープレスストレートパンツ,1999,https://www.grail.bz/item/ai071111/?s=2,https://cdn.grail.bz/images/goods/l/ai07/ai07_v12.jpg
2026-05-08,7,ドット柄ドレープキャミソールワンピース,3199,https://www.grail.bz/item/dh14251119/,https://cdn.grail.bz/images/goods/l/dh1425/dh1425_v12.jpg
2026-05-08,8,2Wayカーブスウェットワイドパンツ,1799,https://www.grail.bz/item/tu16761119/?s=2,https://cdn.grail.bz/images/goods/l/tu1676/tu1676_v12.jpg
2026-05-08,9,ショート丈ドレープトップス,1699,https://www.grail.bz/item/dk14141119/?s=2,https://cdn.grail.bz/images/goods/l/dk1414/dk1414_v12.jpg
2026-05-08,10,バルーンヘムスカート,2999,https://www.grail.bz/item/dk16231112/?s=2,https://cdn.grail.bz/images/goods/l/dk1623/dk1623_v12.jpg
2026-05-09,1,セミフレアデニムパンツ,3799,https://www.grail.bz/item/cu5081111/?s=2,https://cdn.grail.bz/images/goods/l/cu508/cu508_v12.jpg
2026-05-09,2,ドレープカシュクールトップス,1799,https://www.grail.bz/item/dk14131119/?s=2,https://cdn.grail.bz/images/goods/l/dk1413/dk1413_v12.jpg
2026-05-09,3,接触冷感クロップド丈リブカーディガン,2099,https://www.grail.bz/item/dk14041119/?s=2,https://cdn.grail.bz/images/goods/l/dk1404/dk1404_v12.jpg
2026-05-09,4,クロップド丈リブカーディガン,2099,https://www.grail.bz/item/dk13671119/?s=2,https://cdn.grail.bz/images/goods/l/dk1367/dk1367_v12.jpg
2026-05-09,5,ショート丈ドレープトップス,1699,https://www.grail.bz/item/dk14141119/?s=2,https://cdn.grail.bz/images/goods/l/dk1414/dk1414_v12.jpg
2026-05-09,6,サイドカットアウトリボンフレアデニムパンツ,3699,https://www.grail.bz/item/cu5781111/?s=2,https://cdn.grail.bz/images/goods/l/cu578/cu578_v12.jpg
2026-05-09,7,ドット柄ドレープキャミソールワンピース,3199,https://www.grail.bz/item/dh14251119/,https://cdn.grail.bz/images/goods/l/dh1425/dh1425_v12.jpg
2026-05-09,8,センタープレスストレートパンツ,1999,https://www.grail.bz/item/ai071111/?s=2,https://cdn.grail.bz/images/goods/l/ai07/ai07_v12.jpg
2026-05-09,9,スクエアネックギャザートップス,699,https://www.grail.bz/item/yz6691119/?s=2,https://cdn.grail.bz/images/goods/l/yz669/yz669_v12.jpg
2026-05-09,10,透かし編みニットレースカーディガン,2199,https://www.grail.bz/item/at22581113/?s=2,https://cdn.grail.bz/images/goods/l/at2258/at2258_v12.jpg
2026-05-10,1,セミフレアデニムパンツ,3799,https://www.grail.bz/item/cu5081111/?s=2,https://cdn.grail.bz/images/goods/l/cu508/cu508_v12.jpg
2026-05-10,2,ドレープカシュクールトップス,1799,https://www.grail.bz/item/dk14131119/?s=2,https://cdn.grail.bz/images/goods/l/dk1413/dk1413_v12.jpg
2026-05-10,3,接触冷感クロップド丈リブカーディガン,2099,https://www.grail.bz/item/dk14041119/?s=2,https://cdn.grail.bz/images/goods/l/dk1404/dk1404_v12.jpg
2026-05-10,4,シアーリブニットショート丈カーディガン,1599,https://www.grail.bz/item/sd0711119/?s=2,https://cdn.grail.bz/images/goods/l/sd071/sd071_v12.jpg
2026-05-10,5,ショート丈ドレープトップス,1699,https://www.grail.bz/item/dk14141119/?s=2,https://cdn.grail.bz/images/goods/l/dk1414/dk1414_v12.jpg
2026-05-10,6,センタープレスストレートパンツ,1999,https://www.grail.bz/item/ai071111/?s=2,https://cdn.grail.bz/images/goods/l/ai07/ai07_v12.jpg
2026-05-10,7,サイドカットアウトリボンフレアデニムパンツ,3699,https://www.grail.bz/item/cu5781111/?s=2,https://cdn.grail.bz/images/goods/l/cu578/cu578_v12.jpg
2026-05-10,8,ドット柄ドレープキャミソールワンピース,3199,https://www.grail.bz/item/dh14251119/,https://cdn.grail.bz/images/goods/l/dh1425/dh1425_v12.jpg
2026-05-10,9,クロップド丈リブカーディガン,2099,https://www.grail.bz/item/dk13671119/?s=2,https://cdn.grail.bz/images/goods/l/dk1367/dk1367_v12.jpg
2026-05-10,10,シアーリブカーディガン,1599,https://www.grail.bz/item/ru11921119/?s=2,https://cdn.grail.bz/images/goods/l/ru1192/ru1192_v12.jpg
2026-05-11,1,セミフレアデニムパンツ,3799,https://www.grail.bz/item/cu5081111/?s=2,https://cdn.grail.bz/images/goods/l/cu508/cu508_v12.jpg
2026-05-11,2,ドレープカシュクールトップス,1799,https://www.grail.bz/item/dk14131119/?s=2,https://cdn.grail.bz/images/goods/l/dk1413/dk1413_v12.jpg
2026-05-11,3,接触冷感クロップド丈リブカーディガン,2099,https://www.grail.bz/item/dk14041119/?s=2,https://cdn.grail.bz/images/goods/l/dk1404/dk1404_v12.jpg
2026-05-11,4,シアーリブニットショート丈カーディガン,1999,https://www.grail.bz/item/sd0711119/?s=2,https://cdn.grail.bz/images/goods/l/sd071/sd071_v12.jpg
2026-05-11,5,センタープレスストレートパンツ,2099,https://www.grail.bz/item/ai071111/?s=2,https://cdn.grail.bz/images/goods/l/ai07/ai07_v12.jpg
2026-05-11,6,サイドカットアウトリボンフレアデニムパンツ,3799,https://www.grail.bz/item/cu5781111/?s=2,https://cdn.grail.bz/images/goods/l/cu578/cu578_v12.jpg
2026-05-11,7,ショート丈ドレープトップス,1699,https://www.grail.bz/item/dk14141119/?s=2,https://cdn.grail.bz/images/goods/l/dk1414/dk1414_v12.jpg
2026-05-11,8,ドット柄ドレープキャミソールワンピース,3199,https://www.grail.bz/item/dh14251119/,https://cdn.grail.bz/images/goods/l/dh1425/dh1425_v12.jpg
2026-05-11,9,シアーリブカーディガン,1699,https://www.grail.bz/item/ru11921119/?s=2,https://cdn.grail.bz/images/goods/l/ru1192/ru1192_v12.jpg
2026-05-11,10,ドット柄レースレイヤード風リボントップス,2299,https://www.grail.bz/item/pm870a1119/?s=2,https://cdn.grail.bz/images/goods/l/pm870a/pm870a_v12.jpg
2026-05-12,1,セミフレアデニムパンツ,3799,https://www.grail.bz/item/cu5081111/?s=2,https://cdn.grail.bz/images/goods/l/cu508/cu508_v12.jpg
2026-05-12,2,ドレープカシュクールトップス,1799,https://www.grail.bz/item/dk14131119/?s=2,https://cdn.grail.bz/images/goods/l/dk1413/dk1413_v12.jpg
2026-05-12,3,シアーリブニットショート丈カーディガン,1999,https://www.grail.bz/item/sd0711119/?s=2,https://cdn.grail.bz/images/goods/l/sd071/sd071_v12.jpg
2026-05-12,4,接触冷感クロップド丈リブカーディガン,2099,https://www.grail.bz/item/dk14041119/?s=2,https://cdn.grail.bz/images/goods/l/dk1404/dk1404_v12.jpg
2026-05-12,5,ショート丈ドレープトップス,1699,https://www.grail.bz/item/dk14141119/?s=2,https://cdn.grail.bz/images/goods/l/dk1414/dk1414_v12.jpg
2026-05-12,6,センタープレスストレートパンツ,2099,https://www.grail.bz/item/ai071111/?s=2,https://cdn.grail.bz/images/goods/l/ai07/ai07_v12.jpg
2026-05-12,7,サイドカットアウトリボンフレアデニムパンツ,3799,https://www.grail.bz/item/cu5781111/?s=2,https://cdn.grail.bz/images/goods/l/cu578/cu578_v12.jpg
2026-05-12,8,ドット柄ドレープキャミソールワンピース,3199,https://www.grail.bz/item/dh14251119/,https://cdn.grail.bz/images/goods/l/dh1425/dh1425_v12.jpg
2026-05-12,9,シアーリブカーディガン,1699,https://www.grail.bz/item/ru11921119/?s=2,https://cdn.grail.bz/images/goods/l/ru1192/ru1192_v12.jpg
2026-05-12,10,ボリュームスリーブシアーオーバーシャツ,999,https://www.grail.bz/item/ac13711119/?s=2,https://cdn.grail.bz/images/goods/l/ac1371/ac1371_v12.jpg
2026-05-13,1,セミフレアデニムパンツ,3799,https://www.grail.bz/item/cu5081111/?s=2,https://cdn.grail.bz/images/goods/l/cu508/cu508_v12.jpg
2026-05-13,2,ドレープカシュクールトップス,1799,https://www.grail.bz/item/dk14131119/?s=2,https://cdn.grail.bz/images/goods/l/dk1413/dk1413_v12.jpg
2026-05-13,3,シアーリブニットショート丈カーディガン,1999,https://www.grail.bz/item/sd0711119/?s=2,https://cdn.grail.bz/images/goods/l/sd071/sd071_v12.jpg
2026-05-13,4,接触冷感クロップド丈リブカーディガン,2099,https://www.grail.bz/item/dk14041119/?s=2,https://cdn.grail.bz/images/goods/l/dk1404/dk1404_v12.jpg
2026-05-13,5,ショート丈ドレープトップス,1799,https://www.grail.bz/item/dk14141119/?s=2,https://cdn.grail.bz/images/goods/l/dk1414/dk1414_v12.jpg
2026-05-13,6,サイドカットアウトリボンフレアデニムパンツ,3799,https://www.grail.bz/item/cu5781111/?s=2,https://cdn.grail.bz/images/goods/l/cu578/cu578_v12.jpg
2026-05-13,7,センタープレスストレートパンツ,2099,https://www.grail.bz/item/ai071111/?s=2,https://cdn.grail.bz/images/goods/l/ai07/ai07_v12.jpg
2026-05-13,8,オフショルドロストテレコトップス,1499,https://www.grail.bz/item/tu16531112/?s=2,https://cdn.grail.bz/images/goods/l/tu1653/tu1653_v12.jpg
2026-05-13,9,シアーリブカーディガン,1799,https://www.grail.bz/item/ru11921119/?s=2,https://cdn.grail.bz/images/goods/l/ru1192/ru1192_v12.jpg
2026-05-13,10,ドット柄ドレープキャミソールワンピース,3299,https://www.grail.bz/item/dh14251119/,https://cdn.grail.bz/images/goods/l/dh1425/dh1425_v12.jpg
2026-05-14,1,ドレープカシュクールトップス,1799,https://www.grail.bz/item/dk14131119/?s=2,https://cdn.grail.bz/images/goods/l/dk1413/dk1413_v12.jpg
2026-05-14,2,シアーリブニットショート丈カーディガン,1999,https://www.grail.bz/item/sd0711119/?s=2,https://cdn.grail.bz/images/goods/l/sd071/sd071_v12.jpg
2026-05-14,3,セミフレアデニムパンツ,3799,https://www.grail.bz/item/cu5081111/?s=2,https://cdn.grail.bz/images/goods/l/cu508/cu508_v12.jpg
2026-05-14,4,接触冷感クロップド丈リブカーディガン,2099,https://www.grail.bz/item/dk14041119/?s=2,https://cdn.grail.bz/images/goods/l/dk1404/dk1404_v12.jpg
2026-05-14,5,ショート丈ドレープトップス,1799,https://www.grail.bz/item/dk14141119/?s=2,https://cdn.grail.bz/images/goods/l/dk1414/dk1414_v12.jpg
2026-05-14,6,サイドカットアウトリボンフレアデニムパンツ,3799,https://www.grail.bz/item/cu5781111/?s=2,https://cdn.grail.bz/images/goods/l/cu578/cu578_v12.jpg
2026-05-14,7,センタープレスストレートパンツ,2099,https://www.grail.bz/item/ai071111/?s=2,https://cdn.grail.bz/images/goods/l/ai07/ai07_v12.jpg
2026-05-14,8,ドット柄ドレープキャミソールワンピース,3299,https://www.grail.bz/item/dh14251119/?s=2,https://cdn.grail.bz/images/goods/l/dh1425/dh1425_v12.jpg
2026-05-14,9,オフショルドロストテレコトップス,1499,https://www.grail.bz/item/tu16531112/?s=2,https://cdn.grail.bz/images/goods/l/tu1653/tu1653_v12.jpg
2026-05-14,10,シアーリブカーディガン,1799,https://www.grail.bz/item/ru11921119/?s=2,https://cdn.grail.bz/images/goods/l/ru1192/ru1192_v12.jpg
2026-05-15,1,ドレープカシュクールトップス,1799,https://www.grail.bz/item/dk14131119/?s=2,https://cdn.grail.bz/images/goods/l/dk1413/dk1413_v12.jpg
2026-05-15,2,シアーリブニットショート丈カーディガン,1999,https://www.grail.bz/item/sd0711119/?s=2,https://cdn.grail.bz/images/goods/l/sd071/sd071_v12.jpg
2026-05-15,3,セミフレアデニムパンツ,3799,https://www.grail.bz/item/cu5081111/?s=2,https://cdn.grail.bz/images/goods/l/cu508/cu508_v12.jpg
2026-05-15,4,接触冷感クロップド丈リブカーディガン,2099,https://www.grail.bz/item/dk14041119/?s=2,https://cdn.grail.bz/images/goods/l/dk1404/dk1404_v12.jpg
2026-05-15,5,ドット柄ドレープキャミソールワンピース,3299,https://www.grail.bz/item/dh14251119/?s=2,https://cdn.grail.bz/images/goods/l/dh1425/dh1425_v12.jpg
2026-05-15,6,ショート丈ドレープトップス,1799,https://www.grail.bz/item/dk14141119/?s=2,https://cdn.grail.bz/images/goods/l/dk1414/dk1414_v12.jpg
2026-05-15,7,サイドカットアウトリボンフレアデニムパンツ,3799,https://www.grail.bz/item/cu5781111/?s=2,https://cdn.grail.bz/images/goods/l/cu578/cu578_v12.jpg
2026-05-15,8,ショート丈シアーニットカーディガン,1299,https://www.grail.bz/item/an13381119/?s=2,https://cdn.grail.bz/images/goods/l/an1338/an1338_v12.jpg
2026-05-15,9,センタープレスストレートパンツ,2099,https://www.grail.bz/item/ai071111/?s=2,https://cdn.grail.bz/images/goods/l/ai07/ai07_v12.jpg
2026-05-15,10,オフショルドロストテレコトップス,1499,https://www.grail.bz/item/tu16531112/?s=2,https://cdn.grail.bz/images/goods/l/tu1653/tu1653_v12.jpg
2026-05-15,1,ドレープカシュクールトップス,1899,https://www.grail.bz/item/dk14131119/?s=2,https://cdn.grail.bz/images/goods/l/dk1413/dk1413_v12.jpg
2026-05-15,2,シアーリブニットショート丈カーディガン,2199,https://www.grail.bz/item/sd0711119/?s=2,https://cdn.grail.bz/images/goods/l/sd071/sd071_v12.jpg
2026-05-15,3,セミフレアデニムパンツ,3799,https://www.grail.bz/item/cu5081111/?s=2,https://cdn.grail.bz/images/goods/l/cu508/cu508_v12.jpg
2026-05-15,4,接触冷感クロップド丈リブカーディガン,2099,https://www.grail.bz/item/dk14041119/?s=2,https://cdn.grail.bz/images/goods/l/dk1404/dk1404_v12.jpg
2026-05-15,5,ドット柄ドレープキャミソールワンピース,3499,https://www.grail.bz/item/dh14251119/?s=2,https://cdn.grail.bz/images/goods/l/dh1425/dh1425_v12.jpg
2026-05-15,6,ショート丈ドレープトップス,1799,https://www.grail.bz/item/dk14141119/?s=2,https://cdn.grail.bz/images/goods/l/dk1414/dk1414_v12.jpg
2026-05-15,7,ショート丈シアーニットカーディガン,1299,https://www.grail.bz/item/an13381119/?s=2,https://cdn.grail.bz/images/goods/l/an1338/an1338_v12.jpg
2026-05-15,8,サイドカットアウトリボンフレアデニムパンツ,3799,https://www.grail.bz/item/cu5781111/?s=2,https://cdn.grail.bz/images/goods/l/cu578/cu578_v12.jpg
2026-05-15,9,センタープレスストレートパンツ,2099,https://www.grail.bz/item/ai071111/?s=2,https://cdn.grail.bz/images/goods/l/ai07/ai07_v12.jpg
2026-05-15,10,オフショルドロストテレコトップス,1499,https://www.grail.bz/item/tu16531112/?s=2,https://cdn.grail.bz/images/goods/l/tu1653/tu1653_v12.jpg
2026-05-16,1,ドレープカシュクールトップス,1899,https://www.grail.bz/item/dk14131119/?s=2,https://cdn.grail.bz/images/goods/l/dk1413/dk1413_v12.jpg
2026-05-16,2,シアーリブニットショート丈カーディガン,2199,https://www.grail.bz/item/sd0711119/?s=2,https://cdn.grail.bz/images/goods/l/sd071/sd071_v12.jpg
2026-05-16,3,セミフレアデニムパンツ,3799,https://www.grail.bz/item/cu5081111/?s=2,https://cdn.grail.bz/images/goods/l/cu508/cu508_v12.jpg
2026-05-16,4,ドット柄ドレープキャミソールワンピース,3499,https://www.grail.bz/item/dh14251119/?s=2,https://cdn.grail.bz/images/goods/l/dh1425/dh1425_v12.jpg
2026-05-16,5,接触冷感クロップド丈リブカーディガン,2099,https://www.grail.bz/item/dk14041119/?s=2,https://cdn.grail.bz/images/goods/l/dk1404/dk1404_v12.jpg
2026-05-16,6,ショート丈シアーニットカーディガン,1299,https://www.grail.bz/item/an13381119/?s=2,https://cdn.grail.bz/images/goods/l/an1338/an1338_v12.jpg
2026-05-16,7,サイドカットアウトリボンフレアデニムパンツ,3799,https://www.grail.bz/item/cu5781111/?s=2,https://cdn.grail.bz/images/goods/l/cu578/cu578_v12.jpg
2026-05-16,8,ショート丈ドレープトップス,1799,https://www.grail.bz/item/dk14141119/?s=2,https://cdn.grail.bz/images/goods/l/dk1414/dk1414_v12.jpg
2026-05-16,9,センタープレスストレートパンツ,2099,https://www.grail.bz/item/ai071111/?s=2,https://cdn.grail.bz/images/goods/l/ai07/ai07_v12.jpg
2026-05-16,10,ハイネックフレンチスリーブリブニットトップス,1299,https://www.grail.bz/item/rut6891112/?s=2,https://cdn.grail.bz/images/goods/l/rut689/rut689_v12.jpg
2026-05-17,1,ドレープカシュクールトップス,1899,https://www.grail.bz/item/dk14131119/?s=2,https://cdn.grail.bz/images/goods/l/dk1413/dk1413_v12.jpg
2026-05-17,2,セミフレアデニムパンツ,3799,https://www.grail.bz/item/cu5081111/?s=2,https://cdn.grail.bz/images/goods/l/cu508/cu508_v12.jpg
2026-05-17,3,ショート丈シアーニットカーディガン,1299,https://www.grail.bz/item/an13381119/?s=2,https://cdn.grail.bz/images/goods/l/an1338/an1338_v12.jpg
2026-05-17,4,シアーリブニットショート丈カーディガン,2199,https://www.grail.bz/item/sd0711119/?s=2,https://cdn.grail.bz/images/goods/l/sd071/sd071_v12.jpg
2026-05-17,5,接触冷感クロップド丈リブカーディガン,2099,https://www.grail.bz/item/dk14041119/?s=2,https://cdn.grail.bz/images/goods/l/dk1404/dk1404_v12.jpg
2026-05-17,6,ドット柄ドレープキャミソールワンピース,3499,https://www.grail.bz/item/dh14251119/?s=2,https://cdn.grail.bz/images/goods/l/dh1425/dh1425_v12.jpg
2026-05-17,7,センタープレスストレートパンツ,2099,https://www.grail.bz/item/ai071111/?s=2,https://cdn.grail.bz/images/goods/l/ai07/ai07_v12.jpg
2026-05-17,8,ショート丈ドレープトップス,1799,https://www.grail.bz/item/dk14141119/?s=2,https://cdn.grail.bz/images/goods/l/dk1414/dk1414_v12.jpg
2026-05-17,9,ショルダーリボンティアードワンピース,999,https://www.grail.bz/item/pp148a1119/?s=2,https://cdn.grail.bz/images/goods/l/pp148a/pp148a_v12.jpg
2026-05-17,10,サイドカットアウトリボンフレアデニムパンツ,3799,https://www.grail.bz/item/cu5781111/?s=2,https://cdn.grail.bz/images/goods/l/cu578/cu578_v12.jpg
2026-05-18,1,ドレープカシュクールトップス,1899,https://www.grail.bz/item/dk14131119/?s=2,https://cdn.grail.bz/images/goods/l/dk1413/dk1413_v12.jpg
2026-05-18,2,ショート丈シアーニットカーディガン,1299,https://www.grail.bz/item/an13381119/?s=2,https://cdn.grail.bz/images/goods/l/an1338/an1338_v12.jpg
2026-05-18,3,セミフレアデニムパンツ,3799,https://www.grail.bz/item/cu5081111/?s=2,https://cdn.grail.bz/images/goods/l/cu508/cu508_v12.jpg
2026-05-18,4,ショルダーリボンティアードワンピース,1099,https://www.grail.bz/item/pp148a1119/?s=2,https://cdn.grail.bz/images/goods/l/pp148a/pp148a_v12.jpg
2026-05-18,5,接触冷感クロップド丈リブカーディガン,2099,https://www.grail.bz/item/dk14041119/?s=2,https://cdn.grail.bz/images/goods/l/dk1404/dk1404_v12.jpg
2026-05-18,6,シアーストライプカーディガン,2199,https://www.grail.bz/item/an10451119/?s=2,https://cdn.grail.bz/images/goods/l/an1045/an1045_v12.jpg
2026-05-18,7,ドット柄ドレープキャミソールワンピース,3499,https://www.grail.bz/item/dh14251119/?s=2,https://cdn.grail.bz/images/goods/l/dh1425/dh1425_v12.jpg
2026-05-18,8,センタープレスストレートパンツ,2099,https://www.grail.bz/item/ai071111/?s=2,https://cdn.grail.bz/images/goods/l/ai07/ai07_v12.jpg
2026-05-18,9,ショート丈ドレープトップス,1799,https://www.grail.bz/item/dk14141119/?s=2,https://cdn.grail.bz/images/goods/l/dk1414/dk1414_v12.jpg
2026-05-18,10,UVカットサムホール付きショート丈パーカー,2599,https://www.grail.bz/item/tu21201119/?s=2,https://cdn.grail.bz/images/goods/l/tu2120/tu2120_v12.jpg
2026-05-19,1,ドレープカシュクールトップス,1899,https://www.grail.bz/item/dk14131119/?s=2,https://cdn.grail.bz/images/goods/l/dk1413/dk1413_v12.jpg
2026-05-19,2,ショート丈シアーニットカーディガン,1299,https://www.grail.bz/item/an13381119/?s=2,https://cdn.grail.bz/images/goods/l/an1338/an1338_v12.jpg
2026-05-19,3,セミフレアデニムパンツ,3799,https://www.grail.bz/item/cu5081111/?s=2,https://cdn.grail.bz/images/goods/l/cu508/cu508_v12.jpg
2026-05-19,4,接触冷感クロップド丈リブカーディガン,2099,https://www.grail.bz/item/dk14041119/?s=2,https://cdn.grail.bz/images/goods/l/dk1404/dk1404_v12.jpg
2026-05-19,5,ショルダーリボンティアードワンピース,1099,https://www.grail.bz/item/pp148a1119/?s=2,https://cdn.grail.bz/images/goods/l/pp148a/pp148a_v12.jpg
2026-05-19,6,シアーストライプカーディガン,2199,https://www.grail.bz/item/an10451119/?s=2,https://cdn.grail.bz/images/goods/l/an1045/an1045_v12.jpg
2026-05-19,7,ドット柄ドレープキャミソールワンピース,3499,https://www.grail.bz/item/dh14251119/?s=2,https://cdn.grail.bz/images/goods/l/dh1425/dh1425_v12.jpg
2026-05-19,8,シアーリブカーディガン,1999,https://www.grail.bz/item/ru11921119/?s=2,https://cdn.grail.bz/images/goods/l/ru1192/ru1192_v12.jpg
2026-05-19,9,センタープレスストレートパンツ,2099,https://www.grail.bz/item/ai071111/?s=2,https://cdn.grail.bz/images/goods/l/ai07/ai07_v12.jpg
2026-05-19,10,ショート丈ドレープトップス,1799,https://www.grail.bz/item/dk14141119/?s=2,https://cdn.grail.bz/images/goods/l/dk1414/dk1414_v12.jpg
2026-05-19,1,ドレープカシュクールトップス,1899,https://www.grail.bz/item/dk14131119/?s=2,https://cdn.grail.bz/images/goods/l/dk1413/dk1413_v12.jpg
2026-05-19,2,ショート丈シアーニットカーディガン,1999,https://www.grail.bz/item/an13381119/?s=2,https://cdn.grail.bz/images/goods/l/an1338/an1338_v12.jpg
2026-05-19,3,セミフレアデニムパンツ,3799,https://www.grail.bz/item/cu5081111/?s=2,https://cdn.grail.bz/images/goods/l/cu508/cu508_v12.jpg
2026-05-19,4,接触冷感クロップド丈リブカーディガン,2099,https://www.grail.bz/item/dk14041119/?s=2,https://cdn.grail.bz/images/goods/l/dk1404/dk1404_v12.jpg
2026-05-19,5,ドット柄ドレープキャミソールワンピース,3599,https://www.grail.bz/item/dh14251119/?s=2,https://cdn.grail.bz/images/goods/l/dh1425/dh1425_v12.jpg
2026-05-19,6,シアーストライプカーディガン,2199,https://www.grail.bz/item/an10451119/?s=2,https://cdn.grail.bz/images/goods/l/an1045/an1045_v12.jpg
2026-05-19,7,ショルダーリボンティアードワンピース,1299,https://www.grail.bz/item/pp148a1119/?s=2,https://cdn.grail.bz/images/goods/l/pp148a/pp148a_v12.jpg
2026-05-19,8,UVカットサムホール付きショート丈パーカー,2599,https://www.grail.bz/item/tu21201119/?s=2,https://cdn.grail.bz/images/goods/l/tu2120/tu2120_v12.jpg
2026-05-19,9,シアーリブカーディガン,2099,https://www.grail.bz/item/ru11921119/?s=2,https://cdn.grail.bz/images/goods/l/ru1192/ru1192_v12.jpg
2026-05-19,10,センタープレスストレートパンツ,2099,https://www.grail.bz/item/ai071111/?s=2,https://cdn.grail.bz/images/goods/l/ai07/ai07_v12.jpg
2026-05-20,1,ドレープカシュクールトップス,1999,https://www.grail.bz/item/dk14131119/?s=2,https://cdn.grail.bz/images/goods/l/dk1413/dk1413_v12.jpg,トップス,GRL
2026-05-20,2,ショート丈シアーニットカーディガン,1999,https://www.grail.bz/item/an13381119/?s=2,https://cdn.grail.bz/images/goods/l/an1338/an1338_v12.jpg,トップス,GRL
2026-05-20,3,セミフレアデニムパンツ,3799,https://www.grail.bz/item/cu5081111/?s=2,https://cdn.grail.bz/images/goods/l/cu508/cu508_v12.jpg,ボトムス,GRL
2026-05-20,4,接触冷感クロップド丈リブカーディガン,2099,https://www.grail.bz/item/dk14041119/?s=2,https://cdn.grail.bz/images/goods/l/dk1404/dk1404_v12.jpg,トップス,GRL
2026-05-20,5,ドット柄ドレープキャミソールワンピース,3599,https://www.grail.bz/item/dh14251119/?s=2,https://cdn.grail.bz/images/goods/l/dh1425/dh1425_v12.jpg,ワンピース,GRL
2026-05-20,6,シアーリブカーディガン,2099,https://www.grail.bz/item/ru11921119/?s=2,https://cdn.grail.bz/images/goods/l/ru1192/ru1192_v12.jpg,トップス,GRL
2026-05-20,7,シアーストライプカーディガン,2199,https://www.grail.bz/item/an10451119/?s=2,https://cdn.grail.bz/images/goods/l/an1045/an1045_v12.jpg,トップス,GRL
2026-05-20,8,ビジューバックル厚底サンダル,3299,https://www.grail.bz/item/ci5261134/,https://cdn.grail.bz/images/goods/l/ci526/ci526_v12.jpg,シューズ,GRL
2026-05-20,9,サイドカットアウトリボンフレアデニムパンツ,3799,https://www.grail.bz/item/cu5781111/?s=2,https://cdn.grail.bz/images/goods/l/cu578/cu578_v12.jpg,ボトムス,GRL
2026-05-20,10,センタープレスストレートパンツ,2099,https://www.grail.bz/item/ai071111/?s=2,https://cdn.grail.bz/images/goods/l/ai07/ai07_v12.jpg,ボトムス,GRL
2026-05-21,1,ドレープカシュクールトップス,1999,https://www.grail.bz/item/dk14131119/?s=2,https://cdn.grail.bz/images/goods/l/dk1413/dk1413_v12.jpg,トップス,GRL
2026-05-21,2,セミフレアデニムパンツ,3799,https://www.grail.bz/item/cu5081111/?s=2,https://cdn.grail.bz/images/goods/l/cu508/cu508_v12.jpg,ボトムス,GRL
2026-05-21,3,シアーストライプカーディガン,2199,https://www.grail.bz/item/an10451119/?s=2,https://cdn.grail.bz/images/goods/l/an1045/an1045_v12.jpg,トップス,GRL
2026-05-21,4,接触冷感クロップド丈リブカーディガン,2099,https://www.grail.bz/item/dk14041119/?s=2,https://cdn.grail.bz/images/goods/l/dk1404/dk1404_v12.jpg,トップス,GRL
2026-05-21,5,ドット柄ドレープキャミソールワンピース,3599,https://www.grail.bz/item/dh14251119/?s=2,https://cdn.grail.bz/images/goods/l/dh1425/dh1425_v12.jpg,ワンピース,GRL
2026-05-21,6,シアーリブカーディガン,2199,https://www.grail.bz/item/ru11921119/?s=2,https://cdn.grail.bz/images/goods/l/ru1192/ru1192_v12.jpg,トップス,GRL
2026-05-21,7,ショート丈シアーニットカーディガン,1999,https://www.grail.bz/item/an13381119/?s=2,https://cdn.grail.bz/images/goods/l/an1338/an1338_v12.jpg,トップス,GRL
2026-05-21,8,サイドカットアウトリボンフレアデニムパンツ,3799,https://www.grail.bz/item/cu5781111/?s=2,https://cdn.grail.bz/images/goods/l/cu578/cu578_v12.jpg,ボトムス,GRL
2026-05-21,9,ビジューバックル厚底サンダル,3299,https://www.grail.bz/item/ci5261134/,https://cdn.grail.bz/images/goods/l/ci526/ci526_v12.jpg,シューズ,GRL
2026-05-21,10,ショート丈ドレープトップス,1799,https://www.grail.bz/item/dk14141119/?s=2,https://cdn.grail.bz/images/goods/l/dk1414/dk1414_v12.jpg,トップス,GRL
2026-05-22,1,ドレープカシュクールトップス,1999,https://www.grail.bz/item/dk14131119/?s=2,https://cdn.grail.bz/images/goods/l/dk1413/dk1413_v12.jpg,トップス,GRL
2026-05-22,2,セミフレアデニムパンツ,3799,https://www.grail.bz/item/cu5081111/?s=2,https://cdn.grail.bz/images/goods/l/cu508/cu508_v12.jpg,ボトムス,GRL
2026-05-22,3,シアーストライプカーディガン,2199,https://www.grail.bz/item/an10451119/?s=2,https://cdn.grail.bz/images/goods/l/an1045/an1045_v12.jpg,トップス,GRL
2026-05-22,4,ドット柄ドレープキャミソールワンピース,3599,https://www.grail.bz/item/dh14251119/?s=2,https://cdn.grail.bz/images/goods/l/dh1425/dh1425_v12.jpg,ワンピース,GRL
2026-05-22,5,接触冷感クロップド丈リブカーディガン,2099,https://www.grail.bz/item/dk14041119/?s=2,https://cdn.grail.bz/images/goods/l/dk1404/dk1404_v12.jpg,トップス,GRL
2026-05-22,6,サイドカットアウトリボンフレアデニムパンツ,3799,https://www.grail.bz/item/cu5781111/?s=2,https://cdn.grail.bz/images/goods/l/cu578/cu578_v12.jpg,ボトムス,GRL
2026-05-22,7,ドレープカシュクールトップス,1799,https://www.grail.bz/item/ru15241119/?s=2,https://cdn.grail.bz/images/goods/l/ru1524/ru1524_v12.jpg,トップス,GRL
2026-05-22,8,シアーリブカーディガン,2199,https://www.grail.bz/item/ru11921119/?s=2,https://cdn.grail.bz/images/goods/l/ru1192/ru1192_v12.jpg,トップス,GRL
2026-05-22,9,ショート丈ドレープトップス,1799,https://www.grail.bz/item/dk14141119/?s=2,https://cdn.grail.bz/images/goods/l/dk1414/dk1414_v12.jpg,トップス,GRL
2026-05-22,10,カップ付きベアトップ,799,https://www.grail.bz/item/ru15171112/?s=2,https://cdn.grail.bz/images/goods/l/ru1517/ru1517_v12.jpg,その他,GRL
2026-05-23,1,ドレープカシュクールトップス,1999,https://www.grail.bz/item/dk14131119/?s=2,https://cdn.grail.bz/images/goods/l/dk1413/dk1413_v12.jpg,トップス,GRL
2026-05-23,2,セミフレアデニムパンツ,3799,https://www.grail.bz/item/cu5081111/?s=2,https://cdn.grail.bz/images/goods/l/cu508/cu508_v12.jpg,ボトムス,GRL
2026-05-23,3,接触冷感クロップド丈リブカーディガン,2099,https://www.grail.bz/item/dk14041119/?s=2,https://cdn.grail.bz/images/goods/l/dk1404/dk1404_v12.jpg,トップス,GRL
2026-05-23,4,ドット柄ドレープキャミソールワンピース,3599,https://www.grail.bz/item/dh14251119/?s=2,https://cdn.grail.bz/images/goods/l/dh1425/dh1425_v12.jpg,ワンピース,GRL
2026-05-23,5,シアーストライプカーディガン,2199,https://www.grail.bz/item/an10451119/?s=2,https://cdn.grail.bz/images/goods/l/an1045/an1045_v12.jpg,トップス,GRL
2026-05-23,6,サイドカットアウトリボンフレアデニムパンツ,3799,https://www.grail.bz/item/cu5781111/?s=2,https://cdn.grail.bz/images/goods/l/cu578/cu578_v12.jpg,ボトムス,GRL
2026-05-23,7,カップ付きベアトップ,999,https://www.grail.bz/item/ru15171112/?s=2,https://cdn.grail.bz/images/goods/l/ru1517/ru1517_v12.jpg,その他,GRL
2026-05-23,8,ショート丈ドレープトップス,1799,https://www.grail.bz/item/dk14141119/?s=2,https://cdn.grail.bz/images/goods/l/dk1414/dk1414_v12.jpg,トップス,GRL
2026-05-23,9,バルーンキャミミニワンピース,2599,https://www.grail.bz/item/ks0511112/?s=2,https://cdn.grail.bz/images/goods/l/ks051/ks051_v12.jpg,ワンピース,GRL
2026-05-23,10,シアーリブカーディガン,2199,https://www.grail.bz/item/ru11921119/?s=2,https://cdn.grail.bz/images/goods/l/ru1192/ru1192_v12.jpg,トップス,GRL
2026-05-24,1,ドレープカシュクールトップス,1999,https://www.grail.bz/item/dk14131119/?s=2,https://cdn.grail.bz/images/goods/l/dk1413/dk1413_v12.jpg,トップス,GRL
2026-05-24,2,セミフレアデニムパンツ,3799,https://www.grail.bz/item/cu5081111/?s=2,https://cdn.grail.bz/images/goods/l/cu508/cu508_v12.jpg,ボトムス,GRL
2026-05-24,3,接触冷感クロップド丈リブカーディガン,2099,https://www.grail.bz/item/dk14041119/?s=2,https://cdn.grail.bz/images/goods/l/dk1404/dk1404_v12.jpg,トップス,GRL
2026-05-24,4,サイドカットアウトリボンフレアデニムパンツ,3799,https://www.grail.bz/item/cu5781111/?s=2,https://cdn.grail.bz/images/goods/l/cu578/cu578_v12.jpg,ボトムス,GRL
2026-05-24,5,ドット柄ドレープキャミソールワンピース,3599,https://www.grail.bz/item/dh14251119/?s=2,https://cdn.grail.bz/images/goods/l/dh1425/dh1425_v12.jpg,ワンピース,GRL
2026-05-24,6,ショート丈ドレープトップス,1799,https://www.grail.bz/item/dk14141119/?s=2,https://cdn.grail.bz/images/goods/l/dk1414/dk1414_v12.jpg,トップス,GRL
2026-05-24,7,カップ付きベアトップ,999,https://www.grail.bz/item/ru15171112/?s=2,https://cdn.grail.bz/images/goods/l/ru1517/ru1517_v12.jpg,その他,GRL
2026-05-24,8,シアーストライプカーディガン,2199,https://www.grail.bz/item/an10451119/?s=2,https://cdn.grail.bz/images/goods/l/an1045/an1045_v12.jpg,トップス,GRL
2026-05-24,9,ドレープカシュクールトップス,1799,https://www.grail.bz/item/ru15241119/?s=2,https://cdn.grail.bz/images/goods/l/ru1524/ru1524_v12.jpg,トップス,GRL
2026-05-24,10,センタープレスストレートパンツ,2099,https://www.grail.bz/item/ai071111/?s=2,https://cdn.grail.bz/images/goods/l/ai07/ai07_v12.jpg,ボトムス,GRL
2026-05-25,1,ドレープカシュクールトップス,1999,https://www.grail.bz/item/dk14131119/?s=2,https://cdn.grail.bz/images/goods/l/dk1413/dk1413_v12.jpg,トップス,GRL
2026-05-25,2,セミフレアデニムパンツ,3899,https://www.grail.bz/item/cu5081111/?s=2,https://cdn.grail.bz/images/goods/l/cu508/cu508_v12.jpg,ボトムス,GRL
2026-05-25,3,接触冷感クロップド丈リブカーディガン,2099,https://www.grail.bz/item/dk14041119/?s=2,https://cdn.grail.bz/images/goods/l/dk1404/dk1404_v12.jpg,トップス,GRL
2026-05-25,4,サイドカットアウトリボンフレアデニムパンツ,3899,https://www.grail.bz/item/cu5781111/?s=2,https://cdn.grail.bz/images/goods/l/cu578/cu578_v12.jpg,ボトムス,GRL
2026-05-25,5,センタープレスストレートパンツ,2099,https://www.grail.bz/item/ai071111/?s=2,https://cdn.grail.bz/images/goods/l/ai07/ai07_v12.jpg,ボトムス,GRL
2026-05-25,6,ショート丈ドレープトップス,1799,https://www.grail.bz/item/dk14141119/?s=2,https://cdn.grail.bz/images/goods/l/dk1414/dk1414_v12.jpg,トップス,GRL
2026-05-25,7,ドレープカシュクールトップス,1899,https://www.grail.bz/item/ru15241119/?s=2,https://cdn.grail.bz/images/goods/l/ru1524/ru1524_v12.jpg,トップス,GRL
2026-05-25,8,ドット柄ドレープキャミソールワンピース,3799,https://www.grail.bz/item/dh14251119/?s=2,https://cdn.grail.bz/images/goods/l/dh1425/dh1425_v12.jpg,ワンピース,GRL
2026-05-25,9,シアーストライプカーディガン,2299,https://www.grail.bz/item/an10451119/?s=2,https://cdn.grail.bz/images/goods/l/an1045/an1045_v12.jpg,トップス,GRL
2026-05-25,10,ロゴ刺繍Tシャツ,999,https://www.grail.bz/item/ze8691119/,https://cdn.grail.bz/images/goods/l/ze869/ze869_v12.jpg,トップス,GRL
2026-05-26,1,ドレープカシュクールトップス,1999,https://www.grail.bz/item/dk14131119/?s=2,https://cdn.grail.bz/images/goods/l/dk1413/dk1413_v12.jpg,トップス,GRL
2026-05-26,2,セミフレアデニムパンツ,3899,https://www.grail.bz/item/cu5081111/?s=2,https://cdn.grail.bz/images/goods/l/cu508/cu508_v12.jpg,ボトムス,GRL
2026-05-26,3,接触冷感クロップド丈リブカーディガン,2099,https://www.grail.bz/item/dk14041119/?s=2,https://cdn.grail.bz/images/goods/l/dk1404/dk1404_v12.jpg,トップス,GRL
2026-05-26,4,サイドカットアウトリボンフレアデニムパンツ,3899,https://www.grail.bz/item/cu5781111/?s=2,https://cdn.grail.bz/images/goods/l/cu578/cu578_v12.jpg,ボトムス,GRL
2026-05-26,5,ショート丈ドレープトップス,1799,https://www.grail.bz/item/dk14141119/?s=2,https://cdn.grail.bz/images/goods/l/dk1414/dk1414_v12.jpg,トップス,GRL
2026-05-26,6,ドット柄ドレープキャミソールワンピース,3799,https://www.grail.bz/item/dh14251119/?s=2,https://cdn.grail.bz/images/goods/l/dh1425/dh1425_v12.jpg,ワンピース,GRL
2026-05-26,7,センタープレスストレートパンツ,2099,https://www.grail.bz/item/ai071111/?s=2,https://cdn.grail.bz/images/goods/l/ai07/ai07_v12.jpg,ボトムス,GRL
2026-05-26,8,ドレープカシュクールトップス,1899,https://www.grail.bz/item/ru15241119/?s=2,https://cdn.grail.bz/images/goods/l/ru1524/ru1524_v12.jpg,トップス,GRL
2026-05-26,9,カップ付きベアトップ,1099,https://www.grail.bz/item/ru15171112/?s=2,https://cdn.grail.bz/images/goods/l/ru1517/ru1517_v12.jpg,その他,GRL
2026-05-26,10,リブクロップド丈シアーカーディガン,1499,https://www.grail.bz/item/ru12321119/?s=2,https://cdn.grail.bz/images/goods/l/ru1232/ru1232_v12.jpg,トップス,GRL
2026-05-27,1,ドレープカシュクールトップス,1999,https://www.grail.bz/item/dk14131119/?s=2,https://cdn.grail.bz/images/goods/l/dk1413/dk1413_v12.jpg,トップス,GRL
2026-05-27,2,サイドカットアウトリボンフレアデニムパンツ,3899,https://www.grail.bz/item/cu5781111/?s=2,https://cdn.grail.bz/images/goods/l/cu578/cu578_v12.jpg,ボトムス,GRL
2026-05-27,3,セミフレアデニムパンツ,3899,https://www.grail.bz/item/cu5081111/?s=2,https://cdn.grail.bz/images/goods/l/cu508/cu508_v12.jpg,ボトムス,GRL
2026-05-27,4,接触冷感クロップド丈リブカーディガン,2099,https://www.grail.bz/item/dk14041119/?s=2,https://cdn.grail.bz/images/goods/l/dk1404/dk1404_v12.jpg,トップス,GRL
2026-05-27,5,ドット柄ドレープキャミソールワンピース,3799,https://www.grail.bz/item/dh14251119/?s=2,https://cdn.grail.bz/images/goods/l/dh1425/dh1425_v12.jpg,ワンピース,GRL
2026-05-27,6,ショート丈ドレープトップス,1799,https://www.grail.bz/item/dk14141119/?s=2,https://cdn.grail.bz/images/goods/l/dk1414/dk1414_v12.jpg,トップス,GRL
2026-05-27,7,センタープレスストレートパンツ,2099,https://www.grail.bz/item/ai071111/?s=2,https://cdn.grail.bz/images/goods/l/ai07/ai07_v12.jpg,ボトムス,GRL
2026-05-27,8,カップ付きベアトップ,1099,https://www.grail.bz/item/ru15171112/?s=2,https://cdn.grail.bz/images/goods/l/ru1517/ru1517_v12.jpg,その他,GRL
2026-05-27,9,ドレープカシュクールトップス,1899,https://www.grail.bz/item/ru15241119/?s=2,https://cdn.grail.bz/images/goods/l/ru1524/ru1524_v12.jpg,トップス,GRL
2026-05-27,10,森香澄 接触冷感リブカーディガン,1399,https://www.grail.bz/item/ru15231119/?s=2,https://cdn.grail.bz/images/goods/l/ru1523/ru1523_v12.jpg,トップス,GRL
2026-05-28,1,ドレープカシュクールトップス,1999,https://www.grail.bz/item/dk14131119/?s=2,https://cdn.grail.bz/images/goods/l/dk1413/dk1413_v12.jpg,トップス,GRL
2026-05-28,2,森香澄 接触冷感リブカーディガン,1399,https://www.grail.bz/item/ru15231119/?s=2,https://cdn.grail.bz/images/goods/l/ru1523/ru1523_v12.jpg,トップス,GRL
2026-05-28,3,前後2Wayリブニットトップス,500,https://www.grail.bz/item/ai1511119/?s=2,https://cdn.grail.bz/images/goods/l/ai151/ai151_v12.jpg,トップス,GRL
2026-05-28,4,セミフレアデニムパンツ,3899,https://www.grail.bz/item/cu5081111/?s=2,https://cdn.grail.bz/images/goods/l/cu508/cu508_v12.jpg,ボトムス,GRL
2026-05-28,5,サイドカットアウトリボンフレアデニムパンツ,3899,https://www.grail.bz/item/cu5781111/?s=2,https://cdn.grail.bz/images/goods/l/cu578/cu578_v12.jpg,ボトムス,GRL
2026-05-28,6,接触冷感クロップド丈リブカーディガン,2099,https://www.grail.bz/item/dk14041119/?s=2,https://cdn.grail.bz/images/goods/l/dk1404/dk1404_v12.jpg,トップス,GRL
2026-05-28,7,ショート丈ドレープトップス,1799,https://www.grail.bz/item/dk14141119/?s=2,https://cdn.grail.bz/images/goods/l/dk1414/dk1414_v12.jpg,トップス,GRL
2026-05-28,8,ドット柄ドレープキャミソールワンピース,3799,https://www.grail.bz/item/dh14251119/?s=2,https://cdn.grail.bz/images/goods/l/dh1425/dh1425_v12.jpg,ワンピース,GRL
2026-05-28,9,センタープレスストレートパンツ,2099,https://www.grail.bz/item/ai071111/?s=2,https://cdn.grail.bz/images/goods/l/ai07/ai07_v12.jpg,ボトムス,GRL
2026-05-28,10,ドレープカシュクールトップス,1899,https://www.grail.bz/item/ru15241119/?s=2,https://cdn.grail.bz/images/goods/l/ru1524/ru1524_v12.jpg,トップス,GRL
2026-05-29,1,接触冷感リブカーディガン,1999,https://www.grail.bz/item/ru15231119/?s=2,https://cdn.grail.bz/images/goods/l/ru1523/ru1523_v12.jpg,トップス,GRL
2026-05-29,2,ドレープカシュクールトップス,1999,https://www.grail.bz/item/dk14131119/?s=2,https://cdn.grail.bz/images/goods/l/dk1413/dk1413_v12.jpg,トップス,GRL
2026-05-29,3,前後2Wayリブニットトップス,799,https://www.grail.bz/item/ai1511119/?s=2,https://cdn.grail.bz/images/goods/l/ai151/ai151_v12.jpg,トップス,GRL
2026-05-29,4,セミフレアデニムパンツ,3899,https://www.grail.bz/item/cu5081111/?s=2,https://cdn.grail.bz/images/goods/l/cu508/cu508_v12.jpg,ボトムス,GRL
2026-05-29,5,サイドカットアウトリボンフレアデニムパンツ,3899,https://www.grail.bz/item/cu5781111/?s=2,https://cdn.grail.bz/images/goods/l/cu578/cu578_v12.jpg,ボトムス,GRL
2026-05-29,6,ショート丈ドレープトップス,1799,https://www.grail.bz/item/dk14141119/?s=2,https://cdn.grail.bz/images/goods/l/dk1414/dk1414_v12.jpg,トップス,GRL
2026-05-29,7,ドット柄ドレープキャミソールワンピース,3799,https://www.grail.bz/item/dh14251119/?s=2,https://cdn.grail.bz/images/goods/l/dh1425/dh1425_v12.jpg,ワンピース,GRL
2026-05-29,8,接触冷感クロップド丈リブカーディガン,2099,https://www.grail.bz/item/dk14041119/?s=2,https://cdn.grail.bz/images/goods/l/dk1404/dk1404_v12.jpg,トップス,GRL
2026-05-29,9,センタープレスストレートパンツ,2099,https://www.grail.bz/item/ai071111/?s=2,https://cdn.grail.bz/images/goods/l/ai07/ai07_v12.jpg,ボトムス,GRL
2026-05-29,10,ドレープカシュクールトップス,1899,https://www.grail.bz/item/ru15241119/?s=2,https://cdn.grail.bz/images/goods/l/ru1524/ru1524_v12.jpg,トップス,GRL
2026-05-30,1,接触冷感リブカーディガン,1999,https://www.grail.bz/item/ru15231119/?s=2,https://cdn.grail.bz/images/goods/l/ru1523/ru1523_v12.jpg,トップス,GRL
2026-05-30,2,ドレープカシュクールトップス,1999,https://www.grail.bz/item/dk14131119/?s=2,https://cdn.grail.bz/images/goods/l/dk1413/dk1413_v12.jpg,トップス,GRL
2026-05-30,3,前後2Wayリブニットトップス,799,https://www.grail.bz/item/ai1511119/?s=2,https://cdn.grail.bz/images/goods/l/ai151/ai151_v12.jpg,トップス,GRL
2026-05-30,4,セミフレアデニムパンツ,3899,https://www.grail.bz/item/cu5081111/?s=2,https://cdn.grail.bz/images/goods/l/cu508/cu508_v12.jpg,ボトムス,GRL
2026-05-30,5,サイドカットアウトリボンフレアデニムパンツ,3899,https://www.grail.bz/item/cu5781111/?s=2,https://cdn.grail.bz/images/goods/l/cu578/cu578_v12.jpg,ボトムス,GRL
2026-05-30,6,ドット柄ドレープキャミソールワンピース,3799,https://www.grail.bz/item/dh14251119/?s=2,https://cdn.grail.bz/images/goods/l/dh1425/dh1425_v12.jpg,ワンピース,GRL
2026-05-30,7,ショート丈ドレープトップス,1799,https://www.grail.bz/item/dk14141119/?s=2,https://cdn.grail.bz/images/goods/l/dk1414/dk1414_v12.jpg,トップス,GRL
2026-05-30,8,接触冷感クロップド丈リブカーディガン,2099,https://www.grail.bz/item/dk14041119/?s=2,https://cdn.grail.bz/images/goods/l/dk1404/dk1404_v12.jpg,トップス,GRL
2026-05-30,9,ドレープカシュクールトップス,1999,https://www.grail.bz/item/ru15241119/?s=2,https://cdn.grail.bz/images/goods/l/ru1524/ru1524_v12.jpg,トップス,GRL
2026-05-30,10,センタープレスストレートパンツ,2099,https://www.grail.bz/item/ai071111/?s=2,https://cdn.grail.bz/images/goods/l/ai07/ai07_v12.jpg,ボトムス,GRL
2026-05-31,1,接触冷感リブカーディガン,1999,https://www.grail.bz/item/ru15231119/?s=2,https://cdn.grail.bz/images/goods/l/ru1523/ru1523_v12.jpg,トップス,GRL
2026-05-31,2,ドレープカシュクールトップス,1999,https://www.grail.bz/item/dk14131119/?s=2,https://cdn.grail.bz/images/goods/l/dk1413/dk1413_v12.jpg,トップス,GRL
2026-05-31,3,セミフレアデニムパンツ,3899,https://www.grail.bz/item/cu5081111/?s=2,https://cdn.grail.bz/images/goods/l/cu508/cu508_v12.jpg,ボトムス,GRL
2026-05-31,4,オフショルドロストテレコトップス,999,https://www.grail.bz/item/tu16531112/?s=2,https://cdn.grail.bz/images/goods/l/tu1653/tu1653_v12.jpg,トップス,GRL
2026-05-31,5,ショート丈ドレープトップス,1799,https://www.grail.bz/item/dk14141119/?s=2,https://cdn.grail.bz/images/goods/l/dk1414/dk1414_v12.jpg,トップス,GRL
2026-05-31,6,サイドカットアウトリボンフレアデニムパンツ,3899,https://www.grail.bz/item/cu5781111/?s=2,https://cdn.grail.bz/images/goods/l/cu578/cu578_v12.jpg,ボトムス,GRL
2026-05-31,7,前後2Wayリブニットトップス,799,https://www.grail.bz/item/ai1511119/?s=2,https://cdn.grail.bz/images/goods/l/ai151/ai151_v12.jpg,トップス,GRL
2026-05-31,8,ドレープカシュクールトップス,1999,https://www.grail.bz/item/ru15241119/?s=2,https://cdn.grail.bz/images/goods/l/ru1524/ru1524_v12.jpg,トップス,GRL
2026-05-31,9,ドット柄ドレープキャミソールワンピース,3799,https://www.grail.bz/item/dh14251119/?s=2,https://cdn.grail.bz/images/goods/l/dh1425/dh1425_v12.jpg,ワンピース,GRL
2026-05-31,10,シアーニットカーディガン,1399,https://www.grail.bz/item/sm1111119/?s=2,https://cdn.grail.bz/images/goods/l/sm111/sm111_v12.jpg,トップス,GRL
2026-06-01,1,接触冷感リブカーディガン,1999,https://www.grail.bz/item/ru15231119/?s=2,https://cdn.grail.bz/images/goods/l/ru1523/ru1523_v12.jpg,トップス,GRL
2026-06-01,2,ドレープカシュクールトップス,1999,https://www.grail.bz/item/dk14131119/?s=2,https://cdn.grail.bz/images/goods/l/dk1413/dk1413_v12.jpg,トップス,GRL
2026-06-01,3,セミフレアデニムパンツ,3899,https://www.grail.bz/item/cu5081111/?s=2,https://cdn.grail.bz/images/goods/l/cu508/cu508_v12.jpg,ボトムス,GRL
2026-06-01,4,オフショルドロストテレコトップス,999,https://www.grail.bz/item/tu16531112/?s=2,https://cdn.grail.bz/images/goods/l/tu1653/tu1653_v12.jpg,トップス,GRL
2026-06-01,5,シアーリブカーディガン,1899,https://www.grail.bz/item/ru11921119/?s=2,https://cdn.grail.bz/images/goods/l/ru1192/ru1192_v12.jpg,トップス,GRL
2026-06-01,6,ショート丈ドレープトップス,1799,https://www.grail.bz/item/dk14141119/?s=2,https://cdn.grail.bz/images/goods/l/dk1414/dk1414_v12.jpg,トップス,GRL
2026-06-01,7,シアーニットカーディガン,1399,https://www.grail.bz/item/sm1111119/?s=2,https://cdn.grail.bz/images/goods/l/sm111/sm111_v12.jpg,トップス,GRL
2026-06-01,8,ドレープカシュクールトップス,1999,https://www.grail.bz/item/ru15241119/?s=2,https://cdn.grail.bz/images/goods/l/ru1524/ru1524_v12.jpg,トップス,GRL
2026-06-01,9,センタープレスストレートパンツ,2099,https://www.grail.bz/item/ai071111/?s=2,https://cdn.grail.bz/images/goods/l/ai07/ai07_v12.jpg,ボトムス,GRL
2026-06-01,10,接触冷感クロップド丈リブカーディガン,2099,https://www.grail.bz/item/dk14041119/?s=2,https://cdn.grail.bz/images/goods/l/dk1404/dk1404_v12.jpg,トップス,GRL
2026-06-02,1,ドレープカシュクールトップス,1999,https://www.grail.bz/item/dk14131119/?s=2,https://cdn.grail.bz/images/goods/l/dk1413/dk1413_v12.jpg,トップス,GRL
2026-06-02,2,接触冷感リブカーディガン,1999,https://www.grail.bz/item/ru15231119/?s=2,https://cdn.grail.bz/images/goods/l/ru1523/ru1523_v12.jpg,トップス,GRL
2026-06-02,3,セミフレアデニムパンツ,3899,https://www.grail.bz/item/cu5081111/?s=2,https://cdn.grail.bz/images/goods/l/cu508/cu508_v12.jpg,ボトムス,GRL
2026-06-02,4,シアーリブカーディガン,1999,https://www.grail.bz/item/ru11921119/?s=2,https://cdn.grail.bz/images/goods/l/ru1192/ru1192_v12.jpg,トップス,GRL
2026-06-02,5,オフショルドロストテレコトップス,1099,https://www.grail.bz/item/tu16531112/?s=2,https://cdn.grail.bz/images/goods/l/tu1653/tu1653_v12.jpg,トップス,GRL
2026-06-02,6,ショート丈ドレープトップス,1799,https://www.grail.bz/item/dk14141119/?s=2,https://cdn.grail.bz/images/goods/l/dk1414/dk1414_v12.jpg,トップス,GRL
2026-06-02,7,シアーニットカーディガン,1499,https://www.grail.bz/item/sm1111119/?s=2,https://cdn.grail.bz/images/goods/l/sm111/sm111_v12.jpg,トップス,GRL
2026-06-02,8,ドレープカシュクールトップス,2099,https://www.grail.bz/item/ru15241119/?s=2,https://cdn.grail.bz/images/goods/l/ru1524/ru1524_v12.jpg,トップス,GRL
2026-06-02,9,サイドカットアウトリボンフレアデニムパンツ,3999,https://www.grail.bz/item/cu5781111/?s=2,https://cdn.grail.bz/images/goods/l/cu578/cu578_v12.jpg,ボトムス,GRL
2026-06-02,10,ドット柄ドレープキャミソールワンピース,3799,https://www.grail.bz/item/dh14251119/?s=2,https://cdn.grail.bz/images/goods/l/dh1425/dh1425_v12.jpg,ワンピース,GRL
2026-06-03,1,ドレープカシュクールトップス,1999,https://www.grail.bz/item/dk14131119/?s=2,https://cdn.grail.bz/images/goods/l/dk1413/dk1413_v12.jpg,トップス,GRL
2026-06-03,2,セミフレアデニムパンツ,3899,https://www.grail.bz/item/cu5081111/?s=2,https://cdn.grail.bz/images/goods/l/cu508/cu508_v12.jpg,ボトムス,GRL
2026-06-03,3,接触冷感リブカーディガン,1999,https://www.grail.bz/item/ru15231119/?s=2,https://cdn.grail.bz/images/goods/l/ru1523/ru1523_v12.jpg,トップス,GRL
2026-06-03,4,シアーリブカーディガン,1999,https://www.grail.bz/item/ru11921119/?s=2,https://cdn.grail.bz/images/goods/l/ru1192/ru1192_v12.jpg,トップス,GRL
2026-06-03,5,オフショルドロストテレコトップス,1099,https://www.grail.bz/item/tu16531112/?s=2,https://cdn.grail.bz/images/goods/l/tu1653/tu1653_v12.jpg,トップス,GRL
2026-06-03,6,ショート丈ドレープトップス,1799,https://www.grail.bz/item/dk14141119/?s=2,https://cdn.grail.bz/images/goods/l/dk1414/dk1414_v12.jpg,トップス,GRL
2026-06-03,7,接触冷感クロップド丈リブカーディガン,1999,https://www.grail.bz/item/dk14041119/?s=2,https://cdn.grail.bz/images/goods/l/dk1404/dk1404_v12.jpg,トップス,GRL
2026-06-03,8,ドット柄ドレープキャミソールワンピース,3799,https://www.grail.bz/item/dh14251119/?s=2,https://cdn.grail.bz/images/goods/l/dh1425/dh1425_v12.jpg,ワンピース,GRL
2026-06-03,9,サイドカットアウトリボンフレアデニムパンツ,3999,https://www.grail.bz/item/cu5781111/?s=2,https://cdn.grail.bz/images/goods/l/cu578/cu578_v12.jpg,ボトムス,GRL
2026-06-03,10,シアーニットカーディガン,1499,https://www.grail.bz/item/sm1111119/?s=2,https://cdn.grail.bz/images/goods/l/sm111/sm111_v12.jpg,トップス,GRL
2026-06-04,1,ドレープカシュクールトップス,1999,https://www.grail.bz/item/dk14131119/?s=2,https://cdn.grail.bz/images/goods/l/dk1413/dk1413_v12.jpg,トップス,GRL
2026-06-04,2,接触冷感リブカーディガン,2099,https://www.grail.bz/item/ru15231119/?s=2,https://cdn.grail.bz/images/goods/l/ru1523/ru1523_v12.jpg,トップス,GRL
2026-06-04,3,セミフレアデニムパンツ,3899,https://www.grail.bz/item/cu5081111/?s=2,https://cdn.grail.bz/images/goods/l/cu508/cu508_v12.jpg,ボトムス,GRL
2026-06-04,4,シアーリブカーディガン,1999,https://www.grail.bz/item/ru11921119/?s=2,https://cdn.grail.bz/images/goods/l/ru1192/ru1192_v12.jpg,トップス,GRL
2026-06-04,5,接触冷感クロップド丈リブカーディガン,1999,https://www.grail.bz/item/dk14041119/?s=2,https://cdn.grail.bz/images/goods/l/dk1404/dk1404_v12.jpg,トップス,GRL
2026-06-04,6,ショート丈ドレープトップス,1799,https://www.grail.bz/item/dk14141119/?s=2,https://cdn.grail.bz/images/goods/l/dk1414/dk1414_v12.jpg,トップス,GRL
2026-06-04,7,ドット柄ドレープキャミソールワンピース,3799,https://www.grail.bz/item/dh14251119/?s=2,https://cdn.grail.bz/images/goods/l/dh1425/dh1425_v12.jpg,ワンピース,GRL
2026-06-04,8,オフショルドロストテレコトップス,1199,https://www.grail.bz/item/tu16531112/?s=2,https://cdn.grail.bz/images/goods/l/tu1653/tu1653_v12.jpg,トップス,GRL
2026-06-04,9,センタープレスワイドタックロングパンツ,2299,https://www.grail.bz/item/gm6151111/?s=2,https://cdn.grail.bz/images/goods/l/gm615/gm615_v12.jpg,ボトムス,GRL
2026-06-04,10,サイドカットアウトリボンフレアデニムパンツ,3999,https://www.grail.bz/item/cu5781111/?s=2,https://cdn.grail.bz/images/goods/l/cu578/cu578_v12.jpg,ボトムス,GRL
2026-06-05,1,ドレープカシュクールトップス,1999,https://www.grail.bz/item/dk14131119/?s=2,https://cdn.grail.bz/images/goods/l/dk1413/dk1413_v12.jpg,トップス,GRL
2026-06-05,2,接触冷感リブカーディガン,2099,https://www.grail.bz/item/ru15231119/?s=2,https://cdn.grail.bz/images/goods/l/ru1523/ru1523_v12.jpg,トップス,GRL
2026-06-05,3,セミフレアデニムパンツ,3899,https://www.grail.bz/item/cu5081111/?s=2,https://cdn.grail.bz/images/goods/l/cu508/cu508_v12.jpg,ボトムス,GRL
2026-06-05,4,接触冷感クロップド丈リブカーディガン,1999,https://www.grail.bz/item/dk14041119/?s=2,https://cdn.grail.bz/images/goods/l/dk1404/dk1404_v12.jpg,トップス,GRL
2026-06-05,5,シアーリブカーディガン,1999,https://www.grail.bz/item/ru11921119/?s=2,https://cdn.grail.bz/images/goods/l/ru1192/ru1192_v12.jpg,トップス,GRL
2026-06-05,6,センタープレスワイドタックロングパンツ,2299,https://www.grail.bz/item/gm6151111/?s=2,https://cdn.grail.bz/images/goods/l/gm615/gm615_v12.jpg,ボトムス,GRL
2026-06-05,7,ショート丈ドレープトップス,1799,https://www.grail.bz/item/dk14141119/?s=2,https://cdn.grail.bz/images/goods/l/dk1414/dk1414_v12.jpg,トップス,GRL
2026-06-05,8,ドット柄ドレープキャミソールワンピース,3799,https://www.grail.bz/item/dh14251119/?s=2,https://cdn.grail.bz/images/goods/l/dh1425/dh1425_v12.jpg,ワンピース,GRL
2026-06-05,9,センタープレスストレートパンツ,2099,https://www.grail.bz/item/ai071111/?s=2,https://cdn.grail.bz/images/goods/l/ai07/ai07_v12.jpg,ボトムス,GRL
2026-06-05,10,オフショルドロストテレコトップス,1199,https://www.grail.bz/item/tu16531112/?s=2,https://cdn.grail.bz/images/goods/l/tu1653/tu1653_v12.jpg,トップス,GRL
2026-06-06,1,ドレープカシュクールトップス,1999,https://www.grail.bz/item/dk14131119/?s=2,https://cdn.grail.bz/images/goods/l/dk1413/dk1413_v12.jpg,トップス,GRL
2026-06-06,2,セミフレアデニムパンツ,3899,https://www.grail.bz/item/cu5081111/?s=2,https://cdn.grail.bz/images/goods/l/cu508/cu508_v12.jpg,ボトムス,GRL
2026-06-06,3,接触冷感リブカーディガン,2099,https://www.grail.bz/item/ru15231119/?s=2,https://cdn.grail.bz/images/goods/l/ru1523/ru1523_v12.jpg,トップス,GRL
2026-06-06,4,接触冷感クロップド丈リブカーディガン,1999,https://www.grail.bz/item/dk14041119/?s=2,https://cdn.grail.bz/images/goods/l/dk1404/dk1404_v12.jpg,トップス,GRL
2026-06-06,5,シアーリブカーディガン,1999,https://www.grail.bz/item/ru11921119/?s=2,https://cdn.grail.bz/images/goods/l/ru1192/ru1192_v12.jpg,トップス,GRL
2026-06-06,6,センタープレスワイドタックロングパンツ,2299,https://www.grail.bz/item/gm6151111/?s=2,https://cdn.grail.bz/images/goods/l/gm615/gm615_v12.jpg,ボトムス,GRL
2026-06-06,7,ショート丈ドレープトップス,1799,https://www.grail.bz/item/dk14141119/?s=2,https://cdn.grail.bz/images/goods/l/dk1414/dk1414_v12.jpg,トップス,GRL
2026-06-06,8,森香澄 ボリュームチュールフレアロングスカート,2399,https://www.grail.bz/item/dk15501119/?s=2,https://cdn.grail.bz/images/goods/l/dk1550/dk1550_v12.jpg,ボトムス,GRL
2026-06-06,9,ドット柄ドレープキャミソールワンピース,3799,https://www.grail.bz/item/dh14251119/?s=2,https://cdn.grail.bz/images/goods/l/dh1425/dh1425_v12.jpg,ワンピース,GRL
2026-06-06,10,カップ入りベアトップ,999,https://www.grail.bz/item/tu11731112/?s=2,https://cdn.grail.bz/images/goods/l/tu1173/tu1173_v12.jpg,その他,GRL
2026-06-07,1,ドレープカシュクールトップス,2099,https://www.grail.bz/item/dk14131119/?s=2,https://cdn.grail.bz/images/goods/l/dk1413/dk1413_v12.jpg,トップス,GRL
2026-06-07,2,セミフレアデニムパンツ,3999,https://www.grail.bz/item/cu5081111/?s=2,https://cdn.grail.bz/images/goods/l/cu508/cu508_v12.jpg,ボトムス,GRL
2026-06-07,3,接触冷感リブカーディガン,2199,https://www.grail.bz/item/ru15231119/?s=2,https://cdn.grail.bz/images/goods/l/ru1523/ru1523_v12.jpg,トップス,GRL
2026-06-07,4,接触冷感クロップド丈リブカーディガン,1999,https://www.grail.bz/item/dk14041119/?s=2,https://cdn.grail.bz/images/goods/l/dk1404/dk1404_v12.jpg,トップス,GRL
2026-06-07,5,シアーリブカーディガン,1999,https://www.grail.bz/item/ru11921119/?s=2,https://cdn.grail.bz/images/goods/l/ru1192/ru1192_v12.jpg,トップス,GRL
2026-06-07,6,センタープレスワイドタックロングパンツ,2299,https://www.grail.bz/item/gm6151111/?s=2,https://cdn.grail.bz/images/goods/l/gm615/gm615_v12.jpg,ボトムス,GRL
2026-06-07,7,ショート丈ドレープトップス,1799,https://www.grail.bz/item/dk14141119/?s=2,https://cdn.grail.bz/images/goods/l/dk1414/dk1414_v12.jpg,トップス,GRL
2026-06-07,8,森香澄 ボリュームチュールフレアロングスカート,2499,https://www.grail.bz/item/dk15501119/?s=2,https://cdn.grail.bz/images/goods/l/dk1550/dk1550_v12.jpg,ボトムス,GRL
2026-06-07,9,オフショルドロストテレコトップス,1199,https://www.grail.bz/item/tu16531112/?s=2,https://cdn.grail.bz/images/goods/l/tu1653/tu1653_v12.jpg,トップス,GRL
2026-06-07,10,ドット柄ドレープキャミソールワンピース,3899,https://www.grail.bz/item/dh14251119/?s=2,https://cdn.grail.bz/images/goods/l/dh1425/dh1425_v12.jpg,ワンピース,GRL
2026-06-08,1,ドレープカシュクールトップス,2099,https://www.grail.bz/item/dk14131119/?s=2,https://cdn.grail.bz/images/goods/l/dk1413/dk1413_v12.jpg,トップス,GRL
2026-06-08,2,接触冷感クロップド丈リブカーディガン,2099,https://www.grail.bz/item/dk14041119/?s=2,https://cdn.grail.bz/images/goods/l/dk1404/dk1404_v12.jpg,トップス,GRL
2026-06-08,3,セミフレアデニムパンツ,3999,https://www.grail.bz/item/cu5081111/?s=2,https://cdn.grail.bz/images/goods/l/cu508/cu508_v12.jpg,ボトムス,GRL
2026-06-08,4,センタープレスワイドタックロングパンツ,2399,https://www.grail.bz/item/gm6151111/?s=2,https://cdn.grail.bz/images/goods/l/gm615/gm615_v12.jpg,ボトムス,GRL
2026-06-08,5,シアーリブカーディガン,2099,https://www.grail.bz/item/ru11921119/?s=2,https://cdn.grail.bz/images/goods/l/ru1192/ru1192_v12.jpg,トップス,GRL
2026-06-08,6,接触冷感リブカーディガン,2199,https://www.grail.bz/item/ru15231119/?s=2,https://cdn.grail.bz/images/goods/l/ru1523/ru1523_v12.jpg,トップス,GRL
2026-06-08,7,ショート丈ドレープトップス,1799,https://www.grail.bz/item/dk14141119/?s=2,https://cdn.grail.bz/images/goods/l/dk1414/dk1414_v12.jpg,トップス,GRL
2026-06-08,8,オフショルドロストテレコトップス,1199,https://www.grail.bz/item/tu16531112/?s=2,https://cdn.grail.bz/images/goods/l/tu1653/tu1653_v12.jpg,トップス,GRL
2026-06-08,9,センタープレスストレートパンツ,2099,https://www.grail.bz/item/ai071111/?s=2,https://cdn.grail.bz/images/goods/l/ai07/ai07_v12.jpg,ボトムス,GRL
2026-06-08,10,ドット柄ドレープキャミソールワンピース,3899,https://www.grail.bz/item/dh14251119/?s=2,https://cdn.grail.bz/images/goods/l/dh1425/dh1425_v12.jpg,ワンピース,GRL
2026-06-09,1,1 and ST MAKE 【BE@RBRICK】サッカー日本代表Ver. 100% & 400% 税込 SOLD OUT,23100,https://www.dot-st.com/make/disp/item/885839/,https://pdimg.dot-st.com/images/make/goods/itemImg88/885839/item_885839_main_00_1780568218.jpg,その他,BE@RBRICK,
2026-06-09,2,2 LEPSIM レース切り替えポンチョ5分袖シャツ 税込,5990,https://www.dot-st.com/lepsim/disp/item/805512/,https://pdimg.dot-st.com/images/lepsim/goods/itemImg80/805512/item_805512_main_08_1779358557.jpg,トップス,andST,
2026-06-09,3,3 LEPSIM シアーレースレイヤードT【カラー予約】 税込,4990,https://www.dot-st.com/lepsim/disp/item/887658/,https://pdimg.dot-st.com/images/lepsim/goods/itemImg88/887658/item_887658_main_09_1780016463.jpg,その他,カラー予約,NEW / 予約
2026-06-09,4,4 studio CLIP 【新色追加】2WAYレースタンクトップ[プラスサイズあり] 税込,2990,https://www.dot-st.com/studioclip/disp/item/647904/,https://pdimg.dot-st.com/images/studioclip/goods/itemImg64/647904/item_647904_main_19_1780274882.jpg,その他,新色追加,NEW
2026-06-09,5,5 LEPSIM ロゴレースT 税込,4990,https://www.dot-st.com/lepsim/disp/item/816575/,https://pdimg.dot-st.com/images/lepsim/goods/itemImg81/816575/item_816575_main_05_1780022727.jpg,その他,andST,NEW
2026-06-09,6,6 LEPSIM バックギャザーチュニック【カラー予約】 税込 再入荷,4400,https://www.dot-st.com/lepsim/disp/item/742571/,https://pdimg.dot-st.com/images/lepsim/goods/itemImg74/742571/item_742571_main_05_1780445148.jpg,その他,カラー予約,予約
2026-06-09,7,7 GLOBAL WORK イージーケアリネンシャツ長袖/601200 税込,4490,https://www.dot-st.com/globalwork/disp/item/601200/,https://pdimg.dot-st.com/images/globalwork/goods/itemImg60/601200/item_601200_main_28_1772515397.jpg,トップス,andST,
2026-06-09,8,8 studio CLIP 【natuPLUS/イージーケア・接触冷感】ギャザーパンツ[プチ・プラスサイズあり] 税込,5790,https://www.dot-st.com/studioclip/disp/item/647056/,https://pdimg.dot-st.com/images/studioclip/goods/itemImg64/647056/item_647056_main_80_1780405340.jpg,ボトムス,natuPLUS/イージーケア・接触冷感,NEW
2026-06-09,9,9 niko and ... DRYクシュイージーパンツ【新色 / 一部カラー追加予約】 税込,5000,https://www.dot-st.com/nikoand/disp/item/647787/,https://pdimg.dot-st.com/images/nikoand/goods/itemImg64/647787/item_647787_main_17_1780381265.jpg,ボトムス,新色 / 一部カラー追加予約,予約
2026-06-09,10,10 LOWRYS FARM 【追加予約】【接触冷感・吸水速乾】バスケットダブルジャケット 税込,7700,https://www.dot-st.com/lowrysfarm/disp/item/637608/,https://pdimg.dot-st.com/images/lowrysfarm/goods/itemImg63/637608/item_637608_main_88_1775799511.jpg,アウター,追加予約,NEW / 予約
2026-06-09,1,1 and ST MAKE 【BE@RBRICK】サッカー日本代表Ver. 100% & 400% 税込 SOLD OUT,23100,https://www.dot-st.com/make/disp/item/885839/,https://pdimg.dot-st.com/images/make/goods/itemImg88/885839/item_885839_main_00_1780568218.jpg,その他,BE@RBRICK,
2026-06-09,2,2 LEPSIM レース切り替えポンチョ5分袖シャツ 税込,5990,https://www.dot-st.com/lepsim/disp/item/805512/,https://pdimg.dot-st.com/images/lepsim/goods/itemImg80/805512/item_805512_main_08_1779358557.jpg,トップス,andST,
2026-06-09,3,3 LEPSIM シアーレースレイヤードT【カラー予約】 税込,4990,https://www.dot-st.com/lepsim/disp/item/887658/,https://pdimg.dot-st.com/images/lepsim/goods/itemImg88/887658/item_887658_main_09_1780016463.jpg,その他,カラー予約,NEW / 予約
2026-06-09,4,4 studio CLIP 【新色追加】2WAYレースタンクトップ[プラスサイズあり] 税込,2990,https://www.dot-st.com/studioclip/disp/item/647904/,https://pdimg.dot-st.com/images/studioclip/goods/itemImg64/647904/item_647904_main_19_1780274882.jpg,その他,新色追加,NEW
2026-06-09,5,5 LEPSIM ロゴレースT 税込,4990,https://www.dot-st.com/lepsim/disp/item/816575/,https://pdimg.dot-st.com/images/lepsim/goods/itemImg81/816575/item_816575_main_05_1780022727.jpg,その他,andST,NEW
2026-06-09,6,6 LEPSIM バックギャザーチュニック【カラー予約】 税込 再入荷,4400,https://www.dot-st.com/lepsim/disp/item/742571/,https://pdimg.dot-st.com/images/lepsim/goods/itemImg74/742571/item_742571_main_05_1780445148.jpg,その他,カラー予約,予約
2026-06-09,7,7 GLOBAL WORK イージーケアリネンシャツ長袖/601200 税込,4490,https://www.dot-st.com/globalwork/disp/item/601200/,https://pdimg.dot-st.com/images/globalwork/goods/itemImg60/601200/item_601200_main_28_1772515397.jpg,トップス,andST,
2026-06-09,8,8 studio CLIP 【natuPLUS/イージーケア・接触冷感】ギャザーパンツ[プチ・プラスサイズあり] 税込,5790,https://www.dot-st.com/studioclip/disp/item/647056/,https://pdimg.dot-st.com/images/studioclip/goods/itemImg64/647056/item_647056_main_80_1780405340.jpg,ボトムス,natuPLUS/イージーケア・接触冷感,NEW
2026-06-09,9,9 niko and ... DRYクシュイージーパンツ【新色 / 一部カラー追加予約】 税込,5000,https://www.dot-st.com/nikoand/disp/item/647787/,https://pdimg.dot-st.com/images/nikoand/goods/itemImg64/647787/item_647787_main_17_1780381265.jpg,ボトムス,新色 / 一部カラー追加予約,予約
2026-06-09,10,10 LOWRYS FARM 【追加予約】【接触冷感・吸水速乾】バスケットダブルジャケット 税込,7700,https://www.dot-st.com/lowrysfarm/disp/item/637608/,https://pdimg.dot-st.com/images/lowrysfarm/goods/itemImg63/637608/item_637608_main_88_1775799511.jpg,アウター,追加予約,NEW / 予約
2026-06-09,1,1 LEPSIM レース切り替えポンチョ5分袖シャツ 税込,5990,https://www.dot-st.com/lepsim/disp/item/805512/,https://pdimg.dot-st.com/images/lepsim/goods/itemImg80/805512/item_805512_main_08_1779358557.jpg,トップス,andST,
2026-06-09,2,2 LEPSIM シアーレースレイヤードT【カラー予約】 税込,4990,https://www.dot-st.com/lepsim/disp/item/887658/,https://pdimg.dot-st.com/images/lepsim/goods/itemImg88/887658/item_887658_main_09_1780016463.jpg,その他,カラー予約,NEW / 予約
2026-06-09,3,3 studio CLIP 【新色追加】2WAYレースタンクトップ[プラスサイズあり] 税込,2990,https://www.dot-st.com/studioclip/disp/item/647904/,https://pdimg.dot-st.com/images/studioclip/goods/itemImg64/647904/item_647904_main_19_1780274882.jpg,その他,新色追加,NEW
2026-06-09,4,4 LEPSIM ロゴレースT 税込,4990,https://www.dot-st.com/lepsim/disp/item/816575/,https://pdimg.dot-st.com/images/lepsim/goods/itemImg81/816575/item_816575_main_05_1780022727.jpg,その他,andST,NEW
2026-06-09,5,5 LEPSIM バックギャザーチュニック【カラー予約】 税込 再入荷,4400,https://www.dot-st.com/lepsim/disp/item/742571/,https://pdimg.dot-st.com/images/lepsim/goods/itemImg74/742571/item_742571_main_05_1780445148.jpg,その他,カラー予約,予約
2026-06-09,6,6 GLOBAL WORK イージーケアリネンシャツ長袖/601200 税込,4490,https://www.dot-st.com/globalwork/disp/item/601200/,https://pdimg.dot-st.com/images/globalwork/goods/itemImg60/601200/item_601200_main_28_1772515397.jpg,トップス,andST,
2026-06-09,7,7 LOWRYS FARM 【予約受付中】 ヨウリュウシャーリングショートフレンチスリーブ 税込,5500,https://www.dot-st.com/lowrysfarm/disp/item/661674/,https://pdimg.dot-st.com/images/lowrysfarm/goods/itemImg66/661674/item_661674_main_82_1774431020.jpg,アクセサリー,予約受付中,NEW / 予約
2026-06-09,8,8 LOWRYS FARM 【予約受付中】 シャーリングチュニックフレンチスリーブ 税込,6050,https://www.dot-st.com/lowrysfarm/disp/item/581468/,https://pdimg.dot-st.com/images/lowrysfarm/goods/itemImg58/581468/item_581468_main_08_1776892278.jpg,アクセサリー,予約受付中,NEW / 予約
2026-06-09,9,9 niko and ... サラットドロストワイドTシャツ 税込 再入荷,4000,https://www.dot-st.com/nikoand/disp/item/666894/,https://pdimg.dot-st.com/images/nikoand/goods/itemImg66/666894/item_666894_main_10_1775609771.jpg,トップス,andST,
2026-06-09,10,10 LEPSIM 裾アソートレイヤードキャミ【カラー予約】 税込,3300,https://www.dot-st.com/lepsim/disp/item/639411/,https://pdimg.dot-st.com/images/lepsim/goods/itemImg63/639411/item_639411_main_05_1775540708.jpg,その他,カラー予約,予約
2026-06-10,1,1 LEPSIM レース切り替えポンチョ5分袖シャツ 税込,5990,https://www.dot-st.com/lepsim/disp/item/805512/,https://pdimg.dot-st.com/images/lepsim/goods/itemImg80/805512/item_805512_main_08_1779358557.jpg,トップス,andST,
2026-06-10,2,2 studio CLIP 【新色追加】2WAYレースタンクトップ[プラスサイズあり] 税込,2990,https://www.dot-st.com/studioclip/disp/item/647904/,https://pdimg.dot-st.com/images/studioclip/goods/itemImg64/647904/item_647904_main_19_1780274882.jpg,その他,新色追加,NEW
2026-06-10,3,3 GLOBAL WORK イージーケアリネンシャツ長袖/601200 税込,4490,https://www.dot-st.com/globalwork/disp/item/601200/,https://pdimg.dot-st.com/images/globalwork/goods/itemImg60/601200/item_601200_main_28_1772515397.jpg,トップス,andST,
2026-06-10,4,4 LEPSIM シアーレースレイヤードT【カラー予約】 税込,4990,https://www.dot-st.com/lepsim/disp/item/887658/,https://pdimg.dot-st.com/images/lepsim/goods/itemImg88/887658/item_887658_main_09_1780016463.jpg,その他,カラー予約,NEW / 予約
2026-06-10,5,5 LEPSIM 《レプクル》異素材フリルBIGT【カラー予約】 税込,4400,https://www.dot-st.com/lepsim/disp/item/242843/,https://pdimg.dot-st.com/images/lepsim/goods/itemImg24/242843/item_242843_main_85_1777625015.jpg,その他,カラー予約,予約
2026-06-10,6,6 LEPSIM バックギャザーチュニック【カラー予約】 税込 再入荷,4400,https://www.dot-st.com/lepsim/disp/item/742571/,https://pdimg.dot-st.com/images/lepsim/goods/itemImg74/742571/item_742571_main_05_1780445148.jpg,その他,カラー予約,予約
2026-06-10,7,7 niko and ... サラットドロストワイドTシャツ 税込 再入荷,4000,https://www.dot-st.com/nikoand/disp/item/666894/,https://pdimg.dot-st.com/images/nikoand/goods/itemImg66/666894/item_666894_main_10_1775609771.jpg,トップス,andST,
2026-06-10,8,8 LOWRYS FARM 【予約受付中】 ヨウリュウシャーリングショートフレンチスリーブ 税込,5500,https://www.dot-st.com/lowrysfarm/disp/item/661674/,https://pdimg.dot-st.com/images/lowrysfarm/goods/itemImg66/661674/item_661674_main_82_1774431020.jpg,アクセサリー,予約受付中,NEW / 予約
2026-06-10,9,9 LOWRYS FARM 【予約受付中】 シャーリングチュニックフレンチスリーブ 税込,6050,https://www.dot-st.com/lowrysfarm/disp/item/581468/,https://pdimg.dot-st.com/images/lowrysfarm/goods/itemImg58/581468/item_581468_main_08_1776892278.jpg,アクセサリー,予約受付中,NEW / 予約
2026-06-10,10,10 GLOBAL WORK リッチクリーンプリントT半袖/636780 税込 サイズ豊富,3490,https://www.dot-st.com/globalwork/disp/item/636780/,https://pdimg.dot-st.com/images/globalwork/goods/itemImg63/636780/item_636780_main_05_1774951929.jpg,その他,andST,
2026-06-11,20代後半,25-29,1,LOWRYS,FARM 【受付中】 ヨウリュウシャーリングショートフレンチスリーブ,5500,https://www.dot-st.com/lowrysfarm/disp/item/661674/,https://pdimg.dot-st.com/images/lowrysfarm/goods/itemImg66/661674/item_661674_main_82_1774431020.jpg,NEW / 予約,https://www.dot-st.com/disp/ranking/?dispNo=001001003&periodTp=3&ageRange=25-29
2026-06-11,20代後半,25-29,2,LOWRYS,FARM 【受付中】 シャーリングチュニックフレンチスリーブ,6050,https://www.dot-st.com/lowrysfarm/disp/item/581468/,https://pdimg.dot-st.com/images/lowrysfarm/goods/itemImg58/581468/item_581468_main_08_1776892278.jpg,NEW / 予約,https://www.dot-st.com/disp/ranking/?dispNo=001001003&periodTp=3&ageRange=25-29
2026-06-11,20代後半,25-29,3,PAGEBOY,【】レースカイキンシャツ (半袖),6600,https://www.dot-st.com/pageboy/disp/item/492982/,https://pdimg.dot-st.com/images/pageboy/goods/itemImg49/492982/item_492982_main_89_1745384690.jpg,WEB限定,https://www.dot-st.com/disp/ranking/?dispNo=001001003&periodTp=3&ageRange=25-29
2026-06-11,20代後半,25-29,4,LOWRYS,FARM レイヤードヘンリーSS,4400,https://www.dot-st.com/lowrysfarm/disp/item/638392/,https://pdimg.dot-st.com/images/lowrysfarm/goods/itemImg63/638392/item_638392_main_09_1778487359.jpg,NEW,https://www.dot-st.com/disp/ranking/?dispNo=001001003&periodTp=3&ageRange=25-29
2026-06-11,20代後半,25-29,5,LOWRYS,FARM 【受付中】 【体形に合わせて選べるショート&ロング丈展開】シアーシャツＬＳ／接触冷感・吸水速乾,5500,https://www.dot-st.com/lowrysfarm/disp/item/605853/,https://pdimg.dot-st.com/images/lowrysfarm/goods/itemImg60/605853/item_605853_main_50_1779935218.jpg,予約,https://www.dot-st.com/disp/ranking/?dispNo=001001003&periodTp=3&ageRange=25-29
2026-06-11,20代後半,25-29,6,LOWRYS,FARM フライスチビＴＥＥ,3960,https://www.dot-st.com/lowrysfarm/disp/item/637055/,https://pdimg.dot-st.com/images/lowrysfarm/goods/itemImg63/637055/item_637055_main_58_1776131816.jpg,,https://www.dot-st.com/disp/ranking/?dispNo=001001003&periodTp=3&ageRange=25-29
2026-06-11,20代後半,25-29,7,LOWRYS,FARM 【受付中】サテンレースキャミ,4400,https://www.dot-st.com/lowrysfarm/disp/item/664226/,https://pdimg.dot-st.com/images/lowrysfarm/goods/itemImg66/664226/item_664226_main_08_1771500665.jpg,予約,https://www.dot-st.com/disp/ranking/?dispNo=001001003&periodTp=3&ageRange=25-29
2026-06-11,20代後半,25-29,8,HARE,【新色受付中 接触冷感】タグロゴシシュウカット,4950,https://www.dot-st.com/hare/disp/item/680066/,https://pdimg.dot-st.com/images/hare/goods/itemImg68/680066/item_680066_main_09_1776852662.jpg,予約,https://www.dot-st.com/disp/ranking/?dispNo=001001003&periodTp=3&ageRange=25-29
2026-06-11,20代後半,25-29,9,LOWRYS,FARM 【追加】ストライプシャーリングＳＳ,5990,https://www.dot-st.com/lowrysfarm/disp/item/675847/,https://pdimg.dot-st.com/images/lowrysfarm/goods/itemImg67/675847/item_675847_main_70_1777275975.jpg,予約,https://www.dot-st.com/disp/ranking/?dispNo=001001003&periodTp=3&ageRange=25-29
2026-06-11,20代後半,25-29,10,LOWRYS,FARM レースデニムシャツ,6990,https://www.dot-st.com/lowrysfarm/disp/item/684917/,https://pdimg.dot-st.com/images/lowrysfarm/goods/itemImg68/684917/item_684917_main_82_1776826746.jpg,NEW,https://www.dot-st.com/disp/ranking/?dispNo=001001003&periodTp=3&ageRange=25-29
2026-06-11,30代前半,30-34,1,LOWRYS,FARM 【受付中】 シャーリングチュニックフレンチスリーブ,6050,https://www.dot-st.com/lowrysfarm/disp/item/581468/,https://pdimg.dot-st.com/images/lowrysfarm/goods/itemImg58/581468/item_581468_main_08_1776892278.jpg,NEW / 予約,https://www.dot-st.com/disp/ranking/?dispNo=001001003&periodTp=3&ageRange=30-34
2026-06-11,30代前半,30-34,2,LOWRYS,FARM 【受付中】 ヨウリュウシャーリングショートフレンチスリーブ,5500,https://www.dot-st.com/lowrysfarm/disp/item/661674/,https://pdimg.dot-st.com/images/lowrysfarm/goods/itemImg66/661674/item_661674_main_82_1774431020.jpg,NEW / 予約,https://www.dot-st.com/disp/ranking/?dispNo=001001003&periodTp=3&ageRange=30-34
2026-06-11,30代前半,30-34,3,LEPSIM,シアーレースレイヤードT【カラー】,4990,https://www.dot-st.com/lepsim/disp/item/887658/,https://pdimg.dot-st.com/images/lepsim/goods/itemImg88/887658/item_887658_main_09_1780016463.jpg,NEW / 予約,https://www.dot-st.com/disp/ranking/?dispNo=001001003&periodTp=3&ageRange=30-34
2026-06-11,30代前半,30-34,4,GLOBAL,WORK イージーケアリネンシャツ長袖/601200,4490,https://www.dot-st.com/globalwork/disp/item/601200/,https://pdimg.dot-st.com/images/globalwork/goods/itemImg60/601200/item_601200_main_28_1772515397.jpg,,https://www.dot-st.com/disp/ranking/?dispNo=001001003&periodTp=3&ageRange=30-34
2026-06-11,30代前半,30-34,5,LEPSIM,裾アソートレイヤードキャミ【カラー】,3300,https://www.dot-st.com/lepsim/disp/item/639411/,https://pdimg.dot-st.com/images/lepsim/goods/itemImg63/639411/item_639411_main_05_1775540708.jpg,予約,https://www.dot-st.com/disp/ranking/?dispNo=001001003&periodTp=3&ageRange=30-34
2026-06-11,30代前半,30-34,6,studio,CLIP 【新色追加】2WAYレースタンクトップ[プラスサイズあり],2990,https://www.dot-st.com/studioclip/disp/item/647904/,https://pdimg.dot-st.com/images/studioclip/goods/itemImg64/647904/item_647904_main_19_1780274882.jpg,NEW,https://www.dot-st.com/disp/ranking/?dispNo=001001003&periodTp=3&ageRange=30-34
2026-06-11,30代前半,30-34,7,LOWRYS,FARM レイヤードヘンリーSS,4400,https://www.dot-st.com/lowrysfarm/disp/item/638392/,https://pdimg.dot-st.com/images/lowrysfarm/goods/itemImg63/638392/item_638392_main_09_1778487359.jpg,NEW,https://www.dot-st.com/disp/ranking/?dispNo=001001003&periodTp=3&ageRange=30-34
2026-06-11,30代前半,30-34,8,GLOBAL,WORK イージーケアリネンタックブラウス/611205,4990,https://www.dot-st.com/globalwork/disp/item/611205/,https://pdimg.dot-st.com/images/globalwork/goods/itemImg61/611205/item_611205_main_40_1775203753.jpg,,https://www.dot-st.com/disp/ranking/?dispNo=001001003&periodTp=3&ageRange=30-34
2026-06-11,30代前半,30-34,9,niko,and ... ［Make Stuff ’26] ニーロク2セットカーディガン,8000,https://www.dot-st.com/nikoand/disp/item/679266/,https://pdimg.dot-st.com/images/nikoand/goods/itemImg67/679266/item_679266_main_11_1778818198.jpg,NEW,https://www.dot-st.com/disp/ranking/?dispNo=001001003&periodTp=3&ageRange=30-34
2026-06-11,30代前半,30-34,10,LOWRYS,FARM フライスチビＴＥＥ,3960,https://www.dot-st.com/lowrysfarm/disp/item/637055/,https://pdimg.dot-st.com/images/lowrysfarm/goods/itemImg63/637055/item_637055_main_58_1776131816.jpg,,https://www.dot-st.com/disp/ranking/?dispNo=001001003&periodTp=3&ageRange=30-34
2026-06-11,30代後半,35-39,1,LOWRYS,FARM 【受付中】 シャーリングチュニックフレンチスリーブ,6050,https://www.dot-st.com/lowrysfarm/disp/item/581468/,https://pdimg.dot-st.com/images/lowrysfarm/goods/itemImg58/581468/item_581468_main_08_1776892278.jpg,NEW / 予約,https://www.dot-st.com/disp/ranking/?dispNo=001001003&periodTp=3&ageRange=35-39
2026-06-11,30代後半,35-39,2,LEPSIM,レース切り替えポンチョ5分袖シャツ,5990,https://www.dot-st.com/lepsim/disp/item/805512/,https://pdimg.dot-st.com/images/lepsim/goods/itemImg80/805512/item_805512_main_08_1779358557.jpg,,https://www.dot-st.com/disp/ranking/?dispNo=001001003&periodTp=3&ageRange=35-39
2026-06-11,30代後半,35-39,3,LEPSIM,シアーレースレイヤードT【カラー】,4990,https://www.dot-st.com/lepsim/disp/item/887658/,https://pdimg.dot-st.com/images/lepsim/goods/itemImg88/887658/item_887658_main_09_1780016463.jpg,NEW / 予約,https://www.dot-st.com/disp/ranking/?dispNo=001001003&periodTp=3&ageRange=35-39
2026-06-11,30代後半,35-39,4,GLOBAL,WORK イージーケアリネンシャツ長袖/601200,4490,https://www.dot-st.com/globalwork/disp/item/601200/,https://pdimg.dot-st.com/images/globalwork/goods/itemImg60/601200/item_601200_main_28_1772515397.jpg,,https://www.dot-st.com/disp/ranking/?dispNo=001001003&periodTp=3&ageRange=35-39
2026-06-11,30代後半,35-39,5,LOWRYS,FARM 【受付中】 ヨウリュウシャーリングショートフレンチスリーブ,5500,https://www.dot-st.com/lowrysfarm/disp/item/661674/,https://pdimg.dot-st.com/images/lowrysfarm/goods/itemImg66/661674/item_661674_main_82_1774431020.jpg,NEW / 予約,https://www.dot-st.com/disp/ranking/?dispNo=001001003&periodTp=3&ageRange=35-39
2026-06-11,30代後半,35-39,6,studio,CLIP 【新色追加】2WAYレースタンクトップ[プラスサイズあり],2990,https://www.dot-st.com/studioclip/disp/item/647904/,https://pdimg.dot-st.com/images/studioclip/goods/itemImg64/647904/item_647904_main_19_1780274882.jpg,NEW,https://www.dot-st.com/disp/ranking/?dispNo=001001003&periodTp=3&ageRange=35-39
2026-06-11,30代後半,35-39,7,LEPSIM,《レプクル》異素材フリルBIGT【カラー】,4400,https://www.dot-st.com/lepsim/disp/item/242843/,https://pdimg.dot-st.com/images/lepsim/goods/itemImg24/242843/item_242843_main_85_1777625015.jpg,予約,https://www.dot-st.com/disp/ranking/?dispNo=001001003&periodTp=3&ageRange=35-39
2026-06-11,30代後半,35-39,8,niko,and ... ［Make Stuff ’26] ニーロク2セットカーディガン,8000,https://www.dot-st.com/nikoand/disp/item/679266/,https://pdimg.dot-st.com/images/nikoand/goods/itemImg67/679266/item_679266_main_11_1778818198.jpg,NEW,https://www.dot-st.com/disp/ranking/?dispNo=001001003&periodTp=3&ageRange=35-39
2026-06-11,30代後半,35-39,9,LEPSIM,裾アソートレイヤードキャミ【カラー】,3300,https://www.dot-st.com/lepsim/disp/item/639411/,https://pdimg.dot-st.com/images/lepsim/goods/itemImg63/639411/item_639411_main_05_1775540708.jpg,予約,https://www.dot-st.com/disp/ranking/?dispNo=001001003&periodTp=3&ageRange=35-39
2026-06-11,30代後半,35-39,10,GLOBAL,WORK お手入れラクラクセットアップ/ジレ/632433,5990,https://www.dot-st.com/globalwork/disp/item/632433/,https://pdimg.dot-st.com/images/globalwork/goods/itemImg63/632433/item_632433_main_51_1777601622.jpg,,https://www.dot-st.com/disp/ranking/?dispNo=001001003&periodTp=3&ageRange=35-39
2026-06-11,20代後半,25-29,1,LOWRYS,FARM 【受付中】 ヨウリュウシャーリングショートフレンチスリーブ,5500,https://www.dot-st.com/lowrysfarm/disp/item/661674/,https://pdimg.dot-st.com/images/lowrysfarm/goods/itemImg66/661674/item_661674_main_82_1774431020.jpg,NEW / 予約,https://www.dot-st.com/disp/ranking/?dispNo=001001003&periodTp=3&ageRange=25-29
2026-06-11,20代後半,25-29,2,LOWRYS,FARM 【受付中】 シャーリングチュニックフレンチスリーブ,6050,https://www.dot-st.com/lowrysfarm/disp/item/581468/,https://pdimg.dot-st.com/images/lowrysfarm/goods/itemImg58/581468/item_581468_main_08_1776892278.jpg,NEW / 予約,https://www.dot-st.com/disp/ranking/?dispNo=001001003&periodTp=3&ageRange=25-29
2026-06-11,20代後半,25-29,3,PAGEBOY,【】レースカイキンシャツ (半袖),6600,https://www.dot-st.com/pageboy/disp/item/492982/,https://pdimg.dot-st.com/images/pageboy/goods/itemImg49/492982/item_492982_main_89_1745384690.jpg,WEB限定,https://www.dot-st.com/disp/ranking/?dispNo=001001003&periodTp=3&ageRange=25-29
2026-06-11,20代後半,25-29,4,LOWRYS,FARM レイヤードヘンリーSS,4400,https://www.dot-st.com/lowrysfarm/disp/item/638392/,https://pdimg.dot-st.com/images/lowrysfarm/goods/itemImg63/638392/item_638392_main_09_1778487359.jpg,NEW,https://www.dot-st.com/disp/ranking/?dispNo=001001003&periodTp=3&ageRange=25-29
2026-06-11,20代後半,25-29,5,LOWRYS,FARM 【受付中】 【体形に合わせて選べるショート&ロング丈展開】シアーシャツＬＳ／接触冷感・吸水速乾,5500,https://www.dot-st.com/lowrysfarm/disp/item/605853/,https://pdimg.dot-st.com/images/lowrysfarm/goods/itemImg60/605853/item_605853_main_50_1779935218.jpg,予約,https://www.dot-st.com/disp/ranking/?dispNo=001001003&periodTp=3&ageRange=25-29
2026-06-11,20代後半,25-29,6,LOWRYS,FARM フライスチビＴＥＥ,3960,https://www.dot-st.com/lowrysfarm/disp/item/637055/,https://pdimg.dot-st.com/images/lowrysfarm/goods/itemImg63/637055/item_637055_main_58_1776131816.jpg,,https://www.dot-st.com/disp/ranking/?dispNo=001001003&periodTp=3&ageRange=25-29
2026-06-11,20代後半,25-29,7,LOWRYS,FARM 【受付中】サテンレースキャミ,4400,https://www.dot-st.com/lowrysfarm/disp/item/664226/,https://pdimg.dot-st.com/images/lowrysfarm/goods/itemImg66/664226/item_664226_main_08_1771500665.jpg,予約,https://www.dot-st.com/disp/ranking/?dispNo=001001003&periodTp=3&ageRange=25-29
2026-06-11,20代後半,25-29,8,HARE,【新色受付中 接触冷感】タグロゴシシュウカット,4950,https://www.dot-st.com/hare/disp/item/680066/,https://pdimg.dot-st.com/images/hare/goods/itemImg68/680066/item_680066_main_09_1776852662.jpg,予約,https://www.dot-st.com/disp/ranking/?dispNo=001001003&periodTp=3&ageRange=25-29
2026-06-11,20代後半,25-29,9,LOWRYS,FARM 【追加】ストライプシャーリングＳＳ,5990,https://www.dot-st.com/lowrysfarm/disp/item/675847/,https://pdimg.dot-st.com/images/lowrysfarm/goods/itemImg67/675847/item_675847_main_70_1777275975.jpg,予約,https://www.dot-st.com/disp/ranking/?dispNo=001001003&periodTp=3&ageRange=25-29
2026-06-11,20代後半,25-29,10,LOWRYS,FARM レースデニムシャツ,6990,https://www.dot-st.com/lowrysfarm/disp/item/684917/,https://pdimg.dot-st.com/images/lowrysfarm/goods/itemImg68/684917/item_684917_main_82_1776826746.jpg,NEW,https://www.dot-st.com/disp/ranking/?dispNo=001001003&periodTp=3&ageRange=25-29
2026-06-11,30代前半,30-34,1,LOWRYS,FARM 【受付中】 シャーリングチュニックフレンチスリーブ,6050,https://www.dot-st.com/lowrysfarm/disp/item/581468/,https://pdimg.dot-st.com/images/lowrysfarm/goods/itemImg58/581468/item_581468_main_08_1776892278.jpg,NEW / 予約,https://www.dot-st.com/disp/ranking/?dispNo=001001003&periodTp=3&ageRange=30-34
2026-06-11,30代前半,30-34,2,LOWRYS,FARM 【受付中】 ヨウリュウシャーリングショートフレンチスリーブ,5500,https://www.dot-st.com/lowrysfarm/disp/item/661674/,https://pdimg.dot-st.com/images/lowrysfarm/goods/itemImg66/661674/item_661674_main_82_1774431020.jpg,NEW / 予約,https://www.dot-st.com/disp/ranking/?dispNo=001001003&periodTp=3&ageRange=30-34
2026-06-11,30代前半,30-34,3,LEPSIM,シアーレースレイヤードT【カラー】,4990,https://www.dot-st.com/lepsim/disp/item/887658/,https://pdimg.dot-st.com/images/lepsim/goods/itemImg88/887658/item_887658_main_09_1780016463.jpg,NEW / 予約,https://www.dot-st.com/disp/ranking/?dispNo=001001003&periodTp=3&ageRange=30-34
2026-06-11,30代前半,30-34,4,GLOBAL,WORK イージーケアリネンシャツ長袖/601200,4490,https://www.dot-st.com/globalwork/disp/item/601200/,https://pdimg.dot-st.com/images/globalwork/goods/itemImg60/601200/item_601200_main_28_1772515397.jpg,,https://www.dot-st.com/disp/ranking/?dispNo=001001003&periodTp=3&ageRange=30-34
2026-06-11,30代前半,30-34,5,LEPSIM,裾アソートレイヤードキャミ【カラー】,3300,https://www.dot-st.com/lepsim/disp/item/639411/,https://pdimg.dot-st.com/images/lepsim/goods/itemImg63/639411/item_639411_main_05_1775540708.jpg,予約,https://www.dot-st.com/disp/ranking/?dispNo=001001003&periodTp=3&ageRange=30-34
2026-06-11,30代前半,30-34,6,studio,CLIP 【新色追加】2WAYレースタンクトップ[プラスサイズあり],2990,https://www.dot-st.com/studioclip/disp/item/647904/,https://pdimg.dot-st.com/images/studioclip/goods/itemImg64/647904/item_647904_main_19_1780274882.jpg,NEW,https://www.dot-st.com/disp/ranking/?dispNo=001001003&periodTp=3&ageRange=30-34
2026-06-11,30代前半,30-34,7,LOWRYS,FARM レイヤードヘンリーSS,4400,https://www.dot-st.com/lowrysfarm/disp/item/638392/,https://pdimg.dot-st.com/images/lowrysfarm/goods/itemImg63/638392/item_638392_main_09_1778487359.jpg,NEW,https://www.dot-st.com/disp/ranking/?dispNo=001001003&periodTp=3&ageRange=30-34
2026-06-11,30代前半,30-34,8,GLOBAL,WORK イージーケアリネンタックブラウス/611205,4990,https://www.dot-st.com/globalwork/disp/item/611205/,https://pdimg.dot-st.com/images/globalwork/goods/itemImg61/611205/item_611205_main_40_1775203753.jpg,,https://www.dot-st.com/disp/ranking/?dispNo=001001003&periodTp=3&ageRange=30-34
2026-06-11,30代前半,30-34,9,niko,and ... ［Make Stuff ’26] ニーロク2セットカーディガン,8000,https://www.dot-st.com/nikoand/disp/item/679266/,https://pdimg.dot-st.com/images/nikoand/goods/itemImg67/679266/item_679266_main_11_1778818198.jpg,NEW,https://www.dot-st.com/disp/ranking/?dispNo=001001003&periodTp=3&ageRange=30-34
2026-06-11,30代前半,30-34,10,LOWRYS,FARM フライスチビＴＥＥ,3960,https://www.dot-st.com/lowrysfarm/disp/item/637055/,https://pdimg.dot-st.com/images/lowrysfarm/goods/itemImg63/637055/item_637055_main_58_1776131816.jpg,,https://www.dot-st.com/disp/ranking/?dispNo=001001003&periodTp=3&ageRange=30-34
2026-06-11,30代後半,35-39,1,LOWRYS,FARM 【受付中】 シャーリングチュニックフレンチスリーブ,6050,https://www.dot-st.com/lowrysfarm/disp/item/581468/,https://pdimg.dot-st.com/images/lowrysfarm/goods/itemImg58/581468/item_581468_main_08_1776892278.jpg,NEW / 予約,https://www.dot-st.com/disp/ranking/?dispNo=001001003&periodTp=3&ageRange=35-39
2026-06-11,30代後半,35-39,2,LEPSIM,レース切り替えポンチョ5分袖シャツ,5990,https://www.dot-st.com/lepsim/disp/item/805512/,https://pdimg.dot-st.com/images/lepsim/goods/itemImg80/805512/item_805512_main_08_1779358557.jpg,,https://www.dot-st.com/disp/ranking/?dispNo=001001003&periodTp=3&ageRange=35-39
2026-06-11,30代後半,35-39,3,LEPSIM,シアーレースレイヤードT【カラー】,4990,https://www.dot-st.com/lepsim/disp/item/887658/,https://pdimg.dot-st.com/images/lepsim/goods/itemImg88/887658/item_887658_main_09_1780016463.jpg,NEW / 予約,https://www.dot-st.com/disp/ranking/?dispNo=001001003&periodTp=3&ageRange=35-39
2026-06-11,30代後半,35-39,4,GLOBAL,WORK イージーケアリネンシャツ長袖/601200,4490,https://www.dot-st.com/globalwork/disp/item/601200/,https://pdimg.dot-st.com/images/globalwork/goods/itemImg60/601200/item_601200_main_28_1772515397.jpg,,https://www.dot-st.com/disp/ranking/?dispNo=001001003&periodTp=3&ageRange=35-39
2026-06-11,30代後半,35-39,5,LOWRYS,FARM 【受付中】 ヨウリュウシャーリングショートフレンチスリーブ,5500,https://www.dot-st.com/lowrysfarm/disp/item/661674/,https://pdimg.dot-st.com/images/lowrysfarm/goods/itemImg66/661674/item_661674_main_82_1774431020.jpg,NEW / 予約,https://www.dot-st.com/disp/ranking/?dispNo=001001003&periodTp=3&ageRange=35-39
2026-06-11,30代後半,35-39,6,studio,CLIP 【新色追加】2WAYレースタンクトップ[プラスサイズあり],2990,https://www.dot-st.com/studioclip/disp/item/647904/,https://pdimg.dot-st.com/images/studioclip/goods/itemImg64/647904/item_647904_main_19_1780274882.jpg,NEW,https://www.dot-st.com/disp/ranking/?dispNo=001001003&periodTp=3&ageRange=35-39
2026-06-11,30代後半,35-39,7,LEPSIM,《レプクル》異素材フリルBIGT【カラー】,4400,https://www.dot-st.com/lepsim/disp/item/242843/,https://pdimg.dot-st.com/images/lepsim/goods/itemImg24/242843/item_242843_main_85_1777625015.jpg,予約,https://www.dot-st.com/disp/ranking/?dispNo=001001003&periodTp=3&ageRange=35-39
2026-06-11,30代後半,35-39,8,niko,and ... ［Make Stuff ’26] ニーロク2セットカーディガン,8000,https://www.dot-st.com/nikoand/disp/item/679266/,https://pdimg.dot-st.com/images/nikoand/goods/itemImg67/679266/item_679266_main_11_1778818198.jpg,NEW,https://www.dot-st.com/disp/ranking/?dispNo=001001003&periodTp=3&ageRange=35-39
2026-06-11,30代後半,35-39,9,LEPSIM,裾アソートレイヤードキャミ【カラー】,3300,https://www.dot-st.com/lepsim/disp/item/639411/,https://pdimg.dot-st.com/images/lepsim/goods/itemImg63/639411/item_639411_main_05_1775540708.jpg,予約,https://www.dot-st.com/disp/ranking/?dispNo=001001003&periodTp=3&ageRange=35-39
2026-06-11,30代後半,35-39,10,GLOBAL,WORK お手入れラクラクセットアップ/ジレ/632433,5990,https://www.dot-st.com/globalwork/disp/item/632433/,https://pdimg.dot-st.com/images/globalwork/goods/itemImg63/632433/item_632433_main_51_1777601622.jpg,,https://www.dot-st.com/disp/ranking/?dispNo=001001003&periodTp=3&ageRange=35-39
2026-06-11,20代後半,25-29,1,LOWRYS,FARM 【受付中】 ヨウリュウシャーリングショートフレンチスリーブ,5500,https://www.dot-st.com/lowrysfarm/disp/item/661674/,https://pdimg.dot-st.com/images/lowrysfarm/goods/itemImg66/661674/item_661674_main_82_1774431020.jpg,NEW / 予約,https://www.dot-st.com/disp/ranking/?dispNo=001001003&periodTp=3&ageRange=25-29
2026-06-11,20代後半,25-29,2,LOWRYS,FARM 【受付中】 シャーリングチュニックフレンチスリーブ,6050,https://www.dot-st.com/lowrysfarm/disp/item/581468/,https://pdimg.dot-st.com/images/lowrysfarm/goods/itemImg58/581468/item_581468_main_08_1776892278.jpg,NEW / 予約,https://www.dot-st.com/disp/ranking/?dispNo=001001003&periodTp=3&ageRange=25-29
2026-06-11,20代後半,25-29,3,PAGEBOY,【】レースカイキンシャツ (半袖),6600,https://www.dot-st.com/pageboy/disp/item/492982/,https://pdimg.dot-st.com/images/pageboy/goods/itemImg49/492982/item_492982_main_89_1745384690.jpg,WEB限定,https://www.dot-st.com/disp/ranking/?dispNo=001001003&periodTp=3&ageRange=25-29
2026-06-11,20代後半,25-29,4,LOWRYS,FARM レイヤードヘンリーSS,4400,https://www.dot-st.com/lowrysfarm/disp/item/638392/,https://pdimg.dot-st.com/images/lowrysfarm/goods/itemImg63/638392/item_638392_main_09_1778487359.jpg,NEW,https://www.dot-st.com/disp/ranking/?dispNo=001001003&periodTp=3&ageRange=25-29
2026-06-11,20代後半,25-29,5,LOWRYS,FARM 【受付中】 【体形に合わせて選べるショート&ロング丈展開】シアーシャツＬＳ／接触冷感・吸水速乾,5500,https://www.dot-st.com/lowrysfarm/disp/item/605853/,https://pdimg.dot-st.com/images/lowrysfarm/goods/itemImg60/605853/item_605853_main_50_1779935218.jpg,予約,https://www.dot-st.com/disp/ranking/?dispNo=001001003&periodTp=3&ageRange=25-29
2026-06-11,20代後半,25-29,6,LOWRYS,FARM フライスチビＴＥＥ,3960,https://www.dot-st.com/lowrysfarm/disp/item/637055/,https://pdimg.dot-st.com/images/lowrysfarm/goods/itemImg63/637055/item_637055_main_58_1776131816.jpg,,https://www.dot-st.com/disp/ranking/?dispNo=001001003&periodTp=3&ageRange=25-29
2026-06-11,20代後半,25-29,7,LOWRYS,FARM 【受付中】サテンレースキャミ,4400,https://www.dot-st.com/lowrysfarm/disp/item/664226/,https://pdimg.dot-st.com/images/lowrysfarm/goods/itemImg66/664226/item_664226_main_08_1771500665.jpg,予約,https://www.dot-st.com/disp/ranking/?dispNo=001001003&periodTp=3&ageRange=25-29
2026-06-11,20代後半,25-29,8,HARE,【新色受付中 接触冷感】タグロゴシシュウカット,4950,https://www.dot-st.com/hare/disp/item/680066/,https://pdimg.dot-st.com/images/hare/goods/itemImg68/680066/item_680066_main_09_1776852662.jpg,予約,https://www.dot-st.com/disp/ranking/?dispNo=001001003&periodTp=3&ageRange=25-29
2026-06-11,20代後半,25-29,9,LOWRYS,FARM 【追加】ストライプシャーリングＳＳ,5990,https://www.dot-st.com/lowrysfarm/disp/item/675847/,https://pdimg.dot-st.com/images/lowrysfarm/goods/itemImg67/675847/item_675847_main_70_1777275975.jpg,予約,https://www.dot-st.com/disp/ranking/?dispNo=001001003&periodTp=3&ageRange=25-29
2026-06-11,20代後半,25-29,10,LOWRYS,FARM レースデニムシャツ,6990,https://www.dot-st.com/lowrysfarm/disp/item/684917/,https://pdimg.dot-st.com/images/lowrysfarm/goods/itemImg68/684917/item_684917_main_82_1776826746.jpg,NEW,https://www.dot-st.com/disp/ranking/?dispNo=001001003&periodTp=3&ageRange=25-29
2026-06-11,30代前半,30-34,1,LOWRYS,FARM 【受付中】 シャーリングチュニックフレンチスリーブ,6050,https://www.dot-st.com/lowrysfarm/disp/item/581468/,https://pdimg.dot-st.com/images/lowrysfarm/goods/itemImg58/581468/item_581468_main_08_1776892278.jpg,NEW / 予約,https://www.dot-st.com/disp/ranking/?dispNo=001001003&periodTp=3&ageRange=30-34
2026-06-11,30代前半,30-34,2,LOWRYS,FARM 【受付中】 ヨウリュウシャーリングショートフレンチスリーブ,5500,https://www.dot-st.com/lowrysfarm/disp/item/661674/,https://pdimg.dot-st.com/images/lowrysfarm/goods/itemImg66/661674/item_661674_main_82_1774431020.jpg,NEW / 予約,https://www.dot-st.com/disp/ranking/?dispNo=001001003&periodTp=3&ageRange=30-34
2026-06-11,30代前半,30-34,3,LEPSIM,シアーレースレイヤードT【カラー】,4990,https://www.dot-st.com/lepsim/disp/item/887658/,https://pdimg.dot-st.com/images/lepsim/goods/itemImg88/887658/item_887658_main_09_1780016463.jpg,NEW / 予約,https://www.dot-st.com/disp/ranking/?dispNo=001001003&periodTp=3&ageRange=30-34
2026-06-11,30代前半,30-34,4,GLOBAL,WORK イージーケアリネンシャツ長袖/601200,4490,https://www.dot-st.com/globalwork/disp/item/601200/,https://pdimg.dot-st.com/images/globalwork/goods/itemImg60/601200/item_601200_main_28_1772515397.jpg,,https://www.dot-st.com/disp/ranking/?dispNo=001001003&periodTp=3&ageRange=30-34
2026-06-11,30代前半,30-34,5,LEPSIM,裾アソートレイヤードキャミ【カラー】,3300,https://www.dot-st.com/lepsim/disp/item/639411/,https://pdimg.dot-st.com/images/lepsim/goods/itemImg63/639411/item_639411_main_05_1775540708.jpg,予約,https://www.dot-st.com/disp/ranking/?dispNo=001001003&periodTp=3&ageRange=30-34
2026-06-11,30代前半,30-34,6,studio,CLIP 【新色追加】2WAYレースタンクトップ[プラスサイズあり],2990,https://www.dot-st.com/studioclip/disp/item/647904/,https://pdimg.dot-st.com/images/studioclip/goods/itemImg64/647904/item_647904_main_19_1780274882.jpg,NEW,https://www.dot-st.com/disp/ranking/?dispNo=001001003&periodTp=3&ageRange=30-34
2026-06-11,30代前半,30-34,7,LOWRYS,FARM レイヤードヘンリーSS,4400,https://www.dot-st.com/lowrysfarm/disp/item/638392/,https://pdimg.dot-st.com/images/lowrysfarm/goods/itemImg63/638392/item_638392_main_09_1778487359.jpg,NEW,https://www.dot-st.com/disp/ranking/?dispNo=001001003&periodTp=3&ageRange=30-34
2026-06-11,30代前半,30-34,8,GLOBAL,WORK イージーケアリネンタックブラウス/611205,4990,https://www.dot-st.com/globalwork/disp/item/611205/,https://pdimg.dot-st.com/images/globalwork/goods/itemImg61/611205/item_611205_main_40_1775203753.jpg,,https://www.dot-st.com/disp/ranking/?dispNo=001001003&periodTp=3&ageRange=30-34
2026-06-11,30代前半,30-34,9,niko,and ... ［Make Stuff ’26] ニーロク2セットカーディガン,8000,https://www.dot-st.com/nikoand/disp/item/679266/,https://pdimg.dot-st.com/images/nikoand/goods/itemImg67/679266/item_679266_main_11_1778818198.jpg,NEW,https://www.dot-st.com/disp/ranking/?dispNo=001001003&periodTp=3&ageRange=30-34
2026-06-11,30代前半,30-34,10,LOWRYS,FARM フライスチビＴＥＥ,3960,https://www.dot-st.com/lowrysfarm/disp/item/637055/,https://pdimg.dot-st.com/images/lowrysfarm/goods/itemImg63/637055/item_637055_main_58_1776131816.jpg,,https://www.dot-st.com/disp/ranking/?dispNo=001001003&periodTp=3&ageRange=30-34
2026-06-11,30代後半,35-39,1,LOWRYS,FARM 【受付中】 シャーリングチュニックフレンチスリーブ,6050,https://www.dot-st.com/lowrysfarm/disp/item/581468/,https://pdimg.dot-st.com/images/lowrysfarm/goods/itemImg58/581468/item_581468_main_08_1776892278.jpg,NEW / 予約,https://www.dot-st.com/disp/ranking/?dispNo=001001003&periodTp=3&ageRange=35-39
2026-06-11,30代後半,35-39,2,LEPSIM,レース切り替えポンチョ5分袖シャツ,5990,https://www.dot-st.com/lepsim/disp/item/805512/,https://pdimg.dot-st.com/images/lepsim/goods/itemImg80/805512/item_805512_main_08_1779358557.jpg,,https://www.dot-st.com/disp/ranking/?dispNo=001001003&periodTp=3&ageRange=35-39
2026-06-11,30代後半,35-39,3,LEPSIM,シアーレースレイヤードT【カラー】,4990,https://www.dot-st.com/lepsim/disp/item/887658/,https://pdimg.dot-st.com/images/lepsim/goods/itemImg88/887658/item_887658_main_09_1780016463.jpg,NEW / 予約,https://www.dot-st.com/disp/ranking/?dispNo=001001003&periodTp=3&ageRange=35-39
2026-06-11,30代後半,35-39,4,GLOBAL,WORK イージーケアリネンシャツ長袖/601200,4490,https://www.dot-st.com/globalwork/disp/item/601200/,https://pdimg.dot-st.com/images/globalwork/goods/itemImg60/601200/item_601200_main_28_1772515397.jpg,,https://www.dot-st.com/disp/ranking/?dispNo=001001003&periodTp=3&ageRange=35-39
2026-06-11,30代後半,35-39,5,LOWRYS,FARM 【受付中】 ヨウリュウシャーリングショートフレンチスリーブ,5500,https://www.dot-st.com/lowrysfarm/disp/item/661674/,https://pdimg.dot-st.com/images/lowrysfarm/goods/itemImg66/661674/item_661674_main_82_1774431020.jpg,NEW / 予約,https://www.dot-st.com/disp/ranking/?dispNo=001001003&periodTp=3&ageRange=35-39
2026-06-11,30代後半,35-39,6,studio,CLIP 【新色追加】2WAYレースタンクトップ[プラスサイズあり],2990,https://www.dot-st.com/studioclip/disp/item/647904/,https://pdimg.dot-st.com/images/studioclip/goods/itemImg64/647904/item_647904_main_19_1780274882.jpg,NEW,https://www.dot-st.com/disp/ranking/?dispNo=001001003&periodTp=3&ageRange=35-39
2026-06-11,30代後半,35-39,7,LEPSIM,《レプクル》異素材フリルBIGT【カラー】,4400,https://www.dot-st.com/lepsim/disp/item/242843/,https://pdimg.dot-st.com/images/lepsim/goods/itemImg24/242843/item_242843_main_85_1777625015.jpg,予約,https://www.dot-st.com/disp/ranking/?dispNo=001001003&periodTp=3&ageRange=35-39
2026-06-11,30代後半,35-39,8,niko,and ... ［Make Stuff ’26] ニーロク2セットカーディガン,8000,https://www.dot-st.com/nikoand/disp/item/679266/,https://pdimg.dot-st.com/images/nikoand/goods/itemImg67/679266/item_679266_main_11_1778818198.jpg,NEW,https://www.dot-st.com/disp/ranking/?dispNo=001001003&periodTp=3&ageRange=35-39
2026-06-11,30代後半,35-39,9,LEPSIM,裾アソートレイヤードキャミ【カラー】,3300,https://www.dot-st.com/lepsim/disp/item/639411/,https://pdimg.dot-st.com/images/lepsim/goods/itemImg63/639411/item_639411_main_05_1775540708.jpg,予約,https://www.dot-st.com/disp/ranking/?dispNo=001001003&periodTp=3&ageRange=35-39
2026-06-11,30代後半,35-39,10,GLOBAL,WORK お手入れラクラクセットアップ/ジレ/632433,5990,https://www.dot-st.com/globalwork/disp/item/632433/,https://pdimg.dot-st.com/images/globalwork/goods/itemImg63/632433/item_632433_main_51_1777601622.jpg,,https://www.dot-st.com/disp/ranking/?dispNo=001001003&periodTp=3&ageRange=35-39
2026-06-12,20代後半,25-29,1,LOWRYS,FARM ブークレニットポロＳＳ,5500,https://www.dot-st.com/lowrysfarm/disp/item/669414/,https://pdimg.dot-st.com/images/lowrysfarm/goods/itemImg66/669414/item_669414_main_08_1774432091.jpg,NEW,https://www.dot-st.com/disp/ranking/?dispNo=001001003&periodTp=3&ageRange=25-29
2026-06-12,20代後半,25-29,2,HARE,【接触冷感】フラワーアートバックプリントカット,6930,https://www.dot-st.com/hare/disp/item/680063/,https://pdimg.dot-st.com/images/hare/goods/itemImg68/680063/item_680063_main_05_1776405828.jpg,,https://www.dot-st.com/disp/ranking/?dispNo=001001003&periodTp=3&ageRange=25-29
2026-06-12,20代後半,25-29,3,LOWRYS,FARM ペプラムチュニックＳＳ,6050,https://www.dot-st.com/lowrysfarm/disp/item/660871/,https://pdimg.dot-st.com/images/lowrysfarm/goods/itemImg66/660871/item_660871_main_06_1772306172.jpg,NEW,https://www.dot-st.com/disp/ranking/?dispNo=001001003&periodTp=3&ageRange=25-29
2026-06-12,20代後半,25-29,4,LOWRYS,FARM 【受付中】 ヨウリュウシャーリングショートフレンチスリーブ,5500,https://www.dot-st.com/lowrysfarm/disp/item/661674/,https://pdimg.dot-st.com/images/lowrysfarm/goods/itemImg66/661674/item_661674_main_82_1774431020.jpg,NEW / 予約,https://www.dot-st.com/disp/ranking/?dispNo=001001003&periodTp=3&ageRange=25-29
2026-06-12,20代後半,25-29,5,LOWRYS,FARM 【追加】ストライプシャーリングＳＳ,5990,https://www.dot-st.com/lowrysfarm/disp/item/675847/,https://pdimg.dot-st.com/images/lowrysfarm/goods/itemImg67/675847/item_675847_main_70_1777275975.jpg,予約,https://www.dot-st.com/disp/ranking/?dispNo=001001003&periodTp=3&ageRange=25-29
2026-06-12,20代後半,25-29,6,Heather,【新色入荷/一部追加】ボリュームチュールキャミ,7700,https://www.dot-st.com/heather/disp/item/659558/,https://pdimg.dot-st.com/images/heather/goods/itemImg65/659558/item_659558_main_08_1772534057.jpg,予約,https://www.dot-st.com/disp/ranking/?dispNo=001001003&periodTp=3&ageRange=25-29
2026-06-12,20代後半,25-29,7,HARE,【SET UP対応 LADIES】ジャガードアシメプリーツシャツ,11000,https://www.dot-st.com/hare/disp/item/661455/,https://pdimg.dot-st.com/images/hare/goods/itemImg66/661455/item_661455_main_08_1775109339.jpg,,https://www.dot-st.com/disp/ranking/?dispNo=001001003&periodTp=3&ageRange=25-29
2026-06-12,20代後半,25-29,8,JEANASIS,14GレーストリムリブカーディガンSS,7190,https://www.dot-st.com/jeanasis/disp/item/911281/,https://pdimg.dot-st.com/images/jeanasis/goods/itemImg91/911281/item_911281_main_87_1781072474.jpg,NEW,https://www.dot-st.com/disp/ranking/?dispNo=001001003&periodTp=3&ageRange=25-29
2026-06-12,20代後半,25-29,9,GLOBAL,WORK リッチクリーンプリントT半袖/636780,3490,https://www.dot-st.com/globalwork/disp/item/636780/,https://pdimg.dot-st.com/images/globalwork/goods/itemImg63/636780/item_636780_main_78_1779925550.jpg,NEW,https://www.dot-st.com/disp/ranking/?dispNo=001001003&periodTp=3&ageRange=25-29
2026-06-12,20代後半,25-29,10,PAGEBOY,【/新色登場】フェイクレイヤードヘンリートップス,4990,https://www.dot-st.com/pageboy/disp/item/680566/,https://pdimg.dot-st.com/images/pageboy/goods/itemImg68/680566/item_680566_main_18_1780307907.jpg,再入荷,https://www.dot-st.com/disp/ranking/?dispNo=001001003&periodTp=3&ageRange=25-29
2026-06-12,30代前半,30-34,1,LEPSIM,シアーレースレイヤードT【カラー】,4990,https://www.dot-st.com/lepsim/disp/item/887658/,https://pdimg.dot-st.com/images/lepsim/goods/itemImg88/887658/item_887658_main_09_1780016463.jpg,NEW / 予約,https://www.dot-st.com/disp/ranking/?dispNo=001001003&periodTp=3&ageRange=30-34
2026-06-12,30代前半,30-34,2,LOWRYS,FARM 【受付中】 シャーリングチュニックフレンチスリーブ,6050,https://www.dot-st.com/lowrysfarm/disp/item/581468/,https://pdimg.dot-st.com/images/lowrysfarm/goods/itemImg58/581468/item_581468_main_08_1776892278.jpg,NEW / 予約,https://www.dot-st.com/disp/ranking/?dispNo=001001003&periodTp=3&ageRange=30-34
2026-06-12,30代前半,30-34,3,LOWRYS,FARM ペプラムチュニックＳＳ,6050,https://www.dot-st.com/lowrysfarm/disp/item/660871/,https://pdimg.dot-st.com/images/lowrysfarm/goods/itemImg66/660871/item_660871_main_06_1772306172.jpg,NEW,https://www.dot-st.com/disp/ranking/?dispNo=001001003&periodTp=3&ageRange=30-34
2026-06-12,30代前半,30-34,4,HARE,イソザイレイヤーフリルキャミソール,9900,https://www.dot-st.com/hare/disp/item/759478/,https://pdimg.dot-st.com/images/hare/goods/itemImg75/759478/item_759478_main_08_1777373001.jpg,NEW,https://www.dot-st.com/disp/ranking/?dispNo=001001003&periodTp=3&ageRange=30-34
2026-06-12,30代前半,30-34,5,studio,CLIP カットワークレース半袖シャツ,6990,https://www.dot-st.com/studioclip/disp/item/687426/,https://pdimg.dot-st.com/images/studioclip/goods/itemImg68/687426/item_687426_main_10_1775617417.jpg,NEW,https://www.dot-st.com/disp/ranking/?dispNo=001001003&periodTp=3&ageRange=30-34
2026-06-12,30代前半,30-34,6,GLOBAL,WORK リッチクリーンTシャツ/半袖プリント/636394,3990,https://www.dot-st.com/globalwork/disp/item/636394/,https://pdimg.dot-st.com/images/globalwork/goods/itemImg63/636394/item_636394_main_07_1778237958.jpg,,https://www.dot-st.com/disp/ranking/?dispNo=001001003&periodTp=3&ageRange=30-34
2026-06-12,30代前半,30-34,7,GLOBAL,WORK サラサラDRYスクエアタンク/636753,1980,https://www.dot-st.com/globalwork/disp/item/636753/,https://pdimg.dot-st.com/images/globalwork/goods/itemImg63/636753/item_636753_main_08_1774950911.jpg,NEW,https://www.dot-st.com/disp/ranking/?dispNo=001001003&periodTp=3&ageRange=30-34
2026-06-12,30代前半,30-34,8,LEPSIM,シアードロストベスト,5990,https://www.dot-st.com/lepsim/disp/item/816494/,https://pdimg.dot-st.com/images/lepsim/goods/itemImg81/816494/item_816494_main_78_1780032518.jpg,NEW,https://www.dot-st.com/disp/ranking/?dispNo=001001003&periodTp=3&ageRange=30-34
2026-06-12,30代前半,30-34,9,GLOBAL,WORK ひんやり涼しい/フローズン裾フリル切り替えTシャツ/872700,3990,https://www.dot-st.com/globalwork/disp/item/872700/,https://pdimg.dot-st.com/images/globalwork/goods/itemImg87/872700/item_872700_main_05_1779699865.jpg,NEW,https://www.dot-st.com/disp/ranking/?dispNo=001001003&periodTp=3&ageRange=30-34
2026-06-12,30代前半,30-34,10,HARE,【新色受付中！LADIES】パーツツキネクタイシャツ,11000,https://www.dot-st.com/hare/disp/item/664012/,https://pdimg.dot-st.com/images/hare/goods/itemImg66/664012/item_664012_main_09_1773400093.jpg,予約,https://www.dot-st.com/disp/ranking/?dispNo=001001003&periodTp=3&ageRange=30-34
2026-06-12,30代後半,35-39,1,GLOBAL,WORK クロシェレースビスチェ/759908,2990,https://www.dot-st.com/globalwork/disp/item/759908/,https://pdimg.dot-st.com/images/globalwork/goods/itemImg75/759908/item_759908_main_08_1780281916.jpg,NEW,https://www.dot-st.com/disp/ranking/?dispNo=001001003&periodTp=3&ageRange=35-39
2026-06-12,30代後半,35-39,2,LOWRYS,FARM 【受付中】 シャーリングチュニックフレンチスリーブ,6050,https://www.dot-st.com/lowrysfarm/disp/item/581468/,https://pdimg.dot-st.com/images/lowrysfarm/goods/itemImg58/581468/item_581468_main_08_1776892278.jpg,NEW / 予約,https://www.dot-st.com/disp/ranking/?dispNo=001001003&periodTp=3&ageRange=35-39
2026-06-12,30代後半,35-39,3,niko,and ... ［Make Stuff ’26] ニーロク2セットカーディガン,8000,https://www.dot-st.com/nikoand/disp/item/679266/,https://pdimg.dot-st.com/images/nikoand/goods/itemImg67/679266/item_679266_main_11_1778818198.jpg,NEW,https://www.dot-st.com/disp/ranking/?dispNo=001001003&periodTp=3&ageRange=35-39
2026-06-12,30代後半,35-39,4,GLOBAL,WORK リッチクリーンプリントT半袖/636780,3490,https://www.dot-st.com/globalwork/disp/item/636780/,https://pdimg.dot-st.com/images/globalwork/goods/itemImg63/636780/item_636780_main_78_1779925550.jpg,NEW,https://www.dot-st.com/disp/ranking/?dispNo=001001003&periodTp=3&ageRange=35-39
2026-06-12,30代後半,35-39,5,LEPSIM,シアーレースレイヤードT【カラー】,4990,https://www.dot-st.com/lepsim/disp/item/887658/,https://pdimg.dot-st.com/images/lepsim/goods/itemImg88/887658/item_887658_main_09_1780016463.jpg,NEW / 予約,https://www.dot-st.com/disp/ranking/?dispNo=001001003&periodTp=3&ageRange=35-39
2026-06-12,30代後半,35-39,6,LEPSIM,《レプクル》異素材フリルBIGT【カラー】,4400,https://www.dot-st.com/lepsim/disp/item/242843/,https://pdimg.dot-st.com/images/lepsim/goods/itemImg24/242843/item_242843_main_85_1777625015.jpg,予約,https://www.dot-st.com/disp/ranking/?dispNo=001001003&periodTp=3&ageRange=35-39
2026-06-12,30代後半,35-39,7,niko,and ... 【今夜も餃子とブギーバック2】LOVE Tシャツ【】,6000,https://www.dot-st.com/nikoand/disp/item/1042117/,https://pdimg.dot-st.com/images/nikoand/goods/itemImg104/1042117/item_1042117_main_01_1780647375.jpg,予約,https://www.dot-st.com/disp/ranking/?dispNo=001001003&periodTp=3&ageRange=35-39
2026-06-12,30代後半,35-39,8,20%OFF,PAGEBOY 【】レースカイキンシャツ (半袖),5280,https://www.dot-st.com/pageboy/disp/item/492982/,https://pdimg.dot-st.com/images/pageboy/goods/itemImg49/492982/item_492982_main_89_1745384690.jpg,WEB限定,https://www.dot-st.com/disp/ranking/?dispNo=001001003&periodTp=3&ageRange=35-39
2026-06-12,30代後半,35-39,9,niko,and ... ボタニカルリワークシャツ,6600,https://www.dot-st.com/nikoand/disp/item/638948/,https://pdimg.dot-st.com/images/nikoand/goods/itemImg63/638948/item_638948_main_88_1777355684.jpg,,https://www.dot-st.com/disp/ranking/?dispNo=001001003&periodTp=3&ageRange=35-39
2026-06-12,30代後半,35-39,10,niko,and ... [Make Stuff ’26] aimiモヤカワBIGTシャツ,5500,https://www.dot-st.com/nikoand/disp/item/672871/,https://pdimg.dot-st.com/images/nikoand/goods/itemImg67/672871/item_672871_main_19_1778818701.jpg,NEW,https://www.dot-st.com/disp/ranking/?dispNo=001001003&periodTp=3&ageRange=35-39
2026-06-12,20代後半,25-29,1,LOWRYS,FARM ブークレニットポロＳＳ,5500,https://www.dot-st.com/lowrysfarm/disp/item/669414/,https://pdimg.dot-st.com/images/lowrysfarm/goods/itemImg66/669414/item_669414_main_08_1774432091.jpg,NEW,https://www.dot-st.com/disp/ranking/?dispNo=001001003&periodTp=3&ageRange=25-29
2026-06-12,20代後半,25-29,2,HARE,【接触冷感】フラワーアートバックプリントカット,6930,https://www.dot-st.com/hare/disp/item/680063/,https://pdimg.dot-st.com/images/hare/goods/itemImg68/680063/item_680063_main_05_1776405828.jpg,,https://www.dot-st.com/disp/ranking/?dispNo=001001003&periodTp=3&ageRange=25-29
2026-06-12,20代後半,25-29,3,LOWRYS,FARM ペプラムチュニックＳＳ,6050,https://www.dot-st.com/lowrysfarm/disp/item/660871/,https://pdimg.dot-st.com/images/lowrysfarm/goods/itemImg66/660871/item_660871_main_06_1772306172.jpg,NEW,https://www.dot-st.com/disp/ranking/?dispNo=001001003&periodTp=3&ageRange=25-29
2026-06-12,20代後半,25-29,4,LOWRYS,FARM 【受付中】 ヨウリュウシャーリングショートフレンチスリーブ,5500,https://www.dot-st.com/lowrysfarm/disp/item/661674/,https://pdimg.dot-st.com/images/lowrysfarm/goods/itemImg66/661674/item_661674_main_82_1774431020.jpg,NEW / 予約,https://www.dot-st.com/disp/ranking/?dispNo=001001003&periodTp=3&ageRange=25-29
2026-06-12,20代後半,25-29,5,LOWRYS,FARM 【追加】ストライプシャーリングＳＳ,5990,https://www.dot-st.com/lowrysfarm/disp/item/675847/,https://pdimg.dot-st.com/images/lowrysfarm/goods/itemImg67/675847/item_675847_main_70_1777275975.jpg,予約,https://www.dot-st.com/disp/ranking/?dispNo=001001003&periodTp=3&ageRange=25-29
2026-06-12,20代後半,25-29,6,Heather,【新色入荷/一部追加】ボリュームチュールキャミ,7700,https://www.dot-st.com/heather/disp/item/659558/,https://pdimg.dot-st.com/images/heather/goods/itemImg65/659558/item_659558_main_08_1772534057.jpg,予約,https://www.dot-st.com/disp/ranking/?dispNo=001001003&periodTp=3&ageRange=25-29
2026-06-12,20代後半,25-29,7,HARE,【SET UP対応 LADIES】ジャガードアシメプリーツシャツ,11000,https://www.dot-st.com/hare/disp/item/661455/,https://pdimg.dot-st.com/images/hare/goods/itemImg66/661455/item_661455_main_08_1775109339.jpg,,https://www.dot-st.com/disp/ranking/?dispNo=001001003&periodTp=3&ageRange=25-29
2026-06-12,20代後半,25-29,8,JEANASIS,14GレーストリムリブカーディガンSS,7190,https://www.dot-st.com/jeanasis/disp/item/911281/,https://pdimg.dot-st.com/images/jeanasis/goods/itemImg91/911281/item_911281_main_87_1781072474.jpg,NEW,https://www.dot-st.com/disp/ranking/?dispNo=001001003&periodTp=3&ageRange=25-29
2026-06-12,20代後半,25-29,9,GLOBAL,WORK リッチクリーンプリントT半袖/636780,3490,https://www.dot-st.com/globalwork/disp/item/636780/,https://pdimg.dot-st.com/images/globalwork/goods/itemImg63/636780/item_636780_main_78_1779925550.jpg,NEW,https://www.dot-st.com/disp/ranking/?dispNo=001001003&periodTp=3&ageRange=25-29
2026-06-12,20代後半,25-29,10,PAGEBOY,【/新色登場】フェイクレイヤードヘンリートップス,4990,https://www.dot-st.com/pageboy/disp/item/680566/,https://pdimg.dot-st.com/images/pageboy/goods/itemImg68/680566/item_680566_main_18_1780307907.jpg,再入荷,https://www.dot-st.com/disp/ranking/?dispNo=001001003&periodTp=3&ageRange=25-29
2026-06-12,30代前半,30-34,1,LEPSIM,シアーレースレイヤードT【カラー】,4990,https://www.dot-st.com/lepsim/disp/item/887658/,https://pdimg.dot-st.com/images/lepsim/goods/itemImg88/887658/item_887658_main_09_1780016463.jpg,NEW / 予約,https://www.dot-st.com/disp/ranking/?dispNo=001001003&periodTp=3&ageRange=30-34
2026-06-12,30代前半,30-34,2,LOWRYS,FARM 【受付中】 シャーリングチュニックフレンチスリーブ,6050,https://www.dot-st.com/lowrysfarm/disp/item/581468/,https://pdimg.dot-st.com/images/lowrysfarm/goods/itemImg58/581468/item_581468_main_08_1776892278.jpg,NEW / 予約,https://www.dot-st.com/disp/ranking/?dispNo=001001003&periodTp=3&ageRange=30-34
2026-06-12,30代前半,30-34,3,LOWRYS,FARM ペプラムチュニックＳＳ,6050,https://www.dot-st.com/lowrysfarm/disp/item/660871/,https://pdimg.dot-st.com/images/lowrysfarm/goods/itemImg66/660871/item_660871_main_06_1772306172.jpg,NEW,https://www.dot-st.com/disp/ranking/?dispNo=001001003&periodTp=3&ageRange=30-34
2026-06-12,30代前半,30-34,4,HARE,イソザイレイヤーフリルキャミソール,9900,https://www.dot-st.com/hare/disp/item/759478/,https://pdimg.dot-st.com/images/hare/goods/itemImg75/759478/item_759478_main_08_1777373001.jpg,NEW,https://www.dot-st.com/disp/ranking/?dispNo=001001003&periodTp=3&ageRange=30-34
2026-06-12,30代前半,30-34,5,studio,CLIP カットワークレース半袖シャツ,6990,https://www.dot-st.com/studioclip/disp/item/687426/,https://pdimg.dot-st.com/images/studioclip/goods/itemImg68/687426/item_687426_main_10_1775617417.jpg,NEW,https://www.dot-st.com/disp/ranking/?dispNo=001001003&periodTp=3&ageRange=30-34
2026-06-12,30代前半,30-34,6,GLOBAL,WORK リッチクリーンTシャツ/半袖プリント/636394,3990,https://www.dot-st.com/globalwork/disp/item/636394/,https://pdimg.dot-st.com/images/globalwork/goods/itemImg63/636394/item_636394_main_07_1778237958.jpg,,https://www.dot-st.com/disp/ranking/?dispNo=001001003&periodTp=3&ageRange=30-34
2026-06-12,30代前半,30-34,7,GLOBAL,WORK サラサラDRYスクエアタンク/636753,1980,https://www.dot-st.com/globalwork/disp/item/636753/,https://pdimg.dot-st.com/images/globalwork/goods/itemImg63/636753/item_636753_main_08_1774950911.jpg,NEW,https://www.dot-st.com/disp/ranking/?dispNo=001001003&periodTp=3&ageRange=30-34
2026-06-12,30代前半,30-34,8,LEPSIM,シアードロストベスト,5990,https://www.dot-st.com/lepsim/disp/item/816494/,https://pdimg.dot-st.com/images/lepsim/goods/itemImg81/816494/item_816494_main_78_1780032518.jpg,NEW,https://www.dot-st.com/disp/ranking/?dispNo=001001003&periodTp=3&ageRange=30-34
2026-06-12,30代前半,30-34,9,GLOBAL,WORK ひんやり涼しい/フローズン裾フリル切り替えTシャツ/872700,3990,https://www.dot-st.com/globalwork/disp/item/872700/,https://pdimg.dot-st.com/images/globalwork/goods/itemImg87/872700/item_872700_main_05_1779699865.jpg,NEW,https://www.dot-st.com/disp/ranking/?dispNo=001001003&periodTp=3&ageRange=30-34
2026-06-12,30代前半,30-34,10,HARE,【新色受付中！LADIES】パーツツキネクタイシャツ,11000,https://www.dot-st.com/hare/disp/item/664012/,https://pdimg.dot-st.com/images/hare/goods/itemImg66/664012/item_664012_main_09_1773400093.jpg,予約,https://www.dot-st.com/disp/ranking/?dispNo=001001003&periodTp=3&ageRange=30-34
2026-06-12,30代後半,35-39,1,GLOBAL,WORK クロシェレースビスチェ/759908,2990,https://www.dot-st.com/globalwork/disp/item/759908/,https://pdimg.dot-st.com/images/globalwork/goods/itemImg75/759908/item_759908_main_08_1780281916.jpg,NEW,https://www.dot-st.com/disp/ranking/?dispNo=001001003&periodTp=3&ageRange=35-39
2026-06-12,30代後半,35-39,2,LOWRYS,FARM 【受付中】 シャーリングチュニックフレンチスリーブ,6050,https://www.dot-st.com/lowrysfarm/disp/item/581468/,https://pdimg.dot-st.com/images/lowrysfarm/goods/itemImg58/581468/item_581468_main_08_1776892278.jpg,NEW / 予約,https://www.dot-st.com/disp/ranking/?dispNo=001001003&periodTp=3&ageRange=35-39
2026-06-12,30代後半,35-39,3,niko,and ... ［Make Stuff ’26] ニーロク2セットカーディガン,8000,https://www.dot-st.com/nikoand/disp/item/679266/,https://pdimg.dot-st.com/images/nikoand/goods/itemImg67/679266/item_679266_main_11_1778818198.jpg,NEW,https://www.dot-st.com/disp/ranking/?dispNo=001001003&periodTp=3&ageRange=35-39
2026-06-12,30代後半,35-39,4,GLOBAL,WORK リッチクリーンプリントT半袖/636780,3490,https://www.dot-st.com/globalwork/disp/item/636780/,https://pdimg.dot-st.com/images/globalwork/goods/itemImg63/636780/item_636780_main_78_1779925550.jpg,NEW,https://www.dot-st.com/disp/ranking/?dispNo=001001003&periodTp=3&ageRange=35-39
2026-06-12,30代後半,35-39,5,LEPSIM,シアーレースレイヤードT【カラー】,4990,https://www.dot-st.com/lepsim/disp/item/887658/,https://pdimg.dot-st.com/images/lepsim/goods/itemImg88/887658/item_887658_main_09_1780016463.jpg,NEW / 予約,https://www.dot-st.com/disp/ranking/?dispNo=001001003&periodTp=3&ageRange=35-39
2026-06-12,30代後半,35-39,6,LEPSIM,《レプクル》異素材フリルBIGT【カラー】,4400,https://www.dot-st.com/lepsim/disp/item/242843/,https://pdimg.dot-st.com/images/lepsim/goods/itemImg24/242843/item_242843_main_85_1777625015.jpg,予約,https://www.dot-st.com/disp/ranking/?dispNo=001001003&periodTp=3&ageRange=35-39
2026-06-12,30代後半,35-39,7,niko,and ... 【今夜も餃子とブギーバック2】LOVE Tシャツ【】,6000,https://www.dot-st.com/nikoand/disp/item/1042117/,https://pdimg.dot-st.com/images/nikoand/goods/itemImg104/1042117/item_1042117_main_01_1780647375.jpg,予約,https://www.dot-st.com/disp/ranking/?dispNo=001001003&periodTp=3&ageRange=35-39
2026-06-12,30代後半,35-39,8,20%OFF,PAGEBOY 【】レースカイキンシャツ (半袖),5280,https://www.dot-st.com/pageboy/disp/item/492982/,https://pdimg.dot-st.com/images/pageboy/goods/itemImg49/492982/item_492982_main_89_1745384690.jpg,WEB限定,https://www.dot-st.com/disp/ranking/?dispNo=001001003&periodTp=3&ageRange=35-39
2026-06-12,30代後半,35-39,9,niko,and ... ボタニカルリワークシャツ,6600,https://www.dot-st.com/nikoand/disp/item/638948/,https://pdimg.dot-st.com/images/nikoand/goods/itemImg63/638948/item_638948_main_88_1777355684.jpg,,https://www.dot-st.com/disp/ranking/?dispNo=001001003&periodTp=3&ageRange=35-39
2026-06-12,30代後半,35-39,10,niko,and ... [Make Stuff ’26] aimiモヤカワBIGTシャツ,5500,https://www.dot-st.com/nikoand/disp/item/672871/,https://pdimg.dot-st.com/images/nikoand/goods/itemImg67/672871/item_672871_main_19_1778818701.jpg,NEW,https://www.dot-st.com/disp/ranking/?dispNo=001001003&periodTp=3&ageRange=35-39
2026-06-13,20代後半,25-29,1,LOWRYS,FARM ペプラムチュニックＳＳ,6050,https://www.dot-st.com/lowrysfarm/disp/item/660871/,https://pdimg.dot-st.com/images/lowrysfarm/goods/itemImg66/660871/item_660871_main_06_1772306172.jpg,NEW,https://www.dot-st.com/disp/ranking/?dispNo=001001003&periodTp=3&ageRange=25-29
2026-06-13,20代後半,25-29,2,20%OFF,PAGEBOY 【】レースカイキンシャツ (半袖),5280,https://www.dot-st.com/pageboy/disp/item/492982/,https://pdimg.dot-st.com/images/pageboy/goods/itemImg49/492982/item_492982_main_89_1745384690.jpg,WEB限定,https://www.dot-st.com/disp/ranking/?dispNo=001001003&periodTp=3&ageRange=25-29
2026-06-13,20代後半,25-29,3,HARE,【新色中 SETUP対応 LADIES】アートフラワーガラシアーシャツ,11000,https://www.dot-st.com/hare/disp/item/664774/,https://pdimg.dot-st.com/images/hare/goods/itemImg66/664774/item_664774_main_70_1780047929.jpg,予約,https://www.dot-st.com/disp/ranking/?dispNo=001001003&periodTp=3&ageRange=25-29
2026-06-13,20代後半,25-29,4,LOWRYS,FARM ヨウリュウシシュウノースリーブ,6990,https://www.dot-st.com/lowrysfarm/disp/item/867766/,https://pdimg.dot-st.com/images/lowrysfarm/goods/itemImg86/867766/item_867766_main_05_1779790204.jpg,NEW,https://www.dot-st.com/disp/ranking/?dispNo=001001003&periodTp=3&ageRange=25-29
2026-06-13,20代後半,25-29,5,HARE,【新色中 LADIES】スカシアミチャイナニットカーディガン,8910,https://www.dot-st.com/hare/disp/item/647532/,https://pdimg.dot-st.com/images/hare/goods/itemImg64/647532/item_647532_main_12_1772768996.jpg,予約,https://www.dot-st.com/disp/ranking/?dispNo=001001003&periodTp=3&ageRange=25-29
2026-06-13,20代後半,25-29,6,PAGEBOY,レースジャガード2WAYブラウスショートスリーブ,6600,https://www.dot-st.com/pageboy/disp/item/798431/,https://pdimg.dot-st.com/images/pageboy/goods/itemImg79/798431/item_798431_main_15_1780050166.jpg,NEW,https://www.dot-st.com/disp/ranking/?dispNo=001001003&periodTp=3&ageRange=25-29
2026-06-13,20代後半,25-29,7,LOWRYS,FARM ソウバリスクエアタンクトップ,3850,https://www.dot-st.com/lowrysfarm/disp/item/294378/,https://pdimg.dot-st.com/images/lowrysfarm/goods/itemImg29/294378/item_294378_main_02_1776846779.jpg,,https://www.dot-st.com/disp/ranking/?dispNo=001001003&periodTp=3&ageRange=25-29
2026-06-13,20代後半,25-29,8,LOWRYS,FARM 【SNOOPY】クラッシュTシャツ,5500,https://www.dot-st.com/lowrysfarm/disp/item/666290/,https://pdimg.dot-st.com/images/lowrysfarm/goods/itemImg66/666290/item_666290_main_82_1779931054.jpg,NEW,https://www.dot-st.com/disp/ranking/?dispNo=001001003&periodTp=3&ageRange=25-29
2026-06-13,20代後半,25-29,9,LOWRYS,FARM シャーリングペプラムフレンチスリーブ,5500,https://www.dot-st.com/lowrysfarm/disp/item/759467/,https://pdimg.dot-st.com/images/lowrysfarm/goods/itemImg75/759467/item_759467_main_08_1778564930.jpg,NEW,https://www.dot-st.com/disp/ranking/?dispNo=001001003&periodTp=3&ageRange=25-29
2026-06-13,20代後半,25-29,10,PAGEBOY,【イージーケア/紫外線カット/接触冷感】シフトセットドロストショートシャツ,6990,https://www.dot-st.com/pageboy/disp/item/877684/,https://pdimg.dot-st.com/images/pageboy/goods/itemImg87/877684/item_877684_main_88_1780054484.jpg,NEW,https://www.dot-st.com/disp/ranking/?dispNo=001001003&periodTp=3&ageRange=25-29
2026-06-13,30代前半,30-34,1,LOWRYS,FARM 【SNOOPY】クラッシュTシャツ,5500,https://www.dot-st.com/lowrysfarm/disp/item/666290/,https://pdimg.dot-st.com/images/lowrysfarm/goods/itemImg66/666290/item_666290_main_82_1779931054.jpg,NEW,https://www.dot-st.com/disp/ranking/?dispNo=001001003&periodTp=3&ageRange=30-34
2026-06-13,30代前半,30-34,2,niko,and ... [Make Stuff ’26] omeguバックフォトTEE【一部カラー】,5000,https://www.dot-st.com/nikoand/disp/item/672868/,https://pdimg.dot-st.com/images/nikoand/goods/itemImg67/672868/item_672868_main_11_1778818813.jpg,NEW / 再入荷 / 予約,https://www.dot-st.com/disp/ranking/?dispNo=001001003&periodTp=3&ageRange=30-34
2026-06-13,30代前半,30-34,3,LEPSIM,シアーレースレイヤードT,4990,https://www.dot-st.com/lepsim/disp/item/887658/,https://pdimg.dot-st.com/images/lepsim/goods/itemImg88/887658/item_887658_main_09_1780016463.jpg,NEW,https://www.dot-st.com/disp/ranking/?dispNo=001001003&periodTp=3&ageRange=30-34
2026-06-13,30代前半,30-34,4,GLOBAL,WORK リッチクリーンプリントT半袖/636780,3490,https://www.dot-st.com/globalwork/disp/item/636780/,https://pdimg.dot-st.com/images/globalwork/goods/itemImg63/636780/item_636780_main_78_1779925550.jpg,NEW,https://www.dot-st.com/disp/ranking/?dispNo=001001003&periodTp=3&ageRange=30-34
2026-06-13,30代前半,30-34,5,GLOBAL,WORK サラサラDRYスクエアタンク/636753,1980,https://www.dot-st.com/globalwork/disp/item/636753/,https://pdimg.dot-st.com/images/globalwork/goods/itemImg63/636753/item_636753_main_08_1774950911.jpg,NEW,https://www.dot-st.com/disp/ranking/?dispNo=001001003&periodTp=3&ageRange=30-34
2026-06-13,30代前半,30-34,6,10%OFF,PAGEBOY 【】レースバンドカラーシャツ,3960,https://www.dot-st.com/pageboy/disp/item/192466/,https://pdimg.dot-st.com/images/pageboy/goods/itemImg19/192466/item_192466_main_76_1745381653.jpg,WEB限定,https://www.dot-st.com/disp/ranking/?dispNo=001001003&periodTp=3&ageRange=30-34
2026-06-13,30代前半,30-34,7,30%OFF,Classical Elf 大人の色魅せ、軽やかに映える。ヘンリーネック袖配色切り替え半袖トップスce1330083,2798,https://www.dot-st.com/classicalelf/disp/item/645385/,https://pdimg.dot-st.com/images/classicalelf/goods/itemImg64/645385/item_645385_main_50_1770955179.jpg,,https://www.dot-st.com/disp/ranking/?dispNo=001001003&periodTp=3&ageRange=30-34
2026-06-13,30代前半,30-34,8,LOWRYS,FARM 【受付中】 ヨウリュウシャーリングショートフレンチスリーブ,5500,https://www.dot-st.com/lowrysfarm/disp/item/661674/,https://pdimg.dot-st.com/images/lowrysfarm/goods/itemImg66/661674/item_661674_main_82_1774431020.jpg,NEW / 予約,https://www.dot-st.com/disp/ranking/?dispNo=001001003&periodTp=3&ageRange=30-34
2026-06-13,30代前半,30-34,9,niko,and ... ハイカロリーラグランTシャツ,4000,https://www.dot-st.com/nikoand/disp/item/654215/,https://pdimg.dot-st.com/images/nikoand/goods/itemImg65/654215/item_654215_main_88_1773727342.jpg,,https://www.dot-st.com/disp/ranking/?dispNo=001001003&periodTp=3&ageRange=30-34
2026-06-13,30代前半,30-34,10,GLOBAL,WORK エアリーリラックスギャザー切り替え/680330,4490,https://www.dot-st.com/globalwork/disp/item/680330/,https://pdimg.dot-st.com/images/globalwork/goods/itemImg68/680330/item_680330_main_38_1777594400.jpg,NEW,https://www.dot-st.com/disp/ranking/?dispNo=001001003&periodTp=3&ageRange=30-34
2026-06-13,30代後半,35-39,1,GLOBAL,WORK クロシェレースビスチェ/759908,2990,https://www.dot-st.com/globalwork/disp/item/759908/,https://pdimg.dot-st.com/images/globalwork/goods/itemImg75/759908/item_759908_main_08_1780281916.jpg,NEW,https://www.dot-st.com/disp/ranking/?dispNo=001001003&periodTp=3&ageRange=35-39
2026-06-13,30代後半,35-39,2,niko,and ... [Make Stuff ’26] omeguバックフォトTEE【一部カラー】,5000,https://www.dot-st.com/nikoand/disp/item/672868/,https://pdimg.dot-st.com/images/nikoand/goods/itemImg67/672868/item_672868_main_11_1778818813.jpg,NEW / 再入荷 / 予約,https://www.dot-st.com/disp/ranking/?dispNo=001001003&periodTp=3&ageRange=35-39
2026-06-13,30代後半,35-39,3,GLOBAL,WORK リッチクリーンプリントT半袖/636780,3490,https://www.dot-st.com/globalwork/disp/item/636780/,https://pdimg.dot-st.com/images/globalwork/goods/itemImg63/636780/item_636780_main_78_1779925550.jpg,NEW,https://www.dot-st.com/disp/ranking/?dispNo=001001003&periodTp=3&ageRange=35-39
2026-06-13,30代後半,35-39,4,LEPSIM,シアーレースレイヤードT,4990,https://www.dot-st.com/lepsim/disp/item/887658/,https://pdimg.dot-st.com/images/lepsim/goods/itemImg88/887658/item_887658_main_09_1780016463.jpg,NEW,https://www.dot-st.com/disp/ranking/?dispNo=001001003&periodTp=3&ageRange=35-39
2026-06-13,30代後半,35-39,5,LOWRYS,FARM 【SNOOPY】クラッシュTシャツ,5500,https://www.dot-st.com/lowrysfarm/disp/item/666290/,https://pdimg.dot-st.com/images/lowrysfarm/goods/itemImg66/666290/item_666290_main_82_1779931054.jpg,NEW,https://www.dot-st.com/disp/ranking/?dispNo=001001003&periodTp=3&ageRange=35-39
2026-06-13,30代後半,35-39,6,LEPSIM,レース切り替えポンチョ5分袖シャツ,5990,https://www.dot-st.com/lepsim/disp/item/805512/,https://pdimg.dot-st.com/images/lepsim/goods/itemImg80/805512/item_805512_main_08_1779358557.jpg,,https://www.dot-st.com/disp/ranking/?dispNo=001001003&periodTp=3&ageRange=35-39
2026-06-13,30代後半,35-39,7,Chaos,パティ－タートル,15400,https://www.dot-st.com/chaos/disp/item/127410/,https://pdimg.dot-st.com/images/chaos/goods/itemImg12/127410/item_127410_main_88_1722649085.jpg,,https://www.dot-st.com/disp/ranking/?dispNo=001001003&periodTp=3&ageRange=35-39
2026-06-13,30代後半,35-39,8,GLOBAL,WORK エアリーリラックスギャザー切り替え/680330,4490,https://www.dot-st.com/globalwork/disp/item/680330/,https://pdimg.dot-st.com/images/globalwork/goods/itemImg68/680330/item_680330_main_38_1777594400.jpg,NEW,https://www.dot-st.com/disp/ranking/?dispNo=001001003&periodTp=3&ageRange=35-39
2026-06-13,30代後半,35-39,9,LEPSIM,シャーリングショートT,4400,https://www.dot-st.com/lepsim/disp/item/680401/,https://pdimg.dot-st.com/images/lepsim/goods/itemImg68/680401/item_680401_main_09_1780366416.jpg,,https://www.dot-st.com/disp/ranking/?dispNo=001001003&periodTp=3&ageRange=35-39
2026-06-13,30代後半,35-39,10,40%OFF,Classical Elf 綿100％ユニセックスレシピ刺繍ビッグロゴロックTシャツjv1050170,2998,https://www.dot-st.com/classicalelf/disp/item/293421/,https://pdimg.dot-st.com/images/classicalelf/goods/itemImg29/293421/item_293421_main_19_1741851087.jpg,,https://www.dot-st.com/disp/ranking/?dispNo=001001003&periodTp=3&ageRange=35-39
2026-06-14,20代後半,25-29,1,10%OFF,PAGEBOY 【】レースバンドカラーシャツ,3960,https://www.dot-st.com/pageboy/disp/item/192466/,https://pdimg.dot-st.com/images/pageboy/goods/itemImg19/192466/item_192466_main_76_1745381653.jpg,WEB限定,https://www.dot-st.com/disp/ranking/?dispNo=001001003&periodTp=3&ageRange=25-29
2026-06-14,20代後半,25-29,2,HARE,【新色受付中！LADIES】パーツツキネクタイシャツ,11000,https://www.dot-st.com/hare/disp/item/664012/,https://pdimg.dot-st.com/images/hare/goods/itemImg66/664012/item_664012_main_09_1773400093.jpg,予約,https://www.dot-st.com/disp/ranking/?dispNo=001001003&periodTp=3&ageRange=25-29
2026-06-14,20代後半,25-29,3,LOWRYS,FARM 【受付中】 シャーリングチュニックフレンチスリーブ,6050,https://www.dot-st.com/lowrysfarm/disp/item/581468/,https://pdimg.dot-st.com/images/lowrysfarm/goods/itemImg58/581468/item_581468_main_08_1776892278.jpg,NEW / 予約,https://www.dot-st.com/disp/ranking/?dispNo=001001003&periodTp=3&ageRange=25-29
2026-06-14,20代後半,25-29,4,Curensology,＜&RC＞ビッグシャツコンビ,28600,https://www.dot-st.com/curensology/disp/item/630096/,https://pdimg.dot-st.com/images/curensology/goods/itemImg63/630096/item_630096_main_88_1760595448.jpg,,https://www.dot-st.com/disp/ranking/?dispNo=001001003&periodTp=3&ageRange=25-29
2026-06-14,20代後半,25-29,5,30%OFF,Classical Elf 大人の色魅せ、軽やかに映える。ヘンリーネック袖配色切り替え半袖トップスce1330083,2798,https://www.dot-st.com/classicalelf/disp/item/645385/,https://pdimg.dot-st.com/images/classicalelf/goods/itemImg64/645385/item_645385_main_50_1770955179.jpg,,https://www.dot-st.com/disp/ranking/?dispNo=001001003&periodTp=3&ageRange=25-29
2026-06-14,20代後半,25-29,6,HARE,【一部カラー受付中 LADIES】Vネックカップツキキャミソール,4950,https://www.dot-st.com/hare/disp/item/859079/,https://pdimg.dot-st.com/images/hare/goods/itemImg85/859079/item_859079_main_11_1779766020.jpg,NEW / 予約,https://www.dot-st.com/disp/ranking/?dispNo=001001003&periodTp=3&ageRange=25-29
2026-06-14,20代後半,25-29,7,LOWRYS,FARM 【受付中】 ヨウリュウシャーリングショートフレンチスリーブ,5500,https://www.dot-st.com/lowrysfarm/disp/item/661674/,https://pdimg.dot-st.com/images/lowrysfarm/goods/itemImg66/661674/item_661674_main_82_1774431020.jpg,NEW / 予約,https://www.dot-st.com/disp/ranking/?dispNo=001001003&periodTp=3&ageRange=25-29
2026-06-14,20代後半,25-29,8,HARE,【新色中 SETUP対応 LADIES】アートフラワーガラシアーシャツ,11000,https://www.dot-st.com/hare/disp/item/664774/,https://pdimg.dot-st.com/images/hare/goods/itemImg66/664774/item_664774_main_70_1780047929.jpg,予約,https://www.dot-st.com/disp/ranking/?dispNo=001001003&periodTp=3&ageRange=25-29
2026-06-14,20代後半,25-29,9,LOWRYS,FARM ヨウリュウシシュウノースリーブ,6990,https://www.dot-st.com/lowrysfarm/disp/item/867766/,https://pdimg.dot-st.com/images/lowrysfarm/goods/itemImg86/867766/item_867766_main_05_1779790204.jpg,NEW,https://www.dot-st.com/disp/ranking/?dispNo=001001003&periodTp=3&ageRange=25-29
2026-06-14,20代後半,25-29,10,HARE,【接触冷感】フラワーアートバックプリントカット,6930,https://www.dot-st.com/hare/disp/item/680063/,https://pdimg.dot-st.com/images/hare/goods/itemImg68/680063/item_680063_main_05_1776405828.jpg,,https://www.dot-st.com/disp/ranking/?dispNo=001001003&periodTp=3&ageRange=25-29
2026-06-14,30代前半,30-34,1,LOWRYS,FARM ペプラムチュニックＳＳ,6050,https://www.dot-st.com/lowrysfarm/disp/item/660871/,https://pdimg.dot-st.com/images/lowrysfarm/goods/itemImg66/660871/item_660871_main_06_1772306172.jpg,NEW,https://www.dot-st.com/disp/ranking/?dispNo=001001003&periodTp=3&ageRange=30-34
2026-06-14,30代前半,30-34,2,GLOBAL,WORK エアリーリラックスギャザー切り替え/680330,4490,https://www.dot-st.com/globalwork/disp/item/680330/,https://pdimg.dot-st.com/images/globalwork/goods/itemImg68/680330/item_680330_main_38_1777594400.jpg,NEW,https://www.dot-st.com/disp/ranking/?dispNo=001001003&periodTp=3&ageRange=30-34
2026-06-14,30代前半,30-34,3,LOWRYS,FARM 【受付中】 シャーリングチュニックフレンチスリーブ,6050,https://www.dot-st.com/lowrysfarm/disp/item/581468/,https://pdimg.dot-st.com/images/lowrysfarm/goods/itemImg58/581468/item_581468_main_08_1776892278.jpg,NEW / 予約,https://www.dot-st.com/disp/ranking/?dispNo=001001003&periodTp=3&ageRange=30-34
2026-06-14,30代前半,30-34,4,GLOBAL,WORK クロシェレースビスチェ/759908,2990,https://www.dot-st.com/globalwork/disp/item/759908/,https://pdimg.dot-st.com/images/globalwork/goods/itemImg75/759908/item_759908_main_08_1780281916.jpg,NEW,https://www.dot-st.com/disp/ranking/?dispNo=001001003&periodTp=3&ageRange=30-34
2026-06-14,30代前半,30-34,5,LOWRYS,FARM ヨウリュウシシュウノースリーブ,6990,https://www.dot-st.com/lowrysfarm/disp/item/867766/,https://pdimg.dot-st.com/images/lowrysfarm/goods/itemImg86/867766/item_867766_main_05_1779790204.jpg,NEW,https://www.dot-st.com/disp/ranking/?dispNo=001001003&periodTp=3&ageRange=30-34
2026-06-14,30代前半,30-34,6,30%OFF,Classical Elf 大人の色魅せ、軽やかに映える。ヘンリーネック袖配色切り替え半袖トップスce1330083,2798,https://www.dot-st.com/classicalelf/disp/item/645385/,https://pdimg.dot-st.com/images/classicalelf/goods/itemImg64/645385/item_645385_main_50_1770955179.jpg,,https://www.dot-st.com/disp/ranking/?dispNo=001001003&periodTp=3&ageRange=30-34
2026-06-14,30代前半,30-34,7,LOWRYS,FARM 【受付中】 ヨウリュウシャーリングショートフレンチスリーブ,5500,https://www.dot-st.com/lowrysfarm/disp/item/661674/,https://pdimg.dot-st.com/images/lowrysfarm/goods/itemImg66/661674/item_661674_main_82_1774431020.jpg,NEW / 予約,https://www.dot-st.com/disp/ranking/?dispNo=001001003&periodTp=3&ageRange=30-34
2026-06-14,30代前半,30-34,8,37%OFF,Classical Elf 肌見せしすぎず、ほんのり色っぽ。透かし編みメロウトップスカットソー（半袖）ce1010464,2499,https://www.dot-st.com/classicalelf/disp/item/493557/,https://pdimg.dot-st.com/images/classicalelf/goods/itemImg49/493557/item_493557_main_05_1750820513.jpg,,https://www.dot-st.com/disp/ranking/?dispNo=001001003&periodTp=3&ageRange=30-34
2026-06-14,30代前半,30-34,9,LEPSIM,シャーリングショートT,4400,https://www.dot-st.com/lepsim/disp/item/680401/,https://pdimg.dot-st.com/images/lepsim/goods/itemImg68/680401/item_680401_main_09_1780366416.jpg,,https://www.dot-st.com/disp/ranking/?dispNo=001001003&periodTp=3&ageRange=30-34
2026-06-14,30代前半,30-34,10,10%OFF,PAGEBOY 【】レースバンドカラーシャツ,3960,https://www.dot-st.com/pageboy/disp/item/192466/,https://pdimg.dot-st.com/images/pageboy/goods/itemImg19/192466/item_192466_main_76_1745381653.jpg,WEB限定,https://www.dot-st.com/disp/ranking/?dispNo=001001003&periodTp=3&ageRange=30-34
2026-06-14,30代後半,35-39,1,GLOBAL,WORK リッチクリーンプリントT半袖/636780,3490,https://www.dot-st.com/globalwork/disp/item/636780/,https://pdimg.dot-st.com/images/globalwork/goods/itemImg63/636780/item_636780_main_78_1779925550.jpg,NEW,https://www.dot-st.com/disp/ranking/?dispNo=001001003&periodTp=3&ageRange=35-39
2026-06-14,30代後半,35-39,2,GLOBAL,WORK クロシェレースビスチェ/759908,2990,https://www.dot-st.com/globalwork/disp/item/759908/,https://pdimg.dot-st.com/images/globalwork/goods/itemImg75/759908/item_759908_main_08_1780281916.jpg,NEW,https://www.dot-st.com/disp/ranking/?dispNo=001001003&periodTp=3&ageRange=35-39
2026-06-14,30代後半,35-39,3,GLOBAL,WORK エアリーリラックスギャザー切り替え/680330,4490,https://www.dot-st.com/globalwork/disp/item/680330/,https://pdimg.dot-st.com/images/globalwork/goods/itemImg68/680330/item_680330_main_38_1777594400.jpg,NEW,https://www.dot-st.com/disp/ranking/?dispNo=001001003&periodTp=3&ageRange=35-39
2026-06-14,30代後半,35-39,4,GLOBAL,WORK シルキータッチシアーフリルカーディガン/657997,4490,https://www.dot-st.com/globalwork/disp/item/657997/,https://pdimg.dot-st.com/images/globalwork/goods/itemImg65/657997/item_657997_main_80_1779959754.jpg,,https://www.dot-st.com/disp/ranking/?dispNo=001001003&periodTp=3&ageRange=35-39
2026-06-14,30代後半,35-39,5,GLOBAL,WORK UVプロテクトフードシャツ/646416,3990,https://www.dot-st.com/globalwork/disp/item/646416/,https://pdimg.dot-st.com/images/globalwork/goods/itemImg64/646416/item_646416_main_05_1772535514.jpg,NEW,https://www.dot-st.com/disp/ranking/?dispNo=001001003&periodTp=3&ageRange=35-39
2026-06-14,30代後半,35-39,6,GLOBAL,WORK サラサラDRYスクエアタンク/636753,1980,https://www.dot-st.com/globalwork/disp/item/636753/,https://pdimg.dot-st.com/images/globalwork/goods/itemImg63/636753/item_636753_main_08_1774950911.jpg,NEW,https://www.dot-st.com/disp/ranking/?dispNo=001001003&periodTp=3&ageRange=35-39
2026-06-14,30代後半,35-39,7,LEPSIM,シャーリングショートT,4400,https://www.dot-st.com/lepsim/disp/item/680401/,https://pdimg.dot-st.com/images/lepsim/goods/itemImg68/680401/item_680401_main_09_1780366416.jpg,,https://www.dot-st.com/disp/ranking/?dispNo=001001003&periodTp=3&ageRange=35-39
2026-06-14,30代後半,35-39,8,LOWRYS,FARM 【SNOOPY】クラッシュTシャツ,5500,https://www.dot-st.com/lowrysfarm/disp/item/666290/,https://pdimg.dot-st.com/images/lowrysfarm/goods/itemImg66/666290/item_666290_main_82_1779931054.jpg,NEW,https://www.dot-st.com/disp/ranking/?dispNo=001001003&periodTp=3&ageRange=35-39
2026-06-14,30代後半,35-39,9,20%OFF,PAGEBOY 【】レースカイキンシャツ (半袖),5280,https://www.dot-st.com/pageboy/disp/item/492982/,https://pdimg.dot-st.com/images/pageboy/goods/itemImg49/492982/item_492982_main_89_1745384690.jpg,WEB限定,https://www.dot-st.com/disp/ranking/?dispNo=001001003&periodTp=3&ageRange=35-39
2026-06-14,30代後半,35-39,10,GLOBAL,WORK ひんやり涼しい/フローズン裾フリル切り替えTシャツ/872700,3990,https://www.dot-st.com/globalwork/disp/item/872700/,https://pdimg.dot-st.com/images/globalwork/goods/itemImg87/872700/item_872700_main_05_1779699865.jpg,NEW,https://www.dot-st.com/disp/ranking/?dispNo=001001003&periodTp=3&ageRange=35-39
2026-06-15,20代後半,25-29,1,LOWRYS,FARM 【受付中】 ヨウリュウシャーリングショートフレンチスリーブ,5500,https://www.dot-st.com/lowrysfarm/disp/item/661674/,https://pdimg.dot-st.com/images/lowrysfarm/goods/itemImg66/661674/item_661674_main_82_1774431020.jpg,NEW / 予約,https://www.dot-st.com/disp/ranking/?dispNo=001001003&periodTp=3&ageRange=25-29
2026-06-15,20代後半,25-29,2,LOWRYS,FARM ヨウリュウシシュウノースリーブ,6990,https://www.dot-st.com/lowrysfarm/disp/item/867766/,https://pdimg.dot-st.com/images/lowrysfarm/goods/itemImg86/867766/item_867766_main_05_1779790204.jpg,NEW,https://www.dot-st.com/disp/ranking/?dispNo=001001003&periodTp=3&ageRange=25-29
2026-06-15,20代後半,25-29,3,LOWRYS,FARM ペプラムチュニックＳＳ,6050,https://www.dot-st.com/lowrysfarm/disp/item/660871/,https://pdimg.dot-st.com/images/lowrysfarm/goods/itemImg66/660871/item_660871_main_06_1772306172.jpg,NEW,https://www.dot-st.com/disp/ranking/?dispNo=001001003&periodTp=3&ageRange=25-29
2026-06-15,20代後半,25-29,4,LOWRYS,FARM 【受付中】 【体形に合わせて選べるショート&ロング丈展開】シアーシャツＬＳ／接触冷感・吸水速乾,5500,https://www.dot-st.com/lowrysfarm/disp/item/605853/,https://pdimg.dot-st.com/images/lowrysfarm/goods/itemImg60/605853/item_605853_main_50_1779935218.jpg,予約,https://www.dot-st.com/disp/ranking/?dispNo=001001003&periodTp=3&ageRange=25-29
2026-06-15,20代後半,25-29,5,HARE,【新色中 SETUP対応 LADIES】アートフラワーガラシアーシャツ,11000,https://www.dot-st.com/hare/disp/item/664774/,https://pdimg.dot-st.com/images/hare/goods/itemImg66/664774/item_664774_main_70_1780047929.jpg,NEW / 予約,https://www.dot-st.com/disp/ranking/?dispNo=001001003&periodTp=3&ageRange=25-29
2026-06-15,20代後半,25-29,6,LOWRYS,FARM 【受付中】 シャーリングチュニックフレンチスリーブ,6050,https://www.dot-st.com/lowrysfarm/disp/item/581468/,https://pdimg.dot-st.com/images/lowrysfarm/goods/itemImg58/581468/item_581468_main_08_1776892278.jpg,NEW / 予約,https://www.dot-st.com/disp/ranking/?dispNo=001001003&periodTp=3&ageRange=25-29
2026-06-15,20代後半,25-29,7,HARE,【接触冷感】タグロゴシシュウカット,4950,https://www.dot-st.com/hare/disp/item/680066/,https://pdimg.dot-st.com/images/hare/goods/itemImg68/680066/item_680066_main_09_1776852662.jpg,NEW,https://www.dot-st.com/disp/ranking/?dispNo=001001003&periodTp=3&ageRange=25-29
2026-06-15,20代後半,25-29,8,PAGEBOY,【イージーケア/紫外線カット/接触冷感】シフトセットドロストショートシャツ,6990,https://www.dot-st.com/pageboy/disp/item/877684/,https://pdimg.dot-st.com/images/pageboy/goods/itemImg87/877684/item_877684_main_88_1780054484.jpg,NEW,https://www.dot-st.com/disp/ranking/?dispNo=001001003&periodTp=3&ageRange=25-29
2026-06-15,20代後半,25-29,9,LOWRYS,FARM 【追加】メランジニットポロカーディガン５Ｓ,5500,https://www.dot-st.com/lowrysfarm/disp/item/660506/,https://pdimg.dot-st.com/images/lowrysfarm/goods/itemImg66/660506/item_660506_main_12_1775814531.jpg,予約,https://www.dot-st.com/disp/ranking/?dispNo=001001003&periodTp=3&ageRange=25-29
2026-06-15,20代後半,25-29,10,HARE,【新色中 LADIES】2WAYランダムリブラメタンクトップ,4950,https://www.dot-st.com/hare/disp/item/636820/,https://pdimg.dot-st.com/images/hare/goods/itemImg63/636820/item_636820_main_09_1775108366.jpg,予約,https://www.dot-st.com/disp/ranking/?dispNo=001001003&periodTp=3&ageRange=25-29
2026-06-15,30代前半,30-34,1,LOWRYS,FARM 【受付中】 ヨウリュウシャーリングショートフレンチスリーブ,5500,https://www.dot-st.com/lowrysfarm/disp/item/661674/,https://pdimg.dot-st.com/images/lowrysfarm/goods/itemImg66/661674/item_661674_main_82_1774431020.jpg,NEW / 予約,https://www.dot-st.com/disp/ranking/?dispNo=001001003&periodTp=3&ageRange=30-34
2026-06-15,30代前半,30-34,2,GLOBAL,WORK エアリーリラックスギャザー切り替え/680330,4490,https://www.dot-st.com/globalwork/disp/item/680330/,https://pdimg.dot-st.com/images/globalwork/goods/itemImg68/680330/item_680330_main_38_1777594400.jpg,,https://www.dot-st.com/disp/ranking/?dispNo=001001003&periodTp=3&ageRange=30-34
2026-06-15,30代前半,30-34,3,LEPSIM,シャーリングショートT,4400,https://www.dot-st.com/lepsim/disp/item/680401/,https://pdimg.dot-st.com/images/lepsim/goods/itemImg68/680401/item_680401_main_09_1780366416.jpg,,https://www.dot-st.com/disp/ranking/?dispNo=001001003&periodTp=3&ageRange=30-34
2026-06-15,30代前半,30-34,4,LEPSIM,シアーレースレイヤードT,4990,https://www.dot-st.com/lepsim/disp/item/887658/,https://pdimg.dot-st.com/images/lepsim/goods/itemImg88/887658/item_887658_main_09_1780016463.jpg,NEW,https://www.dot-st.com/disp/ranking/?dispNo=001001003&periodTp=3&ageRange=30-34
2026-06-15,30代前半,30-34,5,HARE,【新色中 SETUP対応 LADIES】アートフラワーガラシアーシャツ,11000,https://www.dot-st.com/hare/disp/item/664774/,https://pdimg.dot-st.com/images/hare/goods/itemImg66/664774/item_664774_main_70_1780047929.jpg,NEW / 予約,https://www.dot-st.com/disp/ranking/?dispNo=001001003&periodTp=3&ageRange=30-34
2026-06-15,30代前半,30-34,6,20%OFF,PAGEBOY 【】レースカイキンシャツ (半袖),5280,https://www.dot-st.com/pageboy/disp/item/492982/,https://pdimg.dot-st.com/images/pageboy/goods/itemImg49/492982/item_492982_main_89_1745384690.jpg,WEB限定,https://www.dot-st.com/disp/ranking/?dispNo=001001003&periodTp=3&ageRange=30-34
2026-06-15,30代前半,30-34,7,LOWRYS,FARM ペプラムチュニックＳＳ,6050,https://www.dot-st.com/lowrysfarm/disp/item/660871/,https://pdimg.dot-st.com/images/lowrysfarm/goods/itemImg66/660871/item_660871_main_06_1772306172.jpg,NEW,https://www.dot-st.com/disp/ranking/?dispNo=001001003&periodTp=3&ageRange=30-34
2026-06-15,30代前半,30-34,8,GLOBAL,WORK クロシェレースビスチェ/759908,2990,https://www.dot-st.com/globalwork/disp/item/759908/,https://pdimg.dot-st.com/images/globalwork/goods/itemImg75/759908/item_759908_main_08_1780281916.jpg,NEW,https://www.dot-st.com/disp/ranking/?dispNo=001001003&periodTp=3&ageRange=30-34
2026-06-15,30代前半,30-34,9,GLOBAL,WORK ストレッチ総レースプルオーバー半袖/647594,1980,https://www.dot-st.com/globalwork/disp/item/647594/,https://pdimg.dot-st.com/images/globalwork/goods/itemImg64/647594/item_647594_main_10_1779930276.jpg,NEW,https://www.dot-st.com/disp/ranking/?dispNo=001001003&periodTp=3&ageRange=30-34
2026-06-15,30代前半,30-34,10,GLOBAL,WORK リッチクリーンプリントT半袖/636780,3490,https://www.dot-st.com/globalwork/disp/item/636780/,https://pdimg.dot-st.com/images/globalwork/goods/itemImg63/636780/item_636780_main_78_1779925550.jpg,NEW,https://www.dot-st.com/disp/ranking/?dispNo=001001003&periodTp=3&ageRange=30-34
2026-06-15,30代後半,35-39,1,GLOBAL,WORK クロシェレースビスチェ/759908,2990,https://www.dot-st.com/globalwork/disp/item/759908/,https://pdimg.dot-st.com/images/globalwork/goods/itemImg75/759908/item_759908_main_08_1780281916.jpg,NEW,https://www.dot-st.com/disp/ranking/?dispNo=001001003&periodTp=3&ageRange=35-39
2026-06-15,30代後半,35-39,2,GLOBAL,WORK エアリーリラックスギャザー切り替え/680330,4490,https://www.dot-st.com/globalwork/disp/item/680330/,https://pdimg.dot-st.com/images/globalwork/goods/itemImg68/680330/item_680330_main_38_1777594400.jpg,,https://www.dot-st.com/disp/ranking/?dispNo=001001003&periodTp=3&ageRange=35-39
2026-06-15,30代後半,35-39,3,GLOBAL,WORK サラサラDRYスクエアタンク/636753,1980,https://www.dot-st.com/globalwork/disp/item/636753/,https://pdimg.dot-st.com/images/globalwork/goods/itemImg63/636753/item_636753_main_08_1774950911.jpg,NEW,https://www.dot-st.com/disp/ranking/?dispNo=001001003&periodTp=3&ageRange=35-39
2026-06-15,30代後半,35-39,4,GLOBAL,WORK UVプロテクトフードシャツ/646416,3990,https://www.dot-st.com/globalwork/disp/item/646416/,https://pdimg.dot-st.com/images/globalwork/goods/itemImg64/646416/item_646416_main_05_1772535514.jpg,NEW,https://www.dot-st.com/disp/ranking/?dispNo=001001003&periodTp=3&ageRange=35-39
2026-06-15,30代後半,35-39,5,GLOBAL,WORK シルキータッチシアーフリルカーディガン/657997,4490,https://www.dot-st.com/globalwork/disp/item/657997/,https://pdimg.dot-st.com/images/globalwork/goods/itemImg65/657997/item_657997_main_80_1779959754.jpg,,https://www.dot-st.com/disp/ranking/?dispNo=001001003&periodTp=3&ageRange=35-39
2026-06-15,30代後半,35-39,6,GLOBAL,WORK リッチクリーンプリントT半袖/636780,3490,https://www.dot-st.com/globalwork/disp/item/636780/,https://pdimg.dot-st.com/images/globalwork/goods/itemImg63/636780/item_636780_main_78_1779925550.jpg,NEW,https://www.dot-st.com/disp/ranking/?dispNo=001001003&periodTp=3&ageRange=35-39
2026-06-15,30代後半,35-39,7,GLOBAL,WORK ストレッチ総レースプルオーバー半袖/647594,1980,https://www.dot-st.com/globalwork/disp/item/647594/,https://pdimg.dot-st.com/images/globalwork/goods/itemImg64/647594/item_647594_main_10_1779930276.jpg,NEW,https://www.dot-st.com/disp/ranking/?dispNo=001001003&periodTp=3&ageRange=35-39
2026-06-15,30代後半,35-39,8,LOWRYS,FARM 【受付中】 ヨウリュウシャーリングショートフレンチスリーブ,5500,https://www.dot-st.com/lowrysfarm/disp/item/661674/,https://pdimg.dot-st.com/images/lowrysfarm/goods/itemImg66/661674/item_661674_main_82_1774431020.jpg,NEW / 予約,https://www.dot-st.com/disp/ranking/?dispNo=001001003&periodTp=3&ageRange=35-39
2026-06-15,30代後半,35-39,9,37%OFF,BARNYARDSTORM 【『BABALOG』紹介アイテム】＋81BRANCA別注 / Mickey / Helloスウェット,7623,https://www.dot-st.com/barnyardstorm/disp/item/605557/,https://pdimg.dot-st.com/images/barnyardstorm/goods/itemImg60/605557/item_605557_main_10_1770879496.jpg,SALE,https://www.dot-st.com/disp/ranking/?dispNo=001001003&periodTp=3&ageRange=35-39
2026-06-15,30代後半,35-39,10,LOWRYS,FARM ペプラムチュニックＳＳ,6050,https://www.dot-st.com/lowrysfarm/disp/item/660871/,https://pdimg.dot-st.com/images/lowrysfarm/goods/itemImg66/660871/item_660871_main_06_1772306172.jpg,NEW,https://www.dot-st.com/disp/ranking/?dispNo=001001003&periodTp=3&ageRange=35-39
2026-06-16,20代後半,25-29,1,PAGEBOY,【】レースカイキンシャツ (半袖),6600,https://www.dot-st.com/pageboy/disp/item/492982/,https://pdimg.dot-st.com/images/pageboy/goods/itemImg49/492982/item_492982_main_89_1745384690.jpg,WEB限定,https://www.dot-st.com/disp/ranking/?dispNo=001001003&periodTp=3&ageRange=25-29
2026-06-16,20代後半,25-29,2,HARE,【新色中 SETUP対応 LADIES】アートフラワーガラシアーシャツ,11000,https://www.dot-st.com/hare/disp/item/664774/,https://pdimg.dot-st.com/images/hare/goods/itemImg66/664774/item_664774_main_70_1780047929.jpg,NEW / 予約,https://www.dot-st.com/disp/ranking/?dispNo=001001003&periodTp=3&ageRange=25-29
2026-06-16,20代後半,25-29,3,PAGEBOY,【】レースバンドカラーシャツ,4400,https://www.dot-st.com/pageboy/disp/item/192466/,https://pdimg.dot-st.com/images/pageboy/goods/itemImg19/192466/item_192466_main_76_1745381653.jpg,WEB限定,https://www.dot-st.com/disp/ranking/?dispNo=001001003&periodTp=3&ageRange=25-29
2026-06-16,20代後半,25-29,4,LOWRYS,FARM ペプラムチュニックＳＳ,6050,https://www.dot-st.com/lowrysfarm/disp/item/660871/,https://pdimg.dot-st.com/images/lowrysfarm/goods/itemImg66/660871/item_660871_main_06_1772306172.jpg,NEW,https://www.dot-st.com/disp/ranking/?dispNo=001001003&periodTp=3&ageRange=25-29
2026-06-16,20代後半,25-29,5,HARE,ピグメントロゴヘンリーカット,6930,https://www.dot-st.com/hare/disp/item/669468/,https://pdimg.dot-st.com/images/hare/goods/itemImg66/669468/item_669468_main_09_1775207373.jpg,,https://www.dot-st.com/disp/ranking/?dispNo=001001003&periodTp=3&ageRange=25-29
2026-06-16,20代後半,25-29,6,A,part by 【インフルエンサーyuiさんコラボ】YUバルーンギャザーブラウス,8800,https://www.dot-st.com/apartbylowrys/disp/item/670114/,https://pdimg.dot-st.com/images/apartbylowrys/goods/itemImg67/670114/item_670114_main_83_1779084478.jpg,NEW,https://www.dot-st.com/disp/ranking/?dispNo=001001003&periodTp=3&ageRange=25-29
2026-06-16,20代後半,25-29,7,Classical,Elf 大人の配色で、オフィスにも着やすい♪着回し抜群の ランダムリブ 配色ポロトップスce1010636,4998,https://www.dot-st.com/classicalelf/disp/item/859558/,https://pdimg.dot-st.com/images/classicalelf/goods/itemImg85/859558/item_859558_main_50_1780362922.jpg,,https://www.dot-st.com/disp/ranking/?dispNo=001001003&periodTp=3&ageRange=25-29
2026-06-16,20代後半,25-29,8,Classical,Elf ひらっと心が躍る。オーバーサイズランダムタックシアーカーディガンce1260606,4998,https://www.dot-st.com/classicalelf/disp/item/654856/,https://pdimg.dot-st.com/images/classicalelf/goods/itemImg65/654856/item_654856_main_13_1774244452.jpg,,https://www.dot-st.com/disp/ranking/?dispNo=001001003&periodTp=3&ageRange=25-29
2026-06-16,20代後半,25-29,9,Heather,シアースパンコールカーディガン,5940,https://www.dot-st.com/heather/disp/item/666499/,https://pdimg.dot-st.com/images/heather/goods/itemImg66/666499/item_666499_main_20_1772448013.jpg,,https://www.dot-st.com/disp/ranking/?dispNo=001001003&periodTp=3&ageRange=25-29
2026-06-16,20代後半,25-29,10,HARE,パーツツキネクタイシャツ,11000,https://www.dot-st.com/hare/disp/item/664012/,https://pdimg.dot-st.com/images/hare/goods/itemImg66/664012/item_664012_main_09_1773400093.jpg,NEW,https://www.dot-st.com/disp/ranking/?dispNo=001001003&periodTp=3&ageRange=25-29
2026-06-16,30代前半,30-34,1,GLOBAL,WORK エアリーリラックスギャザー切り替え/680330,4490,https://www.dot-st.com/globalwork/disp/item/680330/,https://pdimg.dot-st.com/images/globalwork/goods/itemImg68/680330/item_680330_main_38_1777594400.jpg,,https://www.dot-st.com/disp/ranking/?dispNo=001001003&periodTp=3&ageRange=30-34
2026-06-16,30代前半,30-34,2,LEPSIM,シアーレースレイヤードT【カラー】,4990,https://www.dot-st.com/lepsim/disp/item/887658/,https://pdimg.dot-st.com/images/lepsim/goods/itemImg88/887658/item_887658_main_09_1780016463.jpg,NEW / 予約,https://www.dot-st.com/disp/ranking/?dispNo=001001003&periodTp=3&ageRange=30-34
2026-06-16,30代前半,30-34,3,HARE,【新色中 SETUP対応 LADIES】アートフラワーガラシアーシャツ,11000,https://www.dot-st.com/hare/disp/item/664774/,https://pdimg.dot-st.com/images/hare/goods/itemImg66/664774/item_664774_main_70_1780047929.jpg,NEW / 予約,https://www.dot-st.com/disp/ranking/?dispNo=001001003&periodTp=3&ageRange=30-34
2026-06-16,30代前半,30-34,4,GLOBAL,WORK クロシェレースビスチェ/759908,2990,https://www.dot-st.com/globalwork/disp/item/759908/,https://pdimg.dot-st.com/images/globalwork/goods/itemImg75/759908/item_759908_main_08_1780281916.jpg,NEW,https://www.dot-st.com/disp/ranking/?dispNo=001001003&periodTp=3&ageRange=30-34
2026-06-16,30代前半,30-34,5,PAGEBOY,【】レースバンドカラーシャツ,4400,https://www.dot-st.com/pageboy/disp/item/192466/,https://pdimg.dot-st.com/images/pageboy/goods/itemImg19/192466/item_192466_main_76_1745381653.jpg,WEB限定,https://www.dot-st.com/disp/ranking/?dispNo=001001003&periodTp=3&ageRange=30-34
2026-06-16,30代前半,30-34,6,JEANASIS,【選べるシルエット】レースドッキングキャミソール【一部カラー追加】,4400,https://www.dot-st.com/jeanasis/disp/item/668652/,https://pdimg.dot-st.com/images/jeanasis/goods/itemImg66/668652/item_668652_main_05_1779947332.jpg,予約,https://www.dot-st.com/disp/ranking/?dispNo=001001003&periodTp=3&ageRange=30-34
2026-06-16,30代前半,30-34,7,Classical,Elf 大人の色魅せ、軽やかに映える。ヘンリーネック袖配色切り替え半袖トップスce1330083,3998,https://www.dot-st.com/classicalelf/disp/item/645385/,https://pdimg.dot-st.com/images/classicalelf/goods/itemImg64/645385/item_645385_main_50_1770955179.jpg,,https://www.dot-st.com/disp/ranking/?dispNo=001001003&periodTp=3&ageRange=30-34
2026-06-16,30代前半,30-34,8,Classical,Elf ラフなのに品よく見える。軽やかぽこぽこフクレジャガードトップス（半袖）ce1260557,3998,https://www.dot-st.com/classicalelf/disp/item/648357/,https://pdimg.dot-st.com/images/classicalelf/goods/itemImg64/648357/item_648357_main_05_1774235459.jpg,,https://www.dot-st.com/disp/ranking/?dispNo=001001003&periodTp=3&ageRange=30-34
2026-06-16,30代前半,30-34,9,LOWRYS,FARM ペプラムチュニックＳＳ,6050,https://www.dot-st.com/lowrysfarm/disp/item/660871/,https://pdimg.dot-st.com/images/lowrysfarm/goods/itemImg66/660871/item_660871_main_06_1772306172.jpg,NEW,https://www.dot-st.com/disp/ranking/?dispNo=001001003&periodTp=3&ageRange=30-34
2026-06-16,30代前半,30-34,10,niko,and ... [Make Stuff ’26] omeguバックフォトTEE【】,5000,https://www.dot-st.com/nikoand/disp/item/672868/,https://pdimg.dot-st.com/images/nikoand/goods/itemImg67/672868/item_672868_main_18_1778818755.jpg,NEW / 再入荷 / 予約,https://www.dot-st.com/disp/ranking/?dispNo=001001003&periodTp=3&ageRange=30-34
2026-06-16,30代後半,35-39,1,GLOBAL,WORK エアリーリラックスペプラム刺繍半袖/806465,4990,https://www.dot-st.com/globalwork/disp/item/806465/,https://pdimg.dot-st.com/images/globalwork/goods/itemImg80/806465/item_806465_main_09_1781489017.jpg,NEW,https://www.dot-st.com/disp/ranking/?dispNo=001001003&periodTp=3&ageRange=35-39
2026-06-16,30代後半,35-39,2,20%OFF,LEPSIM シャーリングショートT,3520,https://www.dot-st.com/lepsim/disp/item/680401/,https://pdimg.dot-st.com/images/lepsim/goods/itemImg68/680401/item_680401_main_09_1780366416.jpg,SALE,https://www.dot-st.com/disp/ranking/?dispNo=001001003&periodTp=3&ageRange=35-39
2026-06-16,30代後半,35-39,3,GLOBAL,WORK クロシェレースビスチェ/759908,2990,https://www.dot-st.com/globalwork/disp/item/759908/,https://pdimg.dot-st.com/images/globalwork/goods/itemImg75/759908/item_759908_main_08_1780281916.jpg,NEW,https://www.dot-st.com/disp/ranking/?dispNo=001001003&periodTp=3&ageRange=35-39
2026-06-16,30代後半,35-39,4,LEPSIM,シアーレースレイヤードT【カラー】,4990,https://www.dot-st.com/lepsim/disp/item/887658/,https://pdimg.dot-st.com/images/lepsim/goods/itemImg88/887658/item_887658_main_09_1780016463.jpg,NEW / 予約,https://www.dot-st.com/disp/ranking/?dispNo=001001003&periodTp=3&ageRange=35-39
2026-06-16,30代後半,35-39,5,niko,and ... 裾レースプリントアソートTシャツ,4500,https://www.dot-st.com/nikoand/disp/item/881209/,https://pdimg.dot-st.com/images/nikoand/goods/itemImg88/881209/item_881209_main_18_1780371298.jpg,NEW,https://www.dot-st.com/disp/ranking/?dispNo=001001003&periodTp=3&ageRange=35-39
2026-06-16,30代後半,35-39,6,LOWRYS,FARM ヨウリュウシシュウノースリーブ,6990,https://www.dot-st.com/lowrysfarm/disp/item/867766/,https://pdimg.dot-st.com/images/lowrysfarm/goods/itemImg86/867766/item_867766_main_05_1779790204.jpg,NEW,https://www.dot-st.com/disp/ranking/?dispNo=001001003&periodTp=3&ageRange=35-39
2026-06-16,30代後半,35-39,7,LEPSIM,シアードロストベスト,5990,https://www.dot-st.com/lepsim/disp/item/816494/,https://pdimg.dot-st.com/images/lepsim/goods/itemImg81/816494/item_816494_main_78_1780032518.jpg,NEW,https://www.dot-st.com/disp/ranking/?dispNo=001001003&periodTp=3&ageRange=35-39
2026-06-16,30代後半,35-39,8,niko,and ... アソートフォトBIGTシャツ,4500,https://www.dot-st.com/nikoand/disp/item/881210/,https://pdimg.dot-st.com/images/nikoand/goods/itemImg88/881210/item_881210_main_88_1780365152.jpg,NEW,https://www.dot-st.com/disp/ranking/?dispNo=001001003&periodTp=3&ageRange=35-39
2026-06-16,30代後半,35-39,9,GLOBAL,WORK エアリーリラックスギャザー切り替え/680330,4490,https://www.dot-st.com/globalwork/disp/item/680330/,https://pdimg.dot-st.com/images/globalwork/goods/itemImg68/680330/item_680330_main_38_1777594400.jpg,,https://www.dot-st.com/disp/ranking/?dispNo=001001003&periodTp=3&ageRange=35-39
2026-06-16,30代後半,35-39,10,GLOBAL,WORK リッチクリーンプリントT半袖/636780,3490,https://www.dot-st.com/globalwork/disp/item/636780/,https://pdimg.dot-st.com/images/globalwork/goods/itemImg63/636780/item_636780_main_78_1779925550.jpg,NEW,https://www.dot-st.com/disp/ranking/?dispNo=001001003&periodTp=3&ageRange=35-39
2026-06-17,20代後半,25-29,1,30%OFF,Classical Elf 大人の色魅せ、軽やかに映える。ヘンリーネック袖配色切り替え半袖トップスce1330083,2798,https://www.dot-st.com/classicalelf/disp/item/645385/,https://pdimg.dot-st.com/images/classicalelf/goods/itemImg64/645385/item_645385_main_50_1770955179.jpg,,https://www.dot-st.com/disp/ranking/?dispNo=001001003&periodTp=3&ageRange=25-29
2026-06-17,20代後半,25-29,2,HARE,【新色中 SETUP対応 LADIES】アートフラワーガラシアーシャツ,11000,https://www.dot-st.com/hare/disp/item/664774/,https://pdimg.dot-st.com/images/hare/goods/itemImg66/664774/item_664774_main_09_1772699284.jpg,NEW / 予約,https://www.dot-st.com/disp/ranking/?dispNo=001001003&periodTp=3&ageRange=25-29
2026-06-17,20代後半,25-29,3,PAGEBOY,【イージーケア/紫外線カット/接触冷感】シフトセットドロストショートシャツ【一部追加】,6990,https://www.dot-st.com/pageboy/disp/item/877684/,https://pdimg.dot-st.com/images/pageboy/goods/itemImg87/877684/item_877684_main_88_1780054484.jpg,NEW / 予約,https://www.dot-st.com/disp/ranking/?dispNo=001001003&periodTp=3&ageRange=25-29
2026-06-17,20代後半,25-29,4,10%OFF,mysty woman 【復刻】ラッセルレースアンサンブル半袖,6237,https://www.dot-st.com/mystywoman/disp/item/104216/,https://pdimg.dot-st.com/images/mystywoman/goods/itemImg10/104216/item_104216_main_09_1777539562.jpg,WEB限定,https://www.dot-st.com/disp/ranking/?dispNo=001001003&periodTp=3&ageRange=25-29
2026-06-17,20代後半,25-29,5,HARE,【新色中 LADIES】スカシアミチャイナニットカーディガン,8910,https://www.dot-st.com/hare/disp/item/647532/,https://pdimg.dot-st.com/images/hare/goods/itemImg64/647532/item_647532_main_12_1772768996.jpg,予約,https://www.dot-st.com/disp/ranking/?dispNo=001001003&periodTp=3&ageRange=25-29
2026-06-17,20代後半,25-29,6,LOWRYS,FARM 【受付中】 シャーリングチュニックフレンチスリーブ,6050,https://www.dot-st.com/lowrysfarm/disp/item/581468/,https://pdimg.dot-st.com/images/lowrysfarm/goods/itemImg58/581468/item_581468_main_08_1776892278.jpg,NEW / 予約,https://www.dot-st.com/disp/ranking/?dispNo=001001003&periodTp=3&ageRange=25-29
2026-06-17,20代後半,25-29,7,HARE,パーツツキネクタイシャツ,11000,https://www.dot-st.com/hare/disp/item/664012/,https://pdimg.dot-st.com/images/hare/goods/itemImg66/664012/item_664012_main_09_1773400093.jpg,NEW,https://www.dot-st.com/disp/ranking/?dispNo=001001003&periodTp=3&ageRange=25-29
2026-06-17,20代後半,25-29,8,JEANASIS,シアージャガードシャーリングシャツSS【完売カラー・新色追加】,7190,https://www.dot-st.com/jeanasis/disp/item/859249/,https://pdimg.dot-st.com/images/jeanasis/goods/itemImg85/859249/item_859249_main_06_1781076867.jpg,予約,https://www.dot-st.com/disp/ranking/?dispNo=001001003&periodTp=3&ageRange=25-29
2026-06-17,20代後半,25-29,9,Heather,【新色/】マルチWAYドッキングシャツ,6930,https://www.dot-st.com/heather/disp/item/666502/,https://pdimg.dot-st.com/images/heather/goods/itemImg66/666502/item_666502_main_20_1775641282.jpg,再入荷,https://www.dot-st.com/disp/ranking/?dispNo=001001003&periodTp=3&ageRange=25-29
2026-06-17,20代後半,25-29,10,20%OFF,PAGEBOY 【】レースカイキンシャツ (半袖),5280,https://www.dot-st.com/pageboy/disp/item/492982/,https://pdimg.dot-st.com/images/pageboy/goods/itemImg49/492982/item_492982_main_89_1745384690.jpg,WEB限定,https://www.dot-st.com/disp/ranking/?dispNo=001001003&periodTp=3&ageRange=25-29
2026-06-17,30代前半,30-34,1,LOWRYS,FARM 【受付中】 シャーリングチュニックフレンチスリーブ,6050,https://www.dot-st.com/lowrysfarm/disp/item/581468/,https://pdimg.dot-st.com/images/lowrysfarm/goods/itemImg58/581468/item_581468_main_08_1776892278.jpg,NEW / 予約,https://www.dot-st.com/disp/ranking/?dispNo=001001003&periodTp=3&ageRange=30-34
2026-06-17,30代前半,30-34,2,LOWRYS,FARM 【受付中】 ヨウリュウシャーリングショートフレンチスリーブ,5500,https://www.dot-st.com/lowrysfarm/disp/item/661674/,https://pdimg.dot-st.com/images/lowrysfarm/goods/itemImg66/661674/item_661674_main_82_1774431020.jpg,NEW / 予約,https://www.dot-st.com/disp/ranking/?dispNo=001001003&periodTp=3&ageRange=30-34
2026-06-17,30代前半,30-34,3,GLOBAL,WORK クロシェレースビスチェ/759908,2990,https://www.dot-st.com/globalwork/disp/item/759908/,https://pdimg.dot-st.com/images/globalwork/goods/itemImg75/759908/item_759908_main_08_1780281916.jpg,NEW,https://www.dot-st.com/disp/ranking/?dispNo=001001003&periodTp=3&ageRange=30-34
2026-06-17,30代前半,30-34,4,LOWRYS,FARM ペプラムチュニックＳＳ,6050,https://www.dot-st.com/lowrysfarm/disp/item/660871/,https://pdimg.dot-st.com/images/lowrysfarm/goods/itemImg66/660871/item_660871_main_06_1772306172.jpg,NEW,https://www.dot-st.com/disp/ranking/?dispNo=001001003&periodTp=3&ageRange=30-34
2026-06-17,30代前半,30-34,5,LOWRYS,FARM 【】【LFM(U)】セーラーカラーシャツＬＳ,8800,https://www.dot-st.com/lowrysfarm/disp/item/1051785/,https://pdimg.dot-st.com/images/lowrysfarm/goods/itemImg105/1051785/item_1051785_main_88_1780998213.jpg,予約,https://www.dot-st.com/disp/ranking/?dispNo=001001003&periodTp=3&ageRange=30-34
2026-06-17,30代前半,30-34,6,GLOBAL,WORK エアリーリラックスペプラム刺繍半袖/806465,4990,https://www.dot-st.com/globalwork/disp/item/806465/,https://pdimg.dot-st.com/images/globalwork/goods/itemImg80/806465/item_806465_main_09_1781489017.jpg,NEW,https://www.dot-st.com/disp/ranking/?dispNo=001001003&periodTp=3&ageRange=30-34
2026-06-17,30代前半,30-34,7,20%OFF,PAGEBOY 【】レースカイキンシャツ (半袖),5280,https://www.dot-st.com/pageboy/disp/item/492982/,https://pdimg.dot-st.com/images/pageboy/goods/itemImg49/492982/item_492982_main_89_1745384690.jpg,WEB限定,https://www.dot-st.com/disp/ranking/?dispNo=001001003&periodTp=3&ageRange=30-34
2026-06-17,30代前半,30-34,8,LOWRYS,FARM ソウバリスクエアタンクトップ,3850,https://www.dot-st.com/lowrysfarm/disp/item/294378/,https://pdimg.dot-st.com/images/lowrysfarm/goods/itemImg29/294378/item_294378_main_02_1776846779.jpg,,https://www.dot-st.com/disp/ranking/?dispNo=001001003&periodTp=3&ageRange=30-34
2026-06-17,30代前半,30-34,9,Chaos,【一部追加】【4/10金子綾さんYouTube紹介】アイアスロータシャツ,28600,https://www.dot-st.com/chaos/disp/item/452414/,https://pdimg.dot-st.com/images/chaos/goods/itemImg45/452414/item_452414_main_88_1775181258.jpg,予約,https://www.dot-st.com/disp/ranking/?dispNo=001001003&periodTp=3&ageRange=30-34
2026-06-17,30代前半,30-34,10,40%OFF,GLOBAL WORK イージーケアリネンタックブラウス/611205,2994,https://www.dot-st.com/globalwork/disp/item/611205/,https://pdimg.dot-st.com/images/globalwork/goods/itemImg61/611205/item_611205_main_40_1775203753.jpg,SALE,https://www.dot-st.com/disp/ranking/?dispNo=001001003&periodTp=3&ageRange=30-34
2026-06-17,30代後半,35-39,1,GLOBAL,WORK エアリーリラックスペプラム刺繍半袖/806465,4990,https://www.dot-st.com/globalwork/disp/item/806465/,https://pdimg.dot-st.com/images/globalwork/goods/itemImg80/806465/item_806465_main_09_1781489017.jpg,NEW,https://www.dot-st.com/disp/ranking/?dispNo=001001003&periodTp=3&ageRange=35-39
2026-06-17,30代後半,35-39,2,GLOBAL,WORK クロシェレースビスチェ/759908,2990,https://www.dot-st.com/globalwork/disp/item/759908/,https://pdimg.dot-st.com/images/globalwork/goods/itemImg75/759908/item_759908_main_08_1780281916.jpg,NEW,https://www.dot-st.com/disp/ranking/?dispNo=001001003&periodTp=3&ageRange=35-39
2026-06-17,30代後半,35-39,3,GLOBAL,WORK リッチクリーンプリントT半袖/636780,3490,https://www.dot-st.com/globalwork/disp/item/636780/,https://pdimg.dot-st.com/images/globalwork/goods/itemImg63/636780/item_636780_main_78_1779925550.jpg,NEW,https://www.dot-st.com/disp/ranking/?dispNo=001001003&periodTp=3&ageRange=35-39
2026-06-17,30代後半,35-39,4,niko,and ... 裾レースプリントアソートTシャツ,4500,https://www.dot-st.com/nikoand/disp/item/881209/,https://pdimg.dot-st.com/images/nikoand/goods/itemImg88/881209/item_881209_main_18_1780371298.jpg,NEW,https://www.dot-st.com/disp/ranking/?dispNo=001001003&periodTp=3&ageRange=35-39
2026-06-17,30代後半,35-39,5,GLOBAL,WORK UVプロテクトフードシャツ/646416,3990,https://www.dot-st.com/globalwork/disp/item/646416/,https://pdimg.dot-st.com/images/globalwork/goods/itemImg64/646416/item_646416_main_05_1772535514.jpg,NEW,https://www.dot-st.com/disp/ranking/?dispNo=001001003&periodTp=3&ageRange=35-39
2026-06-17,30代後半,35-39,6,Chaos,【新色＆追加】リナリアニットベスト,28600,https://www.dot-st.com/chaos/disp/item/908012/,https://pdimg.dot-st.com/images/chaos/goods/itemImg90/908012/item_908012_main_12_1780978277.jpg,NEW,https://www.dot-st.com/disp/ranking/?dispNo=001001003&periodTp=3&ageRange=35-39
2026-06-17,30代後半,35-39,7,40%OFF,GLOBAL WORK イージーケアリネンシャツ長袖/601200,2693,https://www.dot-st.com/globalwork/disp/item/601200/,https://pdimg.dot-st.com/images/globalwork/goods/itemImg60/601200/item_601200_main_28_1772515397.jpg,SALE,https://www.dot-st.com/disp/ranking/?dispNo=001001003&periodTp=3&ageRange=35-39
2026-06-17,30代後半,35-39,8,25%OFF,LEPSIM シャーリングショートT,3273,https://www.dot-st.com/lepsim/disp/item/680401/,https://pdimg.dot-st.com/images/lepsim/goods/itemImg68/680401/item_680401_main_09_1780366416.jpg,SALE,https://www.dot-st.com/disp/ranking/?dispNo=001001003&periodTp=3&ageRange=35-39
2026-06-17,30代後半,35-39,9,LEPSIM,シアーレースレイヤードT【カラー】,4990,https://www.dot-st.com/lepsim/disp/item/887658/,https://pdimg.dot-st.com/images/lepsim/goods/itemImg88/887658/item_887658_main_09_1780016463.jpg,NEW / 予約,https://www.dot-st.com/disp/ranking/?dispNo=001001003&periodTp=3&ageRange=35-39
2026-06-17,30代後半,35-39,10,GLOBAL,WORK サラサラDRYスクエアタンク/636753,1980,https://www.dot-st.com/globalwork/disp/item/636753/,https://pdimg.dot-st.com/images/globalwork/goods/itemImg63/636753/item_636753_main_08_1774950911.jpg,NEW,https://www.dot-st.com/disp/ranking/?dispNo=001001003&periodTp=3&ageRange=35-39
2026-06-18,20代後半,25-29,1,apres,jour ショート丈ボレロカーディガン,3995,https://www.dot-st.com/apres_jour/disp/item/884560/,https://pdimg.dot-st.com/images/apres_jour/goods/itemImg88/884560/item_884560_main_05_1781594954.jpg,NEW / WEB限定,https://www.dot-st.com/disp/ranking/?dispNo=001001003&periodTp=3&ageRange=25-29
2026-06-18,20代後半,25-29,2,30%OFF,Classical Elf 大人の色魅せ、軽やかに映える。ヘンリーネック袖配色切り替え半袖トップスce1330083,2798,https://www.dot-st.com/classicalelf/disp/item/645385/,https://pdimg.dot-st.com/images/classicalelf/goods/itemImg64/645385/item_645385_main_50_1770955179.jpg,,https://www.dot-st.com/disp/ranking/?dispNo=001001003&periodTp=3&ageRange=25-29
2026-06-18,20代後半,25-29,3,LOWRYS,FARM ヨウリュウシシュウノースリーブ,6990,https://www.dot-st.com/lowrysfarm/disp/item/867766/,https://pdimg.dot-st.com/images/lowrysfarm/goods/itemImg86/867766/item_867766_main_05_1779790204.jpg,NEW,https://www.dot-st.com/disp/ranking/?dispNo=001001003&periodTp=3&ageRange=25-29
2026-06-18,20代後半,25-29,4,HARE,【新色開始 SET UP対応 接触冷感】カタアキトロミショートシャツ,7920,https://www.dot-st.com/hare/disp/item/646515/,https://pdimg.dot-st.com/images/hare/goods/itemImg64/646515/item_646515_main_75_1777002642.jpg,NEW / 予約,https://www.dot-st.com/disp/ranking/?dispNo=001001003&periodTp=3&ageRange=25-29
2026-06-18,20代後半,25-29,5,HARE,【一部カラーSET UP対応 LADIES】ラメアートジャガードショートシャツ,9900,https://www.dot-st.com/hare/disp/item/661462/,https://pdimg.dot-st.com/images/hare/goods/itemImg66/661462/item_661462_main_78_1774257274.jpg,,https://www.dot-st.com/disp/ranking/?dispNo=001001003&periodTp=3&ageRange=25-29
2026-06-18,20代後半,25-29,6,PAGEBOY,【一部追加】スカシリーフニットボレロ,6990,https://www.dot-st.com/pageboy/disp/item/414159/,https://pdimg.dot-st.com/images/pageboy/goods/itemImg41/414159/item_414159_main_89_1776767880.jpg,予約,https://www.dot-st.com/disp/ranking/?dispNo=001001003&periodTp=3&ageRange=25-29
2026-06-18,20代後半,25-29,7,apres,jour 【UVカット】チャーム付きフリルシアーカーディガン,4594,https://www.dot-st.com/apres_jour/disp/item/664920/,https://pdimg.dot-st.com/images/apres_jour/goods/itemImg66/664920/item_664920_main_05_1781521144.jpg,,https://www.dot-st.com/disp/ranking/?dispNo=001001003&periodTp=3&ageRange=25-29
2026-06-18,20代後半,25-29,8,30%OFF,Classical Elf ラフなのに品よく見える。軽やかぽこぽこフクレジャガードトップス（半袖）ce1260557,2798,https://www.dot-st.com/classicalelf/disp/item/648357/,https://pdimg.dot-st.com/images/classicalelf/goods/itemImg64/648357/item_648357_main_05_1774235459.jpg,,https://www.dot-st.com/disp/ranking/?dispNo=001001003&periodTp=3&ageRange=25-29
2026-06-18,20代後半,25-29,9,30%OFF,niko and ... クラフト刺繍開襟シャツ,4899,https://www.dot-st.com/nikoand/disp/item/662053/,https://pdimg.dot-st.com/images/nikoand/goods/itemImg66/662053/item_662053_main_11_1780362887.jpg,,https://www.dot-st.com/disp/ranking/?dispNo=001001003&periodTp=3&ageRange=25-29
2026-06-18,20代後半,25-29,10,40%OFF,GLOBAL WORK イージーケアリネンシャツ長袖/601200,2693,https://www.dot-st.com/globalwork/disp/item/601200/,https://pdimg.dot-st.com/images/globalwork/goods/itemImg60/601200/item_601200_main_28_1772515397.jpg,SALE,https://www.dot-st.com/disp/ranking/?dispNo=001001003&periodTp=3&ageRange=25-29
2026-06-18,30代前半,30-34,1,20%OFF,LOWRYS FARM カットワークフリルブラウス,5280,https://www.dot-st.com/lowrysfarm/disp/item/638507/,https://pdimg.dot-st.com/images/lowrysfarm/goods/itemImg63/638507/item_638507_main_09_1780880860.jpg,,https://www.dot-st.com/disp/ranking/?dispNo=001001003&periodTp=3&ageRange=30-34
2026-06-18,30代前半,30-34,2,GLOBAL,WORK クロシェレースビスチェ/759908,2990,https://www.dot-st.com/globalwork/disp/item/759908/,https://pdimg.dot-st.com/images/globalwork/goods/itemImg75/759908/item_759908_main_08_1780281916.jpg,NEW,https://www.dot-st.com/disp/ranking/?dispNo=001001003&periodTp=3&ageRange=30-34
2026-06-18,30代前半,30-34,3,HARE,パーツツキネクタイシャツ,11000,https://www.dot-st.com/hare/disp/item/664012/,https://pdimg.dot-st.com/images/hare/goods/itemImg66/664012/item_664012_main_09_1773400093.jpg,NEW,https://www.dot-st.com/disp/ranking/?dispNo=001001003&periodTp=3&ageRange=30-34
2026-06-18,30代前半,30-34,4,40%OFF,GLOBAL WORK イージーケアリネンシャツ長袖/601200,2693,https://www.dot-st.com/globalwork/disp/item/601200/,https://pdimg.dot-st.com/images/globalwork/goods/itemImg60/601200/item_601200_main_28_1772515397.jpg,SALE,https://www.dot-st.com/disp/ranking/?dispNo=001001003&periodTp=3&ageRange=30-34
2026-06-18,30代前半,30-34,5,mysty,woman 【】前後2WAYラウンドフリルプルオーバー,6600,https://www.dot-st.com/mystywoman/disp/item/1042910/,https://pdimg.dot-st.com/images/mystywoman/goods/itemImg104/1042910/item_1042910_main_18_1780528189.jpg,NEW / WEB限定,https://www.dot-st.com/disp/ranking/?dispNo=001001003&periodTp=3&ageRange=30-34
2026-06-18,30代前半,30-34,6,30%OFF,Classical Elf 大人の色魅せ、軽やかに映える。ヘンリーネック袖配色切り替え半袖トップスce1330083,2798,https://www.dot-st.com/classicalelf/disp/item/645385/,https://pdimg.dot-st.com/images/classicalelf/goods/itemImg64/645385/item_645385_main_50_1770955179.jpg,,https://www.dot-st.com/disp/ranking/?dispNo=001001003&periodTp=3&ageRange=30-34
2026-06-18,30代前半,30-34,7,LOWRYS,FARM 【受付中】 ヨウリュウシャーリングショートフレンチスリーブ,5500,https://www.dot-st.com/lowrysfarm/disp/item/661674/,https://pdimg.dot-st.com/images/lowrysfarm/goods/itemImg66/661674/item_661674_main_82_1774431020.jpg,NEW / 予約,https://www.dot-st.com/disp/ranking/?dispNo=001001003&periodTp=3&ageRange=30-34
2026-06-18,30代前半,30-34,8,LOWRYS,FARM シャーリングペプラムフレンチスリーブ,5500,https://www.dot-st.com/lowrysfarm/disp/item/759467/,https://pdimg.dot-st.com/images/lowrysfarm/goods/itemImg75/759467/item_759467_main_08_1778564930.jpg,NEW,https://www.dot-st.com/disp/ranking/?dispNo=001001003&periodTp=3&ageRange=30-34
2026-06-18,30代前半,30-34,9,niko,and ... 【接触冷感】レーストリムフーディシャツ,6000,https://www.dot-st.com/nikoand/disp/item/638952/,https://pdimg.dot-st.com/images/nikoand/goods/itemImg63/638952/item_638952_main_11_1780379782.jpg,NEW,https://www.dot-st.com/disp/ranking/?dispNo=001001003&periodTp=3&ageRange=30-34
2026-06-18,30代前半,30-34,10,GLOBAL,WORK リッチクリーンプリントT半袖/636780,3490,https://www.dot-st.com/globalwork/disp/item/636780/,https://pdimg.dot-st.com/images/globalwork/goods/itemImg63/636780/item_636780_main_78_1779925550.jpg,NEW,https://www.dot-st.com/disp/ranking/?dispNo=001001003&periodTp=3&ageRange=30-34
2026-06-18,30代後半,35-39,1,GLOBAL,WORK クロシェレースビスチェ/759908,2990,https://www.dot-st.com/globalwork/disp/item/759908/,https://pdimg.dot-st.com/images/globalwork/goods/itemImg75/759908/item_759908_main_08_1780281916.jpg,NEW,https://www.dot-st.com/disp/ranking/?dispNo=001001003&periodTp=3&ageRange=35-39
2026-06-18,30代後半,35-39,2,20%OFF,LOWRYS FARM カットワークフリルブラウス,5280,https://www.dot-st.com/lowrysfarm/disp/item/638507/,https://pdimg.dot-st.com/images/lowrysfarm/goods/itemImg63/638507/item_638507_main_09_1780880860.jpg,,https://www.dot-st.com/disp/ranking/?dispNo=001001003&periodTp=3&ageRange=35-39
2026-06-18,30代後半,35-39,3,GLOBAL,WORK エアリーリラックスペプラム刺繍半袖/806465,4990,https://www.dot-st.com/globalwork/disp/item/806465/,https://pdimg.dot-st.com/images/globalwork/goods/itemImg80/806465/item_806465_main_09_1781686680.jpg,NEW,https://www.dot-st.com/disp/ranking/?dispNo=001001003&periodTp=3&ageRange=35-39
2026-06-18,30代後半,35-39,4,40%OFF,GLOBAL WORK イージーケアリネンタックブラウス/611205,2994,https://www.dot-st.com/globalwork/disp/item/611205/,https://pdimg.dot-st.com/images/globalwork/goods/itemImg61/611205/item_611205_main_40_1775203753.jpg,SALE,https://www.dot-st.com/disp/ranking/?dispNo=001001003&periodTp=3&ageRange=35-39
2026-06-18,30代後半,35-39,5,niko,and ... 裾レースプリントアソートTシャツ,4500,https://www.dot-st.com/nikoand/disp/item/881209/,https://pdimg.dot-st.com/images/nikoand/goods/itemImg88/881209/item_881209_main_18_1780371298.jpg,NEW,https://www.dot-st.com/disp/ranking/?dispNo=001001003&periodTp=3&ageRange=35-39
2026-06-18,30代後半,35-39,6,LEPSIM,シアーレースレイヤードT【カラー】,4990,https://www.dot-st.com/lepsim/disp/item/887658/,https://pdimg.dot-st.com/images/lepsim/goods/itemImg88/887658/item_887658_main_09_1780016463.jpg,NEW / 予約,https://www.dot-st.com/disp/ranking/?dispNo=001001003&periodTp=3&ageRange=35-39
2026-06-18,30代後半,35-39,7,40%OFF,GLOBAL WORK イージーケアリネンシャツ長袖/601200,2693,https://www.dot-st.com/globalwork/disp/item/601200/,https://pdimg.dot-st.com/images/globalwork/goods/itemImg60/601200/item_601200_main_28_1772515397.jpg,SALE,https://www.dot-st.com/disp/ranking/?dispNo=001001003&periodTp=3&ageRange=35-39
2026-06-18,30代後半,35-39,8,GLOBAL,WORK フェイクレイヤードT半袖/684021,2990,https://www.dot-st.com/globalwork/disp/item/684021/,https://pdimg.dot-st.com/images/globalwork/goods/itemImg68/684021/item_684021_main_18_1777599872.jpg,,https://www.dot-st.com/disp/ranking/?dispNo=001001003&periodTp=3&ageRange=35-39
2026-06-18,30代後半,35-39,9,30%OFF,Classical Elf ラフなのに品よく見える。軽やかぽこぽこフクレジャガードトップス（半袖）ce1260557,2798,https://www.dot-st.com/classicalelf/disp/item/648357/,https://pdimg.dot-st.com/images/classicalelf/goods/itemImg64/648357/item_648357_main_05_1774235459.jpg,,https://www.dot-st.com/disp/ranking/?dispNo=001001003&periodTp=3&ageRange=35-39
2026-06-18,30代後半,35-39,10,GLOBAL,WORK サラサラDRYスクエアタンク/636753,1980,https://www.dot-st.com/globalwork/disp/item/636753/,https://pdimg.dot-st.com/images/globalwork/goods/itemImg63/636753/item_636753_main_08_1774950911.jpg,NEW,https://www.dot-st.com/disp/ranking/?dispNo=001001003&periodTp=3&ageRange=35-39
2026-06-19,20代後半,25-29,1,20%OFF,PAGEBOY 【】レースカイキンシャツ (半袖),5280,https://www.dot-st.com/pageboy/disp/item/492982/,https://pdimg.dot-st.com/images/pageboy/goods/itemImg49/492982/item_492982_main_89_1745384690.jpg,WEB限定,https://www.dot-st.com/disp/ranking/?dispNo=001001003&periodTp=3&ageRange=25-29
2026-06-19,20代後半,25-29,2,30%OFF,Classical Elf 大人の色魅せ、軽やかに映える。ヘンリーネック袖配色切り替え半袖トップスce1330083,2798,https://www.dot-st.com/classicalelf/disp/item/645385/,https://pdimg.dot-st.com/images/classicalelf/goods/itemImg64/645385/item_645385_main_50_1770955179.jpg,,https://www.dot-st.com/disp/ranking/?dispNo=001001003&periodTp=3&ageRange=25-29
2026-06-19,20代後半,25-29,3,LOWRYS,FARM ペプラムチュニックＳＳ,6050,https://www.dot-st.com/lowrysfarm/disp/item/660871/,https://pdimg.dot-st.com/images/lowrysfarm/goods/itemImg66/660871/item_660871_main_06_1772306172.jpg,NEW,https://www.dot-st.com/disp/ranking/?dispNo=001001003&periodTp=3&ageRange=25-29
2026-06-19,20代後半,25-29,4,LOWRYS,FARM 【受付中】 ヨウリュウシャーリングショートフレンチスリーブ,5500,https://www.dot-st.com/lowrysfarm/disp/item/661674/,https://pdimg.dot-st.com/images/lowrysfarm/goods/itemImg66/661674/item_661674_main_10_1781774961.jpg,NEW / 予約,https://www.dot-st.com/disp/ranking/?dispNo=001001003&periodTp=3&ageRange=25-29
2026-06-19,20代後半,25-29,5,LOWRYS,FARM ソウバリスクエアタンクトップ,3850,https://www.dot-st.com/lowrysfarm/disp/item/294378/,https://pdimg.dot-st.com/images/lowrysfarm/goods/itemImg29/294378/item_294378_main_02_1776846779.jpg,,https://www.dot-st.com/disp/ranking/?dispNo=001001003&periodTp=3&ageRange=25-29
2026-06-19,20代後半,25-29,6,HARE,【WEB】ビッグカラーチャイナレースブラウス,8910,https://www.dot-st.com/hare/disp/item/1042427/,https://pdimg.dot-st.com/images/hare/goods/itemImg104/1042427/item_1042427_main_08_1780379323.jpg,予約,https://www.dot-st.com/disp/ranking/?dispNo=001001003&periodTp=3&ageRange=25-29
2026-06-19,20代後半,25-29,7,10%OFF,PAGEBOY 【】レースバンドカラーシャツ,3960,https://www.dot-st.com/pageboy/disp/item/192466/,https://pdimg.dot-st.com/images/pageboy/goods/itemImg19/192466/item_192466_main_76_1745381653.jpg,WEB限定,https://www.dot-st.com/disp/ranking/?dispNo=001001003&periodTp=3&ageRange=25-29
2026-06-19,20代後半,25-29,8,LOWRYS,FARM シャーリングペプラムフレンチスリーブ,5500,https://www.dot-st.com/lowrysfarm/disp/item/759467/,https://pdimg.dot-st.com/images/lowrysfarm/goods/itemImg75/759467/item_759467_main_08_1778564930.jpg,NEW,https://www.dot-st.com/disp/ranking/?dispNo=001001003&periodTp=3&ageRange=25-29
2026-06-19,20代後半,25-29,9,20%OFF,LOWRYS FARM カットワークフリルブラウス,5280,https://www.dot-st.com/lowrysfarm/disp/item/638507/,https://pdimg.dot-st.com/images/lowrysfarm/goods/itemImg63/638507/item_638507_main_09_1780880860.jpg,,https://www.dot-st.com/disp/ranking/?dispNo=001001003&periodTp=3&ageRange=25-29
2026-06-19,20代後半,25-29,10,kutir,【新色追加】半袖アソート袖リボンシアーメロートップス,2995,https://www.dot-st.com/kutir/disp/item/686731/,https://pdimg.dot-st.com/images/kutir/goods/itemImg68/686731/item_686731_main_06_1781774918.jpg,NEW,https://www.dot-st.com/disp/ranking/?dispNo=001001003&periodTp=3&ageRange=25-29
2026-06-19,30代前半,30-34,1,GLOBAL,WORK クロシェレースビスチェ/759908,2990,https://www.dot-st.com/globalwork/disp/item/759908/,https://pdimg.dot-st.com/images/globalwork/goods/itemImg75/759908/item_759908_main_08_1780281916.jpg,NEW,https://www.dot-st.com/disp/ranking/?dispNo=001001003&periodTp=3&ageRange=30-34
2026-06-19,30代前半,30-34,2,GLOBAL,WORK リッチクリーンプリントT半袖/636780,3490,https://www.dot-st.com/globalwork/disp/item/636780/,https://pdimg.dot-st.com/images/globalwork/goods/itemImg63/636780/item_636780_main_78_1779925550.jpg,NEW,https://www.dot-st.com/disp/ranking/?dispNo=001001003&periodTp=3&ageRange=30-34
2026-06-19,30代前半,30-34,3,30%OFF,Classical Elf 大人の色魅せ、軽やかに映える。ヘンリーネック袖配色切り替え半袖トップスce1330083,2798,https://www.dot-st.com/classicalelf/disp/item/645385/,https://pdimg.dot-st.com/images/classicalelf/goods/itemImg64/645385/item_645385_main_50_1770955179.jpg,,https://www.dot-st.com/disp/ranking/?dispNo=001001003&periodTp=3&ageRange=30-34
2026-06-19,30代前半,30-34,4,20%OFF,PAGEBOY 【】レースカイキンシャツ (半袖),5280,https://www.dot-st.com/pageboy/disp/item/492982/,https://pdimg.dot-st.com/images/pageboy/goods/itemImg49/492982/item_492982_main_89_1745384690.jpg,WEB限定,https://www.dot-st.com/disp/ranking/?dispNo=001001003&periodTp=3&ageRange=30-34
2026-06-19,30代前半,30-34,5,20%OFF,LOWRYS FARM カットワークフリルブラウス,5280,https://www.dot-st.com/lowrysfarm/disp/item/638507/,https://pdimg.dot-st.com/images/lowrysfarm/goods/itemImg63/638507/item_638507_main_09_1780880860.jpg,,https://www.dot-st.com/disp/ranking/?dispNo=001001003&periodTp=3&ageRange=30-34
2026-06-19,30代前半,30-34,6,30%OFF,Classical Elf ラフなのに品よく見える。軽やかぽこぽこフクレジャガードトップス（半袖）ce1260557,2798,https://www.dot-st.com/classicalelf/disp/item/648357/,https://pdimg.dot-st.com/images/classicalelf/goods/itemImg64/648357/item_648357_main_05_1774235459.jpg,,https://www.dot-st.com/disp/ranking/?dispNo=001001003&periodTp=3&ageRange=30-34
2026-06-19,30代前半,30-34,7,GLOBAL,WORK エアリーリラックスペプラム刺繍半袖/806465,4990,https://www.dot-st.com/globalwork/disp/item/806465/,https://pdimg.dot-st.com/images/globalwork/goods/itemImg80/806465/item_806465_main_09_1781775957.jpg,NEW,https://www.dot-st.com/disp/ranking/?dispNo=001001003&periodTp=3&ageRange=30-34
2026-06-19,30代前半,30-34,8,LEPSIM,シアーレースレイヤードT【カラー】,4990,https://www.dot-st.com/lepsim/disp/item/887658/,https://pdimg.dot-st.com/images/lepsim/goods/itemImg88/887658/item_887658_main_09_1780016463.jpg,NEW / 予約,https://www.dot-st.com/disp/ranking/?dispNo=001001003&periodTp=3&ageRange=30-34
2026-06-19,30代前半,30-34,9,40%OFF,GLOBAL WORK イージーケアリネンシャツ長袖/601200,2693,https://www.dot-st.com/globalwork/disp/item/601200/,https://pdimg.dot-st.com/images/globalwork/goods/itemImg60/601200/item_601200_main_28_1772515397.jpg,SALE,https://www.dot-st.com/disp/ranking/?dispNo=001001003&periodTp=3&ageRange=30-34
2026-06-19,30代前半,30-34,10,LOWRYS,FARM ヨウリュウシシュウノースリーブ,6990,https://www.dot-st.com/lowrysfarm/disp/item/867766/,https://pdimg.dot-st.com/images/lowrysfarm/goods/itemImg86/867766/item_867766_main_09_1779790210.jpg,NEW,https://www.dot-st.com/disp/ranking/?dispNo=001001003&periodTp=3&ageRange=30-34
2026-06-19,30代後半,35-39,1,GLOBAL,WORK クロシェレースビスチェ/759908,2990,https://www.dot-st.com/globalwork/disp/item/759908/,https://pdimg.dot-st.com/images/globalwork/goods/itemImg75/759908/item_759908_main_08_1780281916.jpg,NEW,https://www.dot-st.com/disp/ranking/?dispNo=001001003&periodTp=3&ageRange=35-39
2026-06-19,30代後半,35-39,2,40%OFF,GLOBAL WORK イージーケアリネンタックブラウス/611205,2994,https://www.dot-st.com/globalwork/disp/item/611205/,https://pdimg.dot-st.com/images/globalwork/goods/itemImg61/611205/item_611205_main_40_1775203753.jpg,SALE,https://www.dot-st.com/disp/ranking/?dispNo=001001003&periodTp=3&ageRange=35-39
2026-06-19,30代後半,35-39,3,30%OFF,Classical Elf ラフなのに品よく見える。軽やかぽこぽこフクレジャガードトップス（半袖）ce1260557,2798,https://www.dot-st.com/classicalelf/disp/item/648357/,https://pdimg.dot-st.com/images/classicalelf/goods/itemImg64/648357/item_648357_main_05_1774235459.jpg,,https://www.dot-st.com/disp/ranking/?dispNo=001001003&periodTp=3&ageRange=35-39
2026-06-19,30代後半,35-39,4,niko,and ... 裾レースプリントアソートTシャツ,4500,https://www.dot-st.com/nikoand/disp/item/881209/,https://pdimg.dot-st.com/images/nikoand/goods/itemImg88/881209/item_881209_main_18_1780371298.jpg,NEW,https://www.dot-st.com/disp/ranking/?dispNo=001001003&periodTp=3&ageRange=35-39
2026-06-19,30代後半,35-39,5,LOWRYS,FARM 【受付中】 ヨウリュウシャーリングショートフレンチスリーブ,5500,https://www.dot-st.com/lowrysfarm/disp/item/661674/,https://pdimg.dot-st.com/images/lowrysfarm/goods/itemImg66/661674/item_661674_main_10_1781774961.jpg,NEW / 予約,https://www.dot-st.com/disp/ranking/?dispNo=001001003&periodTp=3&ageRange=35-39
2026-06-19,30代後半,35-39,6,GLOBAL,WORK リッチクリーンプリントT半袖/636780,3490,https://www.dot-st.com/globalwork/disp/item/636780/,https://pdimg.dot-st.com/images/globalwork/goods/itemImg63/636780/item_636780_main_78_1779925550.jpg,NEW,https://www.dot-st.com/disp/ranking/?dispNo=001001003&periodTp=3&ageRange=35-39
2026-06-19,30代後半,35-39,7,LEPSIM,シアーレースレイヤードT【カラー】,4990,https://www.dot-st.com/lepsim/disp/item/887658/,https://pdimg.dot-st.com/images/lepsim/goods/itemImg88/887658/item_887658_main_09_1780016463.jpg,NEW / 予約,https://www.dot-st.com/disp/ranking/?dispNo=001001003&periodTp=3&ageRange=35-39
2026-06-19,30代後半,35-39,8,GLOBAL,WORK エアリーリラックスペプラム刺繍半袖/806465,4990,https://www.dot-st.com/globalwork/disp/item/806465/,https://pdimg.dot-st.com/images/globalwork/goods/itemImg80/806465/item_806465_main_09_1781775957.jpg,NEW,https://www.dot-st.com/disp/ranking/?dispNo=001001003&periodTp=3&ageRange=35-39
2026-06-19,30代後半,35-39,9,GLOBAL,WORK サラサラDRYスクエアタンク/636753,1980,https://www.dot-st.com/globalwork/disp/item/636753/,https://pdimg.dot-st.com/images/globalwork/goods/itemImg63/636753/item_636753_main_08_1774950911.jpg,NEW,https://www.dot-st.com/disp/ranking/?dispNo=001001003&periodTp=3&ageRange=35-39
2026-06-19,30代後半,35-39,10,40%OFF,Classical Elf 綿100％ユニセックスレシピ刺繍ビッグロゴロックTシャツjv1050170,2998,https://www.dot-st.com/classicalelf/disp/item/293421/,https://pdimg.dot-st.com/images/classicalelf/goods/itemImg29/293421/item_293421_main_19_1741851087.jpg,,https://www.dot-st.com/disp/ranking/?dispNo=001001003&periodTp=3&ageRange=35-39
2026-06-20,20代後半,25-29,1,LOWRYS,FARM ペプラムチュニックＳＳ,6050,https://www.dot-st.com/lowrysfarm/disp/item/660871/,https://pdimg.dot-st.com/images/lowrysfarm/goods/itemImg66/660871/item_660871_main_06_1772306172.jpg,NEW,https://www.dot-st.com/disp/ranking/?dispNo=001001003&periodTp=3&ageRange=25-29
2026-06-20,20代後半,25-29,2,kutir,【新色追加】半袖アソート袖リボンシアーメロートップス,2995,https://www.dot-st.com/kutir/disp/item/686731/,https://pdimg.dot-st.com/images/kutir/goods/itemImg68/686731/item_686731_main_06_1781774918.jpg,NEW,https://www.dot-st.com/disp/ranking/?dispNo=001001003&periodTp=3&ageRange=25-29
2026-06-20,20代後半,25-29,3,niko,and ... [be with MABU] カワモトスリットチュニック【追加】,7000,https://www.dot-st.com/nikoand/disp/item/670628/,https://pdimg.dot-st.com/images/nikoand/goods/itemImg67/670628/item_670628_main_19_1781252328.jpg,NEW / 予約,https://www.dot-st.com/disp/ranking/?dispNo=001001003&periodTp=3&ageRange=25-29
2026-06-20,20代後半,25-29,4,LOWRYS,FARM 【受付中】 ヨウリュウシャーリングショートフレンチスリーブ,5500,https://www.dot-st.com/lowrysfarm/disp/item/661674/,https://pdimg.dot-st.com/images/lowrysfarm/goods/itemImg66/661674/item_661674_main_10_1781774961.jpg,NEW / 予約,https://www.dot-st.com/disp/ranking/?dispNo=001001003&periodTp=3&ageRange=25-29
2026-06-20,20代後半,25-29,5,LOWRYS,FARM ヨウリュウシシュウノースリーブ,6990,https://www.dot-st.com/lowrysfarm/disp/item/867766/,https://pdimg.dot-st.com/images/lowrysfarm/goods/itemImg86/867766/item_867766_main_09_1779790210.jpg,NEW,https://www.dot-st.com/disp/ranking/?dispNo=001001003&periodTp=3&ageRange=25-29
2026-06-20,20代後半,25-29,6,28%OFF,LOWRYS FARM ブークレニットポロＳＳ,3960,https://www.dot-st.com/lowrysfarm/disp/item/669414/,https://pdimg.dot-st.com/images/lowrysfarm/goods/itemImg66/669414/item_669414_main_08_1774432091.jpg,NEW / SALE,https://www.dot-st.com/disp/ranking/?dispNo=001001003&periodTp=3&ageRange=25-29
2026-06-20,20代後半,25-29,7,niko,and ... [Make Stuff ’26] しも.シェアカジュベスト,7500,https://www.dot-st.com/nikoand/disp/item/679278/,https://pdimg.dot-st.com/images/nikoand/goods/itemImg67/679278/item_679278_main_50_1778817900.jpg,NEW,https://www.dot-st.com/disp/ranking/?dispNo=001001003&periodTp=3&ageRange=25-29
2026-06-20,20代後半,25-29,8,29%OFF,Classical Elf 大人の配色で、オフィスにも着やすい♪着回し抜群の ランダムリブ 配色ポロトップスce1010636,3499,https://www.dot-st.com/classicalelf/disp/item/859558/,https://pdimg.dot-st.com/images/classicalelf/goods/itemImg85/859558/item_859558_main_50_1780362922.jpg,,https://www.dot-st.com/disp/ranking/?dispNo=001001003&periodTp=3&ageRange=25-29
2026-06-20,20代後半,25-29,9,HARE,【SET UP対応 LADIES】2WAYフラワーガラシアートップス,6930,https://www.dot-st.com/hare/disp/item/670683/,https://pdimg.dot-st.com/images/hare/goods/itemImg67/670683/item_670683_main_09_1775099211.jpg,,https://www.dot-st.com/disp/ranking/?dispNo=001001003&periodTp=3&ageRange=25-29
2026-06-20,20代後半,25-29,10,GLOBAL,WORK 【SATELLITE CRAYON PROJECT】UNISEXグラフィックTEE/647376,4490,https://www.dot-st.com/globalwork/disp/item/647376/,https://pdimg.dot-st.com/images/globalwork/goods/itemImg64/647376/item_647376_main_05_1780574857.jpg,,https://www.dot-st.com/disp/ranking/?dispNo=001001003&periodTp=3&ageRange=25-29
2026-06-20,30代前半,30-34,1,niko,and ... [be with MABU] カワモトスリットチュニック【追加】,7000,https://www.dot-st.com/nikoand/disp/item/670628/,https://pdimg.dot-st.com/images/nikoand/goods/itemImg67/670628/item_670628_main_19_1781252328.jpg,NEW / 予約,https://www.dot-st.com/disp/ranking/?dispNo=001001003&periodTp=3&ageRange=30-34
2026-06-20,30代前半,30-34,2,GLOBAL,WORK リッチクリーンプリントT半袖/636780,3490,https://www.dot-st.com/globalwork/disp/item/636780/,https://pdimg.dot-st.com/images/globalwork/goods/itemImg63/636780/item_636780_main_78_1779925550.jpg,NEW,https://www.dot-st.com/disp/ranking/?dispNo=001001003&periodTp=3&ageRange=30-34
2026-06-20,30代前半,30-34,3,30%OFF,Classical Elf ラフなのに品よく見える。軽やかぽこぽこフクレジャガードトップス（半袖）ce1260557,2798,https://www.dot-st.com/classicalelf/disp/item/648357/,https://pdimg.dot-st.com/images/classicalelf/goods/itemImg64/648357/item_648357_main_05_1774235459.jpg,,https://www.dot-st.com/disp/ranking/?dispNo=001001003&periodTp=3&ageRange=30-34
2026-06-20,30代前半,30-34,4,JEANASIS,14GレーストリムリブカーディガンSS,7190,https://www.dot-st.com/jeanasis/disp/item/911281/,https://pdimg.dot-st.com/images/jeanasis/goods/itemImg91/911281/item_911281_main_87_1781072474.jpg,,https://www.dot-st.com/disp/ranking/?dispNo=001001003&periodTp=3&ageRange=30-34
2026-06-20,30代前半,30-34,5,mysty,woman 【】前後2WAYラウンドフリルプルオーバー,6600,https://www.dot-st.com/mystywoman/disp/item/1042910/,https://pdimg.dot-st.com/images/mystywoman/goods/itemImg104/1042910/item_1042910_main_18_1780528189.jpg,NEW / WEB限定,https://www.dot-st.com/disp/ranking/?dispNo=001001003&periodTp=3&ageRange=30-34
2026-06-20,30代前半,30-34,6,LEPSIM,着回し5分袖ブラウス《2点セット》【カラー】,5500,https://www.dot-st.com/lepsim/disp/item/639519/,https://pdimg.dot-st.com/images/lepsim/goods/itemImg63/639519/item_639519_main_92_1775541189.jpg,予約,https://www.dot-st.com/disp/ranking/?dispNo=001001003&periodTp=3&ageRange=30-34
2026-06-20,30代前半,30-34,7,40%OFF,GLOBAL WORK イージーケアリネンシャツ長袖/601200,2693,https://www.dot-st.com/globalwork/disp/item/601200/,https://pdimg.dot-st.com/images/globalwork/goods/itemImg60/601200/item_601200_main_28_1772515397.jpg,SALE,https://www.dot-st.com/disp/ranking/?dispNo=001001003&periodTp=3&ageRange=30-34
2026-06-20,30代前半,30-34,8,Chaos,【4/10金子綾さんYouTube紹介】【追加】シルシャーノースリーブ,28600,https://www.dot-st.com/chaos/disp/item/113019/,https://pdimg.dot-st.com/images/chaos/goods/itemImg11/113019/item_113019_main_88_1775912585.jpg,NEW / 予約,https://www.dot-st.com/disp/ranking/?dispNo=001001003&periodTp=3&ageRange=30-34
2026-06-20,30代前半,30-34,9,40%OFF,GLOBAL WORK イージーケアリネンタックブラウス/611205,2994,https://www.dot-st.com/globalwork/disp/item/611205/,https://pdimg.dot-st.com/images/globalwork/goods/itemImg61/611205/item_611205_main_40_1775203753.jpg,SALE,https://www.dot-st.com/disp/ranking/?dispNo=001001003&periodTp=3&ageRange=30-34
2026-06-20,30代前半,30-34,10,GLOBAL,WORK エアリーリラックスギャザー切り替え/680330,4490,https://www.dot-st.com/globalwork/disp/item/680330/,https://pdimg.dot-st.com/images/globalwork/goods/itemImg68/680330/item_680330_main_38_1777594400.jpg,,https://www.dot-st.com/disp/ranking/?dispNo=001001003&periodTp=3&ageRange=30-34
2026-06-20,30代後半,35-39,1,niko,and ... [be with MABU] カワモトスリットチュニック【追加】,7000,https://www.dot-st.com/nikoand/disp/item/670628/,https://pdimg.dot-st.com/images/nikoand/goods/itemImg67/670628/item_670628_main_19_1781252328.jpg,NEW / 予約,https://www.dot-st.com/disp/ranking/?dispNo=001001003&periodTp=3&ageRange=35-39
2026-06-20,30代後半,35-39,2,30%OFF,Classical Elf ラフなのに品よく見える。軽やかぽこぽこフクレジャガードトップス（半袖）ce1260557,2798,https://www.dot-st.com/classicalelf/disp/item/648357/,https://pdimg.dot-st.com/images/classicalelf/goods/itemImg64/648357/item_648357_main_05_1774235459.jpg,,https://www.dot-st.com/disp/ranking/?dispNo=001001003&periodTp=3&ageRange=35-39
2026-06-20,30代後半,35-39,3,40%OFF,GLOBAL WORK イージーケアリネンタックブラウス/611205,2994,https://www.dot-st.com/globalwork/disp/item/611205/,https://pdimg.dot-st.com/images/globalwork/goods/itemImg61/611205/item_611205_main_40_1775203753.jpg,SALE,https://www.dot-st.com/disp/ranking/?dispNo=001001003&periodTp=3&ageRange=35-39
2026-06-20,30代後半,35-39,4,niko,and ... 裾レースプリントアソートTシャツ,4500,https://www.dot-st.com/nikoand/disp/item/881209/,https://pdimg.dot-st.com/images/nikoand/goods/itemImg88/881209/item_881209_main_18_1780371298.jpg,NEW,https://www.dot-st.com/disp/ranking/?dispNo=001001003&periodTp=3&ageRange=35-39
2026-06-20,30代後半,35-39,5,GLOBAL,WORK クロシェレースビスチェ/759908,2990,https://www.dot-st.com/globalwork/disp/item/759908/,https://pdimg.dot-st.com/images/globalwork/goods/itemImg75/759908/item_759908_main_08_1780281916.jpg,NEW,https://www.dot-st.com/disp/ranking/?dispNo=001001003&periodTp=3&ageRange=35-39
2026-06-20,30代後半,35-39,6,40%OFF,Chaos カーラブランブラウス,43560,https://www.dot-st.com/chaos/disp/item/672571/,https://pdimg.dot-st.com/images/chaos/goods/itemImg67/672571/item_672571_main_02_1775098197.jpg,SALE,https://www.dot-st.com/disp/ranking/?dispNo=001001003&periodTp=3&ageRange=35-39
2026-06-20,30代後半,35-39,7,LOWRYS,FARM 【受付中】 シャーリングチュニックフレンチスリーブ,6050,https://www.dot-st.com/lowrysfarm/disp/item/581468/,https://pdimg.dot-st.com/images/lowrysfarm/goods/itemImg58/581468/item_581468_main_52_1779851442.jpg,NEW / 予約,https://www.dot-st.com/disp/ranking/?dispNo=001001003&periodTp=3&ageRange=35-39
2026-06-20,30代後半,35-39,8,30%OFF,niko and ... ヴィンテージ柄アソートシャツ,3850,https://www.dot-st.com/nikoand/disp/item/660007/,https://pdimg.dot-st.com/images/nikoand/goods/itemImg66/660007/item_660007_main_88_1777341653.jpg,SALE,https://www.dot-st.com/disp/ranking/?dispNo=001001003&periodTp=3&ageRange=35-39
2026-06-20,30代後半,35-39,9,GLOBAL,WORK エアリーリラックスペプラム刺繍半袖/806465,4990,https://www.dot-st.com/globalwork/disp/item/806465/,https://pdimg.dot-st.com/images/globalwork/goods/itemImg80/806465/item_806465_main_09_1781775957.jpg,NEW,https://www.dot-st.com/disp/ranking/?dispNo=001001003&periodTp=3&ageRange=35-39
2026-06-20,30代後半,35-39,10,40%OFF,Classical Elf 綿100％ユニセックスレシピ刺繍ビッグロゴロックTシャツjv1050170,2998,https://www.dot-st.com/classicalelf/disp/item/293421/,https://pdimg.dot-st.com/images/classicalelf/goods/itemImg29/293421/item_293421_main_19_1741851087.jpg,,https://www.dot-st.com/disp/ranking/?dispNo=001001003&periodTp=3&ageRange=35-39
2026-06-21,20代後半,25-29,1,LOWRYS,FARM ペプラムチュニックＳＳ,6050,https://www.dot-st.com/lowrysfarm/disp/item/660871/,https://pdimg.dot-st.com/images/lowrysfarm/goods/itemImg66/660871/item_660871_main_06_1772306172.jpg,NEW,https://www.dot-st.com/disp/ranking/?dispNo=001001003&periodTp=3&ageRange=25-29
2026-06-21,20代後半,25-29,2,niko,and ... ハイカロリーラグランTシャツ【新色】,4000,https://www.dot-st.com/nikoand/disp/item/654215/,https://pdimg.dot-st.com/images/nikoand/goods/itemImg65/654215/item_654215_main_81_1781836741.jpg,予約,https://www.dot-st.com/disp/ranking/?dispNo=001001003&periodTp=3&ageRange=25-29
2026-06-21,20代後半,25-29,3,30%OFF,Classical Elf ラフなのに品よく見える。軽やかぽこぽこフクレジャガードトップス（半袖）ce1260557,2798,https://www.dot-st.com/classicalelf/disp/item/648357/,https://pdimg.dot-st.com/images/classicalelf/goods/itemImg64/648357/item_648357_main_05_1774235459.jpg,,https://www.dot-st.com/disp/ranking/?dispNo=001001003&periodTp=3&ageRange=25-29
2026-06-21,20代後半,25-29,4,LOWRYS,FARM 【受付中】 ヨウリュウシャーリングショートフレンチスリーブ,5500,https://www.dot-st.com/lowrysfarm/disp/item/661674/,https://pdimg.dot-st.com/images/lowrysfarm/goods/itemImg66/661674/item_661674_main_10_1781774961.jpg,NEW / 予約,https://www.dot-st.com/disp/ranking/?dispNo=001001003&periodTp=3&ageRange=25-29
2026-06-21,20代後半,25-29,5,HARE,【接触冷感】タグロゴシシュウカット,4950,https://www.dot-st.com/hare/disp/item/680066/,https://pdimg.dot-st.com/images/hare/goods/itemImg68/680066/item_680066_main_09_1776852662.jpg,NEW,https://www.dot-st.com/disp/ranking/?dispNo=001001003&periodTp=3&ageRange=25-29
2026-06-21,20代後半,25-29,6,20%OFF,LOWRYS FARM フライスチビＴＥＥ,3168,https://www.dot-st.com/lowrysfarm/disp/item/637055/,https://pdimg.dot-st.com/images/lowrysfarm/goods/itemImg63/637055/item_637055_main_58_1776131816.jpg,,https://www.dot-st.com/disp/ranking/?dispNo=001001003&periodTp=3&ageRange=25-29
2026-06-21,20代後半,25-29,7,20%OFF,PAGEBOY 【】レースカイキンシャツ (半袖),5280,https://www.dot-st.com/pageboy/disp/item/492982/,https://pdimg.dot-st.com/images/pageboy/goods/itemImg49/492982/item_492982_main_89_1745384690.jpg,WEB限定,https://www.dot-st.com/disp/ranking/?dispNo=001001003&periodTp=3&ageRange=25-29
2026-06-21,20代後半,25-29,8,20%OFF,LOWRYS FARM カットワークフリルブラウス,5280,https://www.dot-st.com/lowrysfarm/disp/item/638507/,https://pdimg.dot-st.com/images/lowrysfarm/goods/itemImg63/638507/item_638507_main_09_1780880860.jpg,,https://www.dot-st.com/disp/ranking/?dispNo=001001003&periodTp=3&ageRange=25-29
2026-06-21,20代後半,25-29,9,niko,and ... 【接触冷感】クールキープカップ付きキャミソール,2900,https://www.dot-st.com/nikoand/disp/item/647791/,https://pdimg.dot-st.com/images/nikoand/goods/itemImg64/647791/item_647791_main_52_1777343374.jpg,,https://www.dot-st.com/disp/ranking/?dispNo=001001003&periodTp=3&ageRange=25-29
2026-06-21,20代後半,25-29,10,40%OFF,Classical Elf 綿100％ユニセックスレシピ刺繍ビッグロゴロックTシャツjv1050170,2998,https://www.dot-st.com/classicalelf/disp/item/293421/,https://pdimg.dot-st.com/images/classicalelf/goods/itemImg29/293421/item_293421_main_19_1741851087.jpg,,https://www.dot-st.com/disp/ranking/?dispNo=001001003&periodTp=3&ageRange=25-29
2026-06-21,30代前半,30-34,1,LOWRYS,FARM 【受付中】 ヨウリュウシャーリングショートフレンチスリーブ,5500,https://www.dot-st.com/lowrysfarm/disp/item/661674/,https://pdimg.dot-st.com/images/lowrysfarm/goods/itemImg66/661674/item_661674_main_10_1781774961.jpg,NEW / 予約,https://www.dot-st.com/disp/ranking/?dispNo=001001003&periodTp=3&ageRange=30-34
2026-06-21,30代前半,30-34,2,GLOBAL,WORK リッチクリーンプリントT半袖/636780,3490,https://www.dot-st.com/globalwork/disp/item/636780/,https://pdimg.dot-st.com/images/globalwork/goods/itemImg63/636780/item_636780_main_78_1779925550.jpg,NEW,https://www.dot-st.com/disp/ranking/?dispNo=001001003&periodTp=3&ageRange=30-34
2026-06-21,30代前半,30-34,3,40%OFF,GLOBAL WORK イージーケアリネンシャツ長袖/601200,2693,https://www.dot-st.com/globalwork/disp/item/601200/,https://pdimg.dot-st.com/images/globalwork/goods/itemImg60/601200/item_601200_main_28_1772515397.jpg,SALE,https://www.dot-st.com/disp/ranking/?dispNo=001001003&periodTp=3&ageRange=30-34
2026-06-21,30代前半,30-34,4,LOWRYS,FARM ペプラムチュニックＳＳ,6050,https://www.dot-st.com/lowrysfarm/disp/item/660871/,https://pdimg.dot-st.com/images/lowrysfarm/goods/itemImg66/660871/item_660871_main_06_1772306172.jpg,NEW,https://www.dot-st.com/disp/ranking/?dispNo=001001003&periodTp=3&ageRange=30-34
2026-06-21,30代前半,30-34,5,40%OFF,Classical Elf 綿100％ユニセックスレシピ刺繍ビッグロゴロックTシャツjv1050170,2998,https://www.dot-st.com/classicalelf/disp/item/293421/,https://pdimg.dot-st.com/images/classicalelf/goods/itemImg29/293421/item_293421_main_19_1741851087.jpg,,https://www.dot-st.com/disp/ranking/?dispNo=001001003&periodTp=3&ageRange=30-34
2026-06-21,30代前半,30-34,6,40%OFF,GLOBAL WORK イージーケアリネンタックブラウス/611205,2994,https://www.dot-st.com/globalwork/disp/item/611205/,https://pdimg.dot-st.com/images/globalwork/goods/itemImg61/611205/item_611205_main_40_1775203753.jpg,SALE,https://www.dot-st.com/disp/ranking/?dispNo=001001003&periodTp=3&ageRange=30-34
2026-06-21,30代前半,30-34,7,BARNYARDSTORM,【布施さえさんYouTube紹介アイテム】ダブルクロステーラージレ＜セットアップ対応＞,19800,https://www.dot-st.com/barnyardstorm/disp/item/669374/,https://pdimg.dot-st.com/images/barnyardstorm/goods/itemImg66/669374/item_669374_main_55_1781061904.jpg,,https://www.dot-st.com/disp/ranking/?dispNo=001001003&periodTp=3&ageRange=30-34
2026-06-21,30代前半,30-34,8,30%OFF,Classical Elf ラフなのに品よく見える。軽やかぽこぽこフクレジャガードトップス（半袖）ce1260557,2798,https://www.dot-st.com/classicalelf/disp/item/648357/,https://pdimg.dot-st.com/images/classicalelf/goods/itemImg64/648357/item_648357_main_05_1774235459.jpg,,https://www.dot-st.com/disp/ranking/?dispNo=001001003&periodTp=3&ageRange=30-34
2026-06-21,30代前半,30-34,9,GLOBAL,WORK クロシェレースビスチェ/759908,2990,https://www.dot-st.com/globalwork/disp/item/759908/,https://pdimg.dot-st.com/images/globalwork/goods/itemImg75/759908/item_759908_main_08_1780281916.jpg,NEW,https://www.dot-st.com/disp/ranking/?dispNo=001001003&periodTp=3&ageRange=30-34
2026-06-21,30代前半,30-34,10,LEPSIM,2WAYレースキャミT,4990,https://www.dot-st.com/lepsim/disp/item/816421/,https://pdimg.dot-st.com/images/lepsim/goods/itemImg81/816421/item_816421_main_18_1780030552.jpg,NEW,https://www.dot-st.com/disp/ranking/?dispNo=001001003&periodTp=3&ageRange=30-34
2026-06-21,30代後半,35-39,1,niko,and ... [be with MABU] カワモトスリットチュニック【追加】,7000,https://www.dot-st.com/nikoand/disp/item/670628/,https://pdimg.dot-st.com/images/nikoand/goods/itemImg67/670628/item_670628_main_19_1781252328.jpg,NEW / 予約,https://www.dot-st.com/disp/ranking/?dispNo=001001003&periodTp=3&ageRange=35-39
2026-06-21,30代後半,35-39,2,40%OFF,GLOBAL WORK イージーケアリネンシャツ長袖/601200,2693,https://www.dot-st.com/globalwork/disp/item/601200/,https://pdimg.dot-st.com/images/globalwork/goods/itemImg60/601200/item_601200_main_28_1772515397.jpg,SALE,https://www.dot-st.com/disp/ranking/?dispNo=001001003&periodTp=3&ageRange=35-39
2026-06-21,30代後半,35-39,3,GLOBAL,WORK エアリーリラックスペプラム刺繍半袖/806465,4990,https://www.dot-st.com/globalwork/disp/item/806465/,https://pdimg.dot-st.com/images/globalwork/goods/itemImg80/806465/item_806465_main_09_1781775957.jpg,NEW,https://www.dot-st.com/disp/ranking/?dispNo=001001003&periodTp=3&ageRange=35-39
2026-06-21,30代後半,35-39,4,LEPSIM,シアーレースレイヤードT【カラー】,4990,https://www.dot-st.com/lepsim/disp/item/887658/,https://pdimg.dot-st.com/images/lepsim/goods/itemImg88/887658/item_887658_main_09_1780016463.jpg,予約,https://www.dot-st.com/disp/ranking/?dispNo=001001003&periodTp=3&ageRange=35-39
2026-06-21,30代後半,35-39,5,GLOBAL,WORK リッチクリーンプリントT半袖/636780,3490,https://www.dot-st.com/globalwork/disp/item/636780/,https://pdimg.dot-st.com/images/globalwork/goods/itemImg63/636780/item_636780_main_78_1779925550.jpg,NEW,https://www.dot-st.com/disp/ranking/?dispNo=001001003&periodTp=3&ageRange=35-39
2026-06-21,30代後半,35-39,6,30%OFF,Classical Elf ラフなのに品よく見える。軽やかぽこぽこフクレジャガードトップス（半袖）ce1260557,2798,https://www.dot-st.com/classicalelf/disp/item/648357/,https://pdimg.dot-st.com/images/classicalelf/goods/itemImg64/648357/item_648357_main_05_1774235459.jpg,,https://www.dot-st.com/disp/ranking/?dispNo=001001003&periodTp=3&ageRange=35-39
2026-06-21,30代後半,35-39,7,GLOBAL,WORK サラサラDRYスクエアタンク/636753,1980,https://www.dot-st.com/globalwork/disp/item/636753/,https://pdimg.dot-st.com/images/globalwork/goods/itemImg63/636753/item_636753_main_08_1774950911.jpg,NEW,https://www.dot-st.com/disp/ranking/?dispNo=001001003&periodTp=3&ageRange=35-39
2026-06-21,30代後半,35-39,8,40%OFF,GLOBAL WORK イージーケアリネンタックブラウス/611205,2994,https://www.dot-st.com/globalwork/disp/item/611205/,https://pdimg.dot-st.com/images/globalwork/goods/itemImg61/611205/item_611205_main_40_1775203753.jpg,SALE,https://www.dot-st.com/disp/ranking/?dispNo=001001003&periodTp=3&ageRange=35-39
2026-06-21,30代後半,35-39,9,LOWRYS,FARM 【受付中】 ヨウリュウシャーリングショートフレンチスリーブ,5500,https://www.dot-st.com/lowrysfarm/disp/item/661674/,https://pdimg.dot-st.com/images/lowrysfarm/goods/itemImg66/661674/item_661674_main_10_1781774961.jpg,NEW / 予約,https://www.dot-st.com/disp/ranking/?dispNo=001001003&periodTp=3&ageRange=35-39
2026-06-21,30代後半,35-39,10,25%OFF,LEPSIM シャーリングショートT,3273,https://www.dot-st.com/lepsim/disp/item/680401/,https://pdimg.dot-st.com/images/lepsim/goods/itemImg68/680401/item_680401_main_35_1780551748.jpg,SALE,https://www.dot-st.com/disp/ranking/?dispNo=001001003&periodTp=3&ageRange=35-39
2026-06-22,20代後半,25-29,1,LOWRYS,FARM ペプラムチュニックＳＳ,6050,https://www.dot-st.com/lowrysfarm/disp/item/660871/,https://pdimg.dot-st.com/images/lowrysfarm/goods/itemImg66/660871/item_660871_main_06_1772306172.jpg,NEW,https://www.dot-st.com/disp/ranking/?dispNo=001001003&periodTp=3&ageRange=25-29
2026-06-22,20代後半,25-29,2,LOWRYS,FARM 【受付中】 ヨウリュウシャーリングショートフレンチスリーブ,5500,https://www.dot-st.com/lowrysfarm/disp/item/661674/,https://pdimg.dot-st.com/images/lowrysfarm/goods/itemImg66/661674/item_661674_main_82_1774431020.jpg,予約,https://www.dot-st.com/disp/ranking/?dispNo=001001003&periodTp=3&ageRange=25-29
2026-06-22,20代後半,25-29,3,LOWRYS,FARM ヨウリュウシシュウノースリーブ,6990,https://www.dot-st.com/lowrysfarm/disp/item/867766/,https://pdimg.dot-st.com/images/lowrysfarm/goods/itemImg86/867766/item_867766_main_09_1779790210.jpg,NEW,https://www.dot-st.com/disp/ranking/?dispNo=001001003&periodTp=3&ageRange=25-29
2026-06-22,20代後半,25-29,4,20%OFF,PAGEBOY 【】レースカイキンシャツ (半袖),5280,https://www.dot-st.com/pageboy/disp/item/492982/,https://pdimg.dot-st.com/images/pageboy/goods/itemImg49/492982/item_492982_main_89_1745384690.jpg,WEB限定,https://www.dot-st.com/disp/ranking/?dispNo=001001003&periodTp=3&ageRange=25-29
2026-06-22,20代後半,25-29,5,SALON,adam et rope’ YAMAZAKIテキスタイルペイントプリントシャツ,29700,https://www.dot-st.com/salonadametrope/disp/item/1061326/,https://pdimg.dot-st.com/images/salonadametrope/goods/itemImg106/1061326/item_1061326_main_01_2026061616.jpg,NEW,https://www.dot-st.com/disp/ranking/?dispNo=001001003&periodTp=3&ageRange=25-29
2026-06-22,20代後半,25-29,6,30%OFF,Classical Elf 大人の色魅せ、軽やかに映える。ヘンリーネック袖配色切り替え半袖トップスce1330083,2798,https://www.dot-st.com/classicalelf/disp/item/645385/,https://pdimg.dot-st.com/images/classicalelf/goods/itemImg64/645385/item_645385_main_50_1770955179.jpg,,https://www.dot-st.com/disp/ranking/?dispNo=001001003&periodTp=3&ageRange=25-29
2026-06-22,20代後半,25-29,7,LOWRYS,FARM ハイショクバックボタンベスト,4950,https://www.dot-st.com/lowrysfarm/disp/item/638452/,https://pdimg.dot-st.com/images/lowrysfarm/goods/itemImg63/638452/item_638452_main_35_1774414126.jpg,,https://www.dot-st.com/disp/ranking/?dispNo=001001003&periodTp=3&ageRange=25-29
2026-06-22,20代後半,25-29,8,20%OFF,LOWRYS FARM ブークレニットポロＳＳ,4400,https://www.dot-st.com/lowrysfarm/disp/item/669414/,https://pdimg.dot-st.com/images/lowrysfarm/goods/itemImg66/669414/item_669414_main_08_1774432091.jpg,SALE,https://www.dot-st.com/disp/ranking/?dispNo=001001003&periodTp=3&ageRange=25-29
2026-06-22,20代後半,25-29,9,LOWRYS,FARM 【受付中】 【体形に合わせて選べるショート&ロング丈展開】シアーシャツＬＳ／接触冷感・吸水速乾,5500,https://www.dot-st.com/lowrysfarm/disp/item/605853/,https://pdimg.dot-st.com/images/lowrysfarm/goods/itemImg60/605853/item_605853_main_50_1779935218.jpg,予約,https://www.dot-st.com/disp/ranking/?dispNo=001001003&periodTp=3&ageRange=25-29
2026-06-22,20代後半,25-29,10,LOWRYS,FARM ソウバリスクエアタンクトップ,3850,https://www.dot-st.com/lowrysfarm/disp/item/294378/,https://pdimg.dot-st.com/images/lowrysfarm/goods/itemImg29/294378/item_294378_main_02_1776846779.jpg,,https://www.dot-st.com/disp/ranking/?dispNo=001001003&periodTp=3&ageRange=25-29
2026-06-22,30代前半,30-34,1,LOWRYS,FARM ペプラムチュニックＳＳ,6050,https://www.dot-st.com/lowrysfarm/disp/item/660871/,https://pdimg.dot-st.com/images/lowrysfarm/goods/itemImg66/660871/item_660871_main_06_1772306172.jpg,NEW,https://www.dot-st.com/disp/ranking/?dispNo=001001003&periodTp=3&ageRange=30-34
2026-06-22,30代前半,30-34,2,20%OFF,niko and ... クラフト刺繍開襟シャツ,5600,https://www.dot-st.com/nikoand/disp/item/662053/,https://pdimg.dot-st.com/images/nikoand/goods/itemImg66/662053/item_662053_main_11_1780362887.jpg,SALE,https://www.dot-st.com/disp/ranking/?dispNo=001001003&periodTp=3&ageRange=30-34
2026-06-22,30代前半,30-34,3,40%OFF,GLOBAL WORK イージーケアリネンタックブラウス/611205,2994,https://www.dot-st.com/globalwork/disp/item/611205/,https://pdimg.dot-st.com/images/globalwork/goods/itemImg61/611205/item_611205_main_40_1775203753.jpg,SALE,https://www.dot-st.com/disp/ranking/?dispNo=001001003&periodTp=3&ageRange=30-34
2026-06-22,30代前半,30-34,4,40%OFF,GLOBAL WORK イージーケアリネンシャツ長袖/601200,2693,https://www.dot-st.com/globalwork/disp/item/601200/,https://pdimg.dot-st.com/images/globalwork/goods/itemImg60/601200/item_601200_main_28_1772515397.jpg,SALE,https://www.dot-st.com/disp/ranking/?dispNo=001001003&periodTp=3&ageRange=30-34
2026-06-22,30代前半,30-34,5,GLOBAL,WORK リッチクリーンプリントT半袖/636780,3490,https://www.dot-st.com/globalwork/disp/item/636780/,https://pdimg.dot-st.com/images/globalwork/goods/itemImg63/636780/item_636780_main_78_1779925550.jpg,NEW,https://www.dot-st.com/disp/ranking/?dispNo=001001003&periodTp=3&ageRange=30-34
2026-06-22,30代前半,30-34,6,40%OFF,Classical Elf ぽこぽこ感の着心地良好！ポップコーンジャガードオーバーサイズメロウシャツce1010634,2998,https://www.dot-st.com/classicalelf/disp/item/859557/,https://pdimg.dot-st.com/images/classicalelf/goods/itemImg85/859557/item_859557_main_05_1779928096.jpg,NEW,https://www.dot-st.com/disp/ranking/?dispNo=001001003&periodTp=3&ageRange=30-34
2026-06-22,30代前半,30-34,7,20%OFF,PAGEBOY 【】レースカイキンシャツ (半袖),5280,https://www.dot-st.com/pageboy/disp/item/492982/,https://pdimg.dot-st.com/images/pageboy/goods/itemImg49/492982/item_492982_main_89_1745384690.jpg,WEB限定,https://www.dot-st.com/disp/ranking/?dispNo=001001003&periodTp=3&ageRange=30-34
2026-06-22,30代前半,30-34,8,GLOBAL,WORK サラサラDRYスクエアタンク/636753,1980,https://www.dot-st.com/globalwork/disp/item/636753/,https://pdimg.dot-st.com/images/globalwork/goods/itemImg63/636753/item_636753_main_08_1774950911.jpg,NEW,https://www.dot-st.com/disp/ranking/?dispNo=001001003&periodTp=3&ageRange=30-34
2026-06-22,30代前半,30-34,9,50%OFF,Classical Elf 遊び心くすぐる、大人のプチ配色。袖先配色リブニット(半袖)ce1050376,2499,https://www.dot-st.com/classicalelf/disp/item/650657/,https://pdimg.dot-st.com/images/classicalelf/goods/itemImg65/650657/item_650657_main_05_1774319847.jpg,,https://www.dot-st.com/disp/ranking/?dispNo=001001003&periodTp=3&ageRange=30-34
2026-06-22,30代前半,30-34,10,30%OFF,Classical Elf ラフなのに品よく見える。軽やかぽこぽこフクレジャガードトップス（半袖）ce1260557,2798,https://www.dot-st.com/classicalelf/disp/item/648357/,https://pdimg.dot-st.com/images/classicalelf/goods/itemImg64/648357/item_648357_main_05_1774235459.jpg,,https://www.dot-st.com/disp/ranking/?dispNo=001001003&periodTp=3&ageRange=30-34
2026-06-22,30代後半,35-39,1,GLOBAL,WORK エアリーリラックスペプラム刺繍半袖/806465,4990,https://www.dot-st.com/globalwork/disp/item/806465/,https://pdimg.dot-st.com/images/globalwork/goods/itemImg80/806465/item_806465_main_09_1781775957.jpg,NEW,https://www.dot-st.com/disp/ranking/?dispNo=001001003&periodTp=3&ageRange=35-39
2026-06-22,30代後半,35-39,2,30%OFF,Classical Elf ラフなのに品よく見える。軽やかぽこぽこフクレジャガードトップス（半袖）ce1260557,2798,https://www.dot-st.com/classicalelf/disp/item/648357/,https://pdimg.dot-st.com/images/classicalelf/goods/itemImg64/648357/item_648357_main_05_1774235459.jpg,,https://www.dot-st.com/disp/ranking/?dispNo=001001003&periodTp=3&ageRange=35-39
2026-06-22,30代後半,35-39,3,40%OFF,GLOBAL WORK イージーケアリネンタックブラウス/611205,2994,https://www.dot-st.com/globalwork/disp/item/611205/,https://pdimg.dot-st.com/images/globalwork/goods/itemImg61/611205/item_611205_main_40_1775203753.jpg,SALE,https://www.dot-st.com/disp/ranking/?dispNo=001001003&periodTp=3&ageRange=35-39
2026-06-22,30代後半,35-39,4,GLOBAL,WORK リッチクリーンプリントT半袖/636780,3490,https://www.dot-st.com/globalwork/disp/item/636780/,https://pdimg.dot-st.com/images/globalwork/goods/itemImg63/636780/item_636780_main_78_1779925550.jpg,NEW,https://www.dot-st.com/disp/ranking/?dispNo=001001003&periodTp=3&ageRange=35-39
2026-06-22,30代後半,35-39,5,GLOBAL,WORK UVプロテクトフードシャツ/646416,3990,https://www.dot-st.com/globalwork/disp/item/646416/,https://pdimg.dot-st.com/images/globalwork/goods/itemImg64/646416/item_646416_main_05_1772535514.jpg,NEW,https://www.dot-st.com/disp/ranking/?dispNo=001001003&periodTp=3&ageRange=35-39
2026-06-22,30代後半,35-39,6,LOWRYS,FARM 【受付中】 ヨウリュウシャーリングショートフレンチスリーブ,5500,https://www.dot-st.com/lowrysfarm/disp/item/661674/,https://pdimg.dot-st.com/images/lowrysfarm/goods/itemImg66/661674/item_661674_main_82_1774431020.jpg,予約,https://www.dot-st.com/disp/ranking/?dispNo=001001003&periodTp=3&ageRange=35-39
2026-06-22,30代後半,35-39,7,40%OFF,GLOBAL WORK イージーケアリネンシャツ長袖/601200,2693,https://www.dot-st.com/globalwork/disp/item/601200/,https://pdimg.dot-st.com/images/globalwork/goods/itemImg60/601200/item_601200_main_28_1772515397.jpg,SALE,https://www.dot-st.com/disp/ranking/?dispNo=001001003&periodTp=3&ageRange=35-39
2026-06-22,30代後半,35-39,8,GLOBAL,WORK サラサラDRYスクエアタンク/636753,1980,https://www.dot-st.com/globalwork/disp/item/636753/,https://pdimg.dot-st.com/images/globalwork/goods/itemImg63/636753/item_636753_main_08_1774950911.jpg,NEW,https://www.dot-st.com/disp/ranking/?dispNo=001001003&periodTp=3&ageRange=35-39
2026-06-22,30代後半,35-39,9,GLOBAL,WORK クロシェレースビスチェ/759908,2990,https://www.dot-st.com/globalwork/disp/item/759908/,https://pdimg.dot-st.com/images/globalwork/goods/itemImg75/759908/item_759908_main_08_1780281916.jpg,NEW / 予約,https://www.dot-st.com/disp/ranking/?dispNo=001001003&periodTp=3&ageRange=35-39
2026-06-22,30代後半,35-39,10,40%OFF,Classical Elf ぽこぽこ感の着心地良好！ポップコーンジャガードオーバーサイズメロウシャツce1010634,2998,https://www.dot-st.com/classicalelf/disp/item/859557/,https://pdimg.dot-st.com/images/classicalelf/goods/itemImg85/859557/item_859557_main_05_1779928096.jpg,NEW,https://www.dot-st.com/disp/ranking/?dispNo=001001003&periodTp=3&ageRange=35-39
2026-06-23,20代後半,25-29,1,LOWRYS,FARM ヨウリュウシシュウノースリーブ,6990,https://www.dot-st.com/lowrysfarm/disp/item/867766/,https://pdimg.dot-st.com/images/lowrysfarm/goods/itemImg86/867766/item_867766_main_09_1779790210.jpg,NEW,https://www.dot-st.com/disp/ranking/?dispNo=001001003&periodTp=3&ageRange=25-29
2026-06-23,20代後半,25-29,2,20%OFF,LOWRYS FARM ブークレニットポロＳＳ,4400,https://www.dot-st.com/lowrysfarm/disp/item/669414/,https://pdimg.dot-st.com/images/lowrysfarm/goods/itemImg66/669414/item_669414_main_08_1774432091.jpg,SALE,https://www.dot-st.com/disp/ranking/?dispNo=001001003&periodTp=3&ageRange=25-29
2026-06-23,20代後半,25-29,3,HARE,【接触冷感】ポケットミニロゴカットソー,4400,https://www.dot-st.com/hare/disp/item/639076/,https://pdimg.dot-st.com/images/hare/goods/itemImg63/639076/item_639076_main_05_1777002916.jpg,NEW,https://www.dot-st.com/disp/ranking/?dispNo=001001003&periodTp=3&ageRange=25-29
2026-06-23,20代後半,25-29,4,Classical,Elf 大人の色魅せ、軽やかに映える。ヘンリーネック袖配色切り替え半袖トップスce1330083,3998,https://www.dot-st.com/classicalelf/disp/item/645385/,https://pdimg.dot-st.com/images/classicalelf/goods/itemImg64/645385/item_645385_main_50_1770955179.jpg,,https://www.dot-st.com/disp/ranking/?dispNo=001001003&periodTp=3&ageRange=25-29
2026-06-23,20代後半,25-29,5,LOWRYS,FARM ペプラムチュニックＳＳ,6050,https://www.dot-st.com/lowrysfarm/disp/item/660871/,https://pdimg.dot-st.com/images/lowrysfarm/goods/itemImg66/660871/item_660871_main_06_1772306172.jpg,NEW,https://www.dot-st.com/disp/ranking/?dispNo=001001003&periodTp=3&ageRange=25-29
2026-06-23,20代後半,25-29,6,Classical,Elf 綿100％ユニセックスレシピ刺繍ビッグロゴロックTシャツjv1050170,4998,https://www.dot-st.com/classicalelf/disp/item/293421/,https://pdimg.dot-st.com/images/classicalelf/goods/itemImg29/293421/item_293421_main_19_1741851087.jpg,,https://www.dot-st.com/disp/ranking/?dispNo=001001003&periodTp=3&ageRange=25-29
2026-06-23,20代後半,25-29,7,mysty,woman 【セットアイテム】レースキャミワンピシャツSET,13200,https://www.dot-st.com/mystywoman/disp/item/659251/,https://pdimg.dot-st.com/images/mystywoman/goods/itemImg65/659251/item_659251_main_09_1778666833.jpg,,https://www.dot-st.com/disp/ranking/?dispNo=001001003&periodTp=3&ageRange=25-29
2026-06-23,20代後半,25-29,8,LOWRYS,FARM ソウバリスクエアタンクトップ,3850,https://www.dot-st.com/lowrysfarm/disp/item/294378/,https://pdimg.dot-st.com/images/lowrysfarm/goods/itemImg29/294378/item_294378_main_02_1776846779.jpg,,https://www.dot-st.com/disp/ranking/?dispNo=001001003&periodTp=3&ageRange=25-29
2026-06-23,20代後半,25-29,9,Heather,サマーツイードビスチェ,6600,https://www.dot-st.com/heather/disp/item/670830/,https://pdimg.dot-st.com/images/heather/goods/itemImg67/670830/item_670830_main_10_1774948071.jpg,,https://www.dot-st.com/disp/ranking/?dispNo=001001003&periodTp=3&ageRange=25-29
2026-06-23,20代後半,25-29,10,HARE,【新色中 SETUP対応 LADIES】アートフラワーガラシアーシャツ,11000,https://www.dot-st.com/hare/disp/item/664774/,https://pdimg.dot-st.com/images/hare/goods/itemImg66/664774/item_664774_main_09_1772699284.jpg,NEW / 予約,https://www.dot-st.com/disp/ranking/?dispNo=001001003&periodTp=3&ageRange=25-29
2026-06-23,30代前半,30-34,1,PAGEBOY,【】レースカイキンシャツ (半袖),6600,https://www.dot-st.com/pageboy/disp/item/492982/,https://pdimg.dot-st.com/images/pageboy/goods/itemImg49/492982/item_492982_main_89_1745384690.jpg,WEB限定,https://www.dot-st.com/disp/ranking/?dispNo=001001003&periodTp=3&ageRange=30-34
2026-06-23,30代前半,30-34,2,mysty,woman 【復刻】楊柳シアーZIPパーカー,6600,https://www.dot-st.com/mystywoman/disp/item/193459/,https://pdimg.dot-st.com/images/mystywoman/goods/itemImg19/193459/item_193459_main_51_1777274662.jpg,WEB限定,https://www.dot-st.com/disp/ranking/?dispNo=001001003&periodTp=3&ageRange=30-34
2026-06-23,30代前半,30-34,3,LOWRYS,FARM 【受付中】 ヨウリュウシャーリングショートフレンチスリーブ,5500,https://www.dot-st.com/lowrysfarm/disp/item/661674/,https://pdimg.dot-st.com/images/lowrysfarm/goods/itemImg66/661674/item_661674_main_82_1774431020.jpg,予約,https://www.dot-st.com/disp/ranking/?dispNo=001001003&periodTp=3&ageRange=30-34
2026-06-23,30代前半,30-34,4,Curensology,ハイゲージレースニットプルオーバー,33000,https://www.dot-st.com/curensology/disp/item/603776/,https://pdimg.dot-st.com/images/curensology/goods/itemImg60/603776/item_603776_main_03_1757638381.jpg,,https://www.dot-st.com/disp/ranking/?dispNo=001001003&periodTp=3&ageRange=30-34
2026-06-23,30代前半,30-34,5,PAGEBOY,【】レースバンドカラーシャツ,4400,https://www.dot-st.com/pageboy/disp/item/192466/,https://pdimg.dot-st.com/images/pageboy/goods/itemImg19/192466/item_192466_main_76_1745381653.jpg,WEB限定,https://www.dot-st.com/disp/ranking/?dispNo=001001003&periodTp=3&ageRange=30-34
2026-06-23,30代前半,30-34,6,GLOBAL,WORK エアリーリラックスペプラム刺繍半袖/806465,4990,https://www.dot-st.com/globalwork/disp/item/806465/,https://pdimg.dot-st.com/images/globalwork/goods/itemImg80/806465/item_806465_main_09_1781775957.jpg,NEW,https://www.dot-st.com/disp/ranking/?dispNo=001001003&periodTp=3&ageRange=30-34
2026-06-23,30代前半,30-34,7,Chaos,【4/10金子綾さんYouTube紹介】【追加】シルシャーノースリーブ,28600,https://www.dot-st.com/chaos/disp/item/113019/,https://pdimg.dot-st.com/images/chaos/goods/itemImg11/113019/item_113019_main_88_1775912585.jpg,NEW / 予約,https://www.dot-st.com/disp/ranking/?dispNo=001001003&periodTp=3&ageRange=30-34
2026-06-23,30代前半,30-34,8,Classical,Elf ラフなのに品よく見える。軽やかぽこぽこフクレジャガードトップス（半袖）ce1260557,3998,https://www.dot-st.com/classicalelf/disp/item/648357/,https://pdimg.dot-st.com/images/classicalelf/goods/itemImg64/648357/item_648357_main_05_1774235459.jpg,,https://www.dot-st.com/disp/ranking/?dispNo=001001003&periodTp=3&ageRange=30-34
2026-06-23,30代前半,30-34,9,LOWRYS,FARM フライスチビＴＥＥ,3960,https://www.dot-st.com/lowrysfarm/disp/item/637055/,https://pdimg.dot-st.com/images/lowrysfarm/goods/itemImg63/637055/item_637055_main_58_1776131816.jpg,,https://www.dot-st.com/disp/ranking/?dispNo=001001003&periodTp=3&ageRange=30-34
2026-06-23,30代前半,30-34,10,Classical,Elf 華やぎシャーリングで目を奪う。シャーリングドッキング半袖プルオーバーce1020347,4998,https://www.dot-st.com/classicalelf/disp/item/644059/,https://pdimg.dot-st.com/images/classicalelf/goods/itemImg64/644059/item_644059_main_02_1776826143.jpg,,https://www.dot-st.com/disp/ranking/?dispNo=001001003&periodTp=3&ageRange=30-34
2026-06-23,30代後半,35-39,1,Classical,Elf ラフなのに品よく見える。軽やかぽこぽこフクレジャガードトップス（半袖）ce1260557,3998,https://www.dot-st.com/classicalelf/disp/item/648357/,https://pdimg.dot-st.com/images/classicalelf/goods/itemImg64/648357/item_648357_main_05_1774235459.jpg,,https://www.dot-st.com/disp/ranking/?dispNo=001001003&periodTp=3&ageRange=35-39
2026-06-23,30代後半,35-39,2,GLOBAL,WORK エアリーリラックスペプラム刺繍半袖/806465,4990,https://www.dot-st.com/globalwork/disp/item/806465/,https://pdimg.dot-st.com/images/globalwork/goods/itemImg80/806465/item_806465_main_09_1781775957.jpg,NEW,https://www.dot-st.com/disp/ranking/?dispNo=001001003&periodTp=3&ageRange=35-39
2026-06-23,30代後半,35-39,3,GLOBAL,WORK クロシェレースビスチェ/759908,2990,https://www.dot-st.com/globalwork/disp/item/759908/,https://pdimg.dot-st.com/images/globalwork/goods/itemImg75/759908/item_759908_main_08_1780281916.jpg,NEW / 予約,https://www.dot-st.com/disp/ranking/?dispNo=001001003&periodTp=3&ageRange=35-39
2026-06-23,30代後半,35-39,4,LEPSIM,シアーレースレイヤードT【カラー】,4990,https://www.dot-st.com/lepsim/disp/item/887658/,https://pdimg.dot-st.com/images/lepsim/goods/itemImg88/887658/item_887658_main_09_1780016463.jpg,予約,https://www.dot-st.com/disp/ranking/?dispNo=001001003&periodTp=3&ageRange=35-39
2026-06-23,30代後半,35-39,5,Classical,Elf ぽこぽこ感の着心地良好！ポップコーンジャガードオーバーサイズメロウシャツce1010634,4998,https://www.dot-st.com/classicalelf/disp/item/859557/,https://pdimg.dot-st.com/images/classicalelf/goods/itemImg85/859557/item_859557_main_05_1779928096.jpg,NEW,https://www.dot-st.com/disp/ranking/?dispNo=001001003&periodTp=3&ageRange=35-39
2026-06-23,30代後半,35-39,6,LOWRYS,FARM 【受付中】 ヨウリュウシャーリングショートフレンチスリーブ,5500,https://www.dot-st.com/lowrysfarm/disp/item/661674/,https://pdimg.dot-st.com/images/lowrysfarm/goods/itemImg66/661674/item_661674_main_82_1774431020.jpg,予約,https://www.dot-st.com/disp/ranking/?dispNo=001001003&periodTp=3&ageRange=35-39
2026-06-23,30代後半,35-39,7,LOWRYS,FARM ヨウリュウシシュウノースリーブ,6990,https://www.dot-st.com/lowrysfarm/disp/item/867766/,https://pdimg.dot-st.com/images/lowrysfarm/goods/itemImg86/867766/item_867766_main_09_1779790210.jpg,NEW,https://www.dot-st.com/disp/ranking/?dispNo=001001003&periodTp=3&ageRange=35-39
2026-06-23,30代後半,35-39,8,40%OFF,GLOBAL WORK イージーケアリネンタックブラウス/611205,2994,https://www.dot-st.com/globalwork/disp/item/611205/,https://pdimg.dot-st.com/images/globalwork/goods/itemImg61/611205/item_611205_main_40_1775203753.jpg,SALE,https://www.dot-st.com/disp/ranking/?dispNo=001001003&periodTp=3&ageRange=35-39
2026-06-23,30代後半,35-39,9,GLOBAL,WORK UVプロテクトフードシャツ/646416,3990,https://www.dot-st.com/globalwork/disp/item/646416/,https://pdimg.dot-st.com/images/globalwork/goods/itemImg64/646416/item_646416_main_05_1772535514.jpg,NEW,https://www.dot-st.com/disp/ranking/?dispNo=001001003&periodTp=3&ageRange=35-39
2026-06-23,30代後半,35-39,10,LEPSIM,《高橋愛さん着用アイテム》AIRデニムビスチェ,5500,https://www.dot-st.com/lepsim/disp/item/740435/,https://pdimg.dot-st.com/images/lepsim/goods/itemImg74/740435/item_740435_main_18_1776662067.jpg,,https://www.dot-st.com/disp/ranking/?dispNo=001001003&periodTp=3&ageRange=35-39
2026-06-24,20代後半,25-29,1,20%OFF,PAGEBOY 【】レースカイキンシャツ (半袖),5280,https://www.dot-st.com/pageboy/disp/item/492982/,https://pdimg.dot-st.com/images/pageboy/goods/itemImg49/492982/item_492982_main_89_1745384690.jpg,WEB限定,https://www.dot-st.com/disp/ranking/?dispNo=001001003&periodTp=3&ageRange=25-29
2026-06-24,20代後半,25-29,2,LOWRYS,FARM ヨウリュウシシュウノースリーブ,6990,https://www.dot-st.com/lowrysfarm/disp/item/867766/,https://pdimg.dot-st.com/images/lowrysfarm/goods/itemImg86/867766/item_867766_main_05_1779790204.jpg,NEW,https://www.dot-st.com/disp/ranking/?dispNo=001001003&periodTp=3&ageRange=25-29
2026-06-24,20代後半,25-29,3,LOWRYS,FARM 【受付中】 ヨウリュウシャーリングショートフレンチスリーブ,5500,https://www.dot-st.com/lowrysfarm/disp/item/661674/,https://pdimg.dot-st.com/images/lowrysfarm/goods/itemImg66/661674/item_661674_main_82_1774431020.jpg,予約,https://www.dot-st.com/disp/ranking/?dispNo=001001003&periodTp=3&ageRange=25-29
2026-06-24,20代後半,25-29,4,LOWRYS,FARM ペプラムチュニックＳＳ,6050,https://www.dot-st.com/lowrysfarm/disp/item/660871/,https://pdimg.dot-st.com/images/lowrysfarm/goods/itemImg66/660871/item_660871_main_06_1772306172.jpg,NEW,https://www.dot-st.com/disp/ranking/?dispNo=001001003&periodTp=3&ageRange=25-29
2026-06-24,20代後半,25-29,5,LOWRYS,FARM 【】【LFM(U)】BROADシシュウシャツＳＳ,8800,https://www.dot-st.com/lowrysfarm/disp/item/1043925/,https://pdimg.dot-st.com/images/lowrysfarm/goods/itemImg104/1043925/item_1043925_main_80_1780557930.jpg,予約,https://www.dot-st.com/disp/ranking/?dispNo=001001003&periodTp=3&ageRange=25-29
2026-06-24,20代後半,25-29,6,28%OFF,LOWRYS FARM シャーリングチュニックフレンチスリーブ,4356,https://www.dot-st.com/lowrysfarm/disp/item/581468/,https://pdimg.dot-st.com/images/lowrysfarm/goods/itemImg58/581468/item_581468_main_08_1776892278.jpg,NEW / SALE,https://www.dot-st.com/disp/ranking/?dispNo=001001003&periodTp=3&ageRange=25-29
2026-06-24,20代後半,25-29,7,28%OFF,LOWRYS FARM ギャザーボタンカーディガンＳＳ,3960,https://www.dot-st.com/lowrysfarm/disp/item/685809/,https://pdimg.dot-st.com/images/lowrysfarm/goods/itemImg68/685809/item_685809_main_62_1776842299.jpg,SALE,https://www.dot-st.com/disp/ranking/?dispNo=001001003&periodTp=3&ageRange=25-29
2026-06-24,20代後半,25-29,8,JEANASIS,14GレーストリムリブカーディガンSS,7190,https://www.dot-st.com/jeanasis/disp/item/911281/,https://pdimg.dot-st.com/images/jeanasis/goods/itemImg91/911281/item_911281_main_05_1780045120.jpg,,https://www.dot-st.com/disp/ranking/?dispNo=001001003&periodTp=3&ageRange=25-29
2026-06-24,20代後半,25-29,9,15%OFF,mysty woman 【復刻】ラッセルレースアンサンブル半袖,5890,https://www.dot-st.com/mystywoman/disp/item/104216/,https://pdimg.dot-st.com/images/mystywoman/goods/itemImg10/104216/item_104216_main_09_1777539562.jpg,SALE / WEB限定,https://www.dot-st.com/disp/ranking/?dispNo=001001003&periodTp=3&ageRange=25-29
2026-06-24,20代後半,25-29,10,GLOBAL,WORK リッチクリーンTシャツ/半袖プリント/636394,3990,https://www.dot-st.com/globalwork/disp/item/636394/,https://pdimg.dot-st.com/images/globalwork/goods/itemImg63/636394/item_636394_main_05_1778238037.jpg,,https://www.dot-st.com/disp/ranking/?dispNo=001001003&periodTp=3&ageRange=25-29
2026-06-24,30代前半,30-34,1,niko,and ... [be with MABU] カワモトスリットチュニック【再追加】,7000,https://www.dot-st.com/nikoand/disp/item/670628/,https://pdimg.dot-st.com/images/nikoand/goods/itemImg67/670628/item_670628_main_11_1780630201.jpg,NEW / 予約,https://www.dot-st.com/disp/ranking/?dispNo=001001003&periodTp=3&ageRange=30-34
2026-06-24,30代前半,30-34,2,40%OFF,GLOBAL WORK リネン混ニットVネックカーディガン半袖/147722,2994,https://www.dot-st.com/globalwork/disp/item/147722/,https://pdimg.dot-st.com/images/globalwork/goods/itemImg14/147722/item_147722_main_09_1776334753.jpg,SALE,https://www.dot-st.com/disp/ranking/?dispNo=001001003&periodTp=3&ageRange=30-34
2026-06-24,30代前半,30-34,3,LOWRYS,FARM ペプラムチュニックＳＳ,6050,https://www.dot-st.com/lowrysfarm/disp/item/660871/,https://pdimg.dot-st.com/images/lowrysfarm/goods/itemImg66/660871/item_660871_main_06_1772306172.jpg,NEW,https://www.dot-st.com/disp/ranking/?dispNo=001001003&periodTp=3&ageRange=30-34
2026-06-24,30代前半,30-34,4,28%OFF,LOWRYS FARM シャーリングチュニックフレンチスリーブ,4356,https://www.dot-st.com/lowrysfarm/disp/item/581468/,https://pdimg.dot-st.com/images/lowrysfarm/goods/itemImg58/581468/item_581468_main_08_1776892278.jpg,NEW / SALE,https://www.dot-st.com/disp/ranking/?dispNo=001001003&periodTp=3&ageRange=30-34
2026-06-24,30代前半,30-34,5,GLOBAL,WORK リッチクリーンプリントT半袖/636780,3490,https://www.dot-st.com/globalwork/disp/item/636780/,https://pdimg.dot-st.com/images/globalwork/goods/itemImg63/636780/item_636780_main_78_1779925550.jpg,NEW,https://www.dot-st.com/disp/ranking/?dispNo=001001003&periodTp=3&ageRange=30-34
2026-06-24,30代前半,30-34,6,HARE,【完売カラー中】チャイナカナグショートシャツ,9900,https://www.dot-st.com/hare/disp/item/747932/,https://pdimg.dot-st.com/images/hare/goods/itemImg74/747932/item_747932_main_85_1778143114.jpg,予約,https://www.dot-st.com/disp/ranking/?dispNo=001001003&periodTp=3&ageRange=30-34
2026-06-24,30代前半,30-34,7,Chaos,【一部追加】【4/10金子綾さんYouTube紹介】アイアスロータシャツ,28600,https://www.dot-st.com/chaos/disp/item/452414/,https://pdimg.dot-st.com/images/chaos/goods/itemImg45/452414/item_452414_main_88_1775181258.jpg,予約,https://www.dot-st.com/disp/ranking/?dispNo=001001003&periodTp=3&ageRange=30-34
2026-06-24,30代前半,30-34,8,Chaos,【新色】ノーマンリネンプルオーバー,28600,https://www.dot-st.com/chaos/disp/item/636455/,https://pdimg.dot-st.com/images/chaos/goods/itemImg63/636455/item_636455_main_75_1780972335.jpg,NEW,https://www.dot-st.com/disp/ranking/?dispNo=001001003&periodTp=3&ageRange=30-34
2026-06-24,30代前半,30-34,9,LOWRYS,FARM ドッキングペプラムノースリーブ,5500,https://www.dot-st.com/lowrysfarm/disp/item/1032148/,https://pdimg.dot-st.com/images/lowrysfarm/goods/itemImg103/1032148/item_1032148_main_88_1782088525.jpg,NEW,https://www.dot-st.com/disp/ranking/?dispNo=001001003&periodTp=3&ageRange=30-34
2026-06-24,30代前半,30-34,10,HARE,【新色中 SETUP対応 LADIES】アートフラワーガラシアーシャツ,11000,https://www.dot-st.com/hare/disp/item/664774/,https://pdimg.dot-st.com/images/hare/goods/itemImg66/664774/item_664774_main_09_1772699284.jpg,NEW / 予約,https://www.dot-st.com/disp/ranking/?dispNo=001001003&periodTp=3&ageRange=30-34
2026-06-24,30代後半,35-39,1,niko,and ... [be with MABU] カワモトスリットチュニック【再追加】,7000,https://www.dot-st.com/nikoand/disp/item/670628/,https://pdimg.dot-st.com/images/nikoand/goods/itemImg67/670628/item_670628_main_11_1780630201.jpg,NEW / 予約,https://www.dot-st.com/disp/ranking/?dispNo=001001003&periodTp=3&ageRange=35-39
2026-06-24,30代後半,35-39,2,40%OFF,GLOBAL WORK リネン混ニットVネックカーディガン半袖/147722,2994,https://www.dot-st.com/globalwork/disp/item/147722/,https://pdimg.dot-st.com/images/globalwork/goods/itemImg14/147722/item_147722_main_09_1776334753.jpg,SALE,https://www.dot-st.com/disp/ranking/?dispNo=001001003&periodTp=3&ageRange=35-39
2026-06-24,30代後半,35-39,3,GLOBAL,WORK UVプロテクトフードシャツ/646416,3990,https://www.dot-st.com/globalwork/disp/item/646416/,https://pdimg.dot-st.com/images/globalwork/goods/itemImg64/646416/item_646416_main_05_1772535514.jpg,NEW,https://www.dot-st.com/disp/ranking/?dispNo=001001003&periodTp=3&ageRange=35-39
2026-06-24,30代後半,35-39,4,GLOBAL,WORK クロシェレースビスチェ/759908,2990,https://www.dot-st.com/globalwork/disp/item/759908/,https://pdimg.dot-st.com/images/globalwork/goods/itemImg75/759908/item_759908_main_08_1780281916.jpg,NEW,https://www.dot-st.com/disp/ranking/?dispNo=001001003&periodTp=3&ageRange=35-39
2026-06-24,30代後半,35-39,5,GLOBAL,WORK リッチクリーンプリントT半袖/636780,3490,https://www.dot-st.com/globalwork/disp/item/636780/,https://pdimg.dot-st.com/images/globalwork/goods/itemImg63/636780/item_636780_main_78_1779925550.jpg,NEW,https://www.dot-st.com/disp/ranking/?dispNo=001001003&periodTp=3&ageRange=35-39
2026-06-24,30代後半,35-39,6,40%OFF,GLOBAL WORK イージーケアリネンタックブラウス/611205,2994,https://www.dot-st.com/globalwork/disp/item/611205/,https://pdimg.dot-st.com/images/globalwork/goods/itemImg61/611205/item_611205_main_40_1775203753.jpg,SALE,https://www.dot-st.com/disp/ranking/?dispNo=001001003&periodTp=3&ageRange=35-39
2026-06-24,30代後半,35-39,7,LEPSIM,異素材フリルドッキングT2,4990,https://www.dot-st.com/lepsim/disp/item/667510/,https://pdimg.dot-st.com/images/lepsim/goods/itemImg66/667510/item_667510_main_05_1774510009.jpg,,https://www.dot-st.com/disp/ranking/?dispNo=001001003&periodTp=3&ageRange=35-39
2026-06-24,30代後半,35-39,8,28%OFF,LOWRYS FARM シャーリングチュニックフレンチスリーブ,4356,https://www.dot-st.com/lowrysfarm/disp/item/581468/,https://pdimg.dot-st.com/images/lowrysfarm/goods/itemImg58/581468/item_581468_main_08_1776892278.jpg,NEW / SALE,https://www.dot-st.com/disp/ranking/?dispNo=001001003&periodTp=3&ageRange=35-39
2026-06-24,30代後半,35-39,9,25%OFF,Classical Elf ラフなのに品よく見える。軽やかぽこぽこフクレジャガードトップス（半袖）ce1260557,2998,https://www.dot-st.com/classicalelf/disp/item/648357/,https://pdimg.dot-st.com/images/classicalelf/goods/itemImg64/648357/item_648357_main_05_1774235459.jpg,,https://www.dot-st.com/disp/ranking/?dispNo=001001003&periodTp=3&ageRange=35-39
2026-06-24,30代後半,35-39,10,GLOBAL,WORK ひんやり涼しい/フローズン裾フリル切り替えTシャツ/872700,3990,https://www.dot-st.com/globalwork/disp/item/872700/,https://pdimg.dot-st.com/images/globalwork/goods/itemImg87/872700/item_872700_main_05_1779699865.jpg,,https://www.dot-st.com/disp/ranking/?dispNo=001001003&periodTp=3&ageRange=35-39
2026-06-25,20代後半,25-29,1,10%OFF,Ellno Loset 【andST先行販売/OPEN記念価格】フラワー刺繍トロミレギュラーシャツ,5940,https://www.dot-st.com/ellno_loset/disp/item/1043541/,https://pdimg.dot-st.com/images/ellno_loset/goods/itemImg104/1043541/item_1043541_main_05_1782211109.jpg,NEW,https://www.dot-st.com/disp/ranking/?dispNo=001001003&periodTp=3&ageRange=25-29
2026-06-25,20代後半,25-29,2,28%OFF,LOWRYS FARM シャーリングチュニックフレンチスリーブ,4356,https://www.dot-st.com/lowrysfarm/disp/item/581468/,https://pdimg.dot-st.com/images/lowrysfarm/goods/itemImg58/581468/item_581468_main_08_1776892278.jpg,NEW / SALE,https://www.dot-st.com/disp/ranking/?dispNo=001001003&periodTp=3&ageRange=25-29
2026-06-25,20代後半,25-29,3,19%OFF,Ellno Loset 【OPEN記念限定価格】ニュアンスジャガードクレリックシャツ/SETUP対応,5346,https://www.dot-st.com/ellno_loset/disp/item/1044932/,https://pdimg.dot-st.com/images/ellno_loset/goods/itemImg104/1044932/item_1044932_main_10_1781609282.jpg,NEW,https://www.dot-st.com/disp/ranking/?dispNo=001001003&periodTp=3&ageRange=25-29
2026-06-25,20代後半,25-29,4,MUHET,ギャザーデザインブラウス,5940,https://www.dot-st.com/muhet/disp/item/665468/,https://pdimg.dot-st.com/images/muhet/goods/itemImg66/665468/item_665468_main_57_1782114862.jpg,NEW,https://www.dot-st.com/disp/ranking/?dispNo=001001003&periodTp=3&ageRange=25-29
2026-06-25,20代後半,25-29,5,10%OFF,Ellno Loset 【Ezick】Vネックレースパッド付きインナーセット,4950,https://www.dot-st.com/ellno_loset/disp/item/658590/,https://pdimg.dot-st.com/images/ellno_loset/goods/itemImg65/658590/item_658590_main_92_1781593061.jpg,NEW,https://www.dot-st.com/disp/ranking/?dispNo=001001003&periodTp=3&ageRange=25-29
2026-06-25,20代後半,25-29,6,Ellno,Loset ジャガードレイヤードクレリックチャイナシャツ,5940,https://www.dot-st.com/ellno_loset/disp/item/878863/,https://pdimg.dot-st.com/images/ellno_loset/goods/itemImg87/878863/item_878863_main_70_1781253830.jpg,NEW,https://www.dot-st.com/disp/ranking/?dispNo=001001003&periodTp=3&ageRange=25-29
2026-06-25,20代後半,25-29,7,LOWRYS,FARM ヨウリュウシシュウノースリーブ,6990,https://www.dot-st.com/lowrysfarm/disp/item/867766/,https://pdimg.dot-st.com/images/lowrysfarm/goods/itemImg86/867766/item_867766_main_05_1779790204.jpg,NEW,https://www.dot-st.com/disp/ranking/?dispNo=001001003&periodTp=3&ageRange=25-29
2026-06-25,20代後半,25-29,8,20%OFF,LOWRYS FARM フライスチビＴＥＥ,3168,https://www.dot-st.com/lowrysfarm/disp/item/637055/,https://pdimg.dot-st.com/images/lowrysfarm/goods/itemImg63/637055/item_637055_main_58_1776131816.jpg,,https://www.dot-st.com/disp/ranking/?dispNo=001001003&periodTp=3&ageRange=25-29
2026-06-25,20代後半,25-29,9,LOWRYS,FARM ペプラムチュニックＳＳ,6050,https://www.dot-st.com/lowrysfarm/disp/item/660871/,https://pdimg.dot-st.com/images/lowrysfarm/goods/itemImg66/660871/item_660871_main_06_1772306172.jpg,NEW,https://www.dot-st.com/disp/ranking/?dispNo=001001003&periodTp=3&ageRange=25-29
2026-06-25,20代後半,25-29,10,20%OFF,PAGEBOY 【】レースカイキンシャツ (半袖),5280,https://www.dot-st.com/pageboy/disp/item/492982/,https://pdimg.dot-st.com/images/pageboy/goods/itemImg49/492982/item_492982_main_89_1745384690.jpg,WEB限定,https://www.dot-st.com/disp/ranking/?dispNo=001001003&periodTp=3&ageRange=25-29
2026-06-25,30代前半,30-34,1,28%OFF,LOWRYS FARM シャーリングチュニックフレンチスリーブ,4356,https://www.dot-st.com/lowrysfarm/disp/item/581468/,https://pdimg.dot-st.com/images/lowrysfarm/goods/itemImg58/581468/item_581468_main_08_1776892278.jpg,NEW / SALE,https://www.dot-st.com/disp/ranking/?dispNo=001001003&periodTp=3&ageRange=30-34
2026-06-25,30代前半,30-34,2,10%OFF,Ellno Loset 【andST先行販売/OPEN記念価格】フラワー刺繍トロミレギュラーシャツ,5940,https://www.dot-st.com/ellno_loset/disp/item/1043541/,https://pdimg.dot-st.com/images/ellno_loset/goods/itemImg104/1043541/item_1043541_main_05_1782211109.jpg,NEW,https://www.dot-st.com/disp/ranking/?dispNo=001001003&periodTp=3&ageRange=30-34
2026-06-25,30代前半,30-34,3,LOWRYS,FARM ヨウリュウシシュウノースリーブ,6990,https://www.dot-st.com/lowrysfarm/disp/item/867766/,https://pdimg.dot-st.com/images/lowrysfarm/goods/itemImg86/867766/item_867766_main_05_1779790204.jpg,NEW,https://www.dot-st.com/disp/ranking/?dispNo=001001003&periodTp=3&ageRange=30-34
2026-06-25,30代前半,30-34,4,40%OFF,GLOBAL WORK リネン混ニットVネックカーディガン半袖/147722,2994,https://www.dot-st.com/globalwork/disp/item/147722/,https://pdimg.dot-st.com/images/globalwork/goods/itemImg14/147722/item_147722_main_09_1776334753.jpg,SALE,https://www.dot-st.com/disp/ranking/?dispNo=001001003&periodTp=3&ageRange=30-34
2026-06-25,30代前半,30-34,5,36%OFF,A part by 【6/24 値下げ】UVカット・選べる18色/シアールーズニットVカーディガン,5610,https://www.dot-st.com/apartbylowrys/disp/item/666176/,https://pdimg.dot-st.com/images/apartbylowrys/goods/itemImg66/666176/item_666176_main_08_1779410452.jpg,SALE,https://www.dot-st.com/disp/ranking/?dispNo=001001003&periodTp=3&ageRange=30-34
2026-06-25,30代前半,30-34,6,20%OFF,PAGEBOY 【】レースカイキンシャツ (半袖),5280,https://www.dot-st.com/pageboy/disp/item/492982/,https://pdimg.dot-st.com/images/pageboy/goods/itemImg49/492982/item_492982_main_89_1745384690.jpg,WEB限定,https://www.dot-st.com/disp/ranking/?dispNo=001001003&periodTp=3&ageRange=30-34
2026-06-25,30代前半,30-34,7,25%OFF,Classical Elf ラフなのに品よく見える。軽やかぽこぽこフクレジャガードトップス（半袖）ce1260557,2998,https://www.dot-st.com/classicalelf/disp/item/648357/,https://pdimg.dot-st.com/images/classicalelf/goods/itemImg64/648357/item_648357_main_05_1774235459.jpg,,https://www.dot-st.com/disp/ranking/?dispNo=001001003&periodTp=3&ageRange=30-34
2026-06-25,30代前半,30-34,8,niko,and ... [be with MABU] カワモトスリットチュニック【再追加】,7000,https://www.dot-st.com/nikoand/disp/item/670628/,https://pdimg.dot-st.com/images/nikoand/goods/itemImg67/670628/item_670628_main_11_1780630201.jpg,NEW / 予約,https://www.dot-st.com/disp/ranking/?dispNo=001001003&periodTp=3&ageRange=30-34
2026-06-25,30代前半,30-34,9,19%OFF,LOWRYS FARM アソートデニムＢＩＧシャツＳＳ,5346,https://www.dot-st.com/lowrysfarm/disp/item/638496/,https://pdimg.dot-st.com/images/lowrysfarm/goods/itemImg63/638496/item_638496_main_21_1774344899.jpg,SALE,https://www.dot-st.com/disp/ranking/?dispNo=001001003&periodTp=3&ageRange=30-34
2026-06-25,30代前半,30-34,10,10%OFF,HARE 【接触冷感】ポケットミニロゴカットソー,3960,https://www.dot-st.com/hare/disp/item/639076/,https://pdimg.dot-st.com/images/hare/goods/itemImg63/639076/item_639076_main_05_1777002916.jpg,NEW,https://www.dot-st.com/disp/ranking/?dispNo=001001003&periodTp=3&ageRange=30-34
2026-06-25,30代後半,35-39,1,40%OFF,GLOBAL WORK リネン混ニットVネックカーディガン半袖/147722,2994,https://www.dot-st.com/globalwork/disp/item/147722/,https://pdimg.dot-st.com/images/globalwork/goods/itemImg14/147722/item_147722_main_09_1776334753.jpg,SALE,https://www.dot-st.com/disp/ranking/?dispNo=001001003&periodTp=3&ageRange=35-39
2026-06-25,30代後半,35-39,2,25%OFF,Classical Elf ラフなのに品よく見える。軽やかぽこぽこフクレジャガードトップス（半袖）ce1260557,2998,https://www.dot-st.com/classicalelf/disp/item/648357/,https://pdimg.dot-st.com/images/classicalelf/goods/itemImg64/648357/item_648357_main_05_1774235459.jpg,,https://www.dot-st.com/disp/ranking/?dispNo=001001003&periodTp=3&ageRange=35-39
2026-06-25,30代後半,35-39,3,GLOBAL,WORK エアリーリラックスペプラム刺繍半袖/806465,4990,https://www.dot-st.com/globalwork/disp/item/806465/,https://pdimg.dot-st.com/images/globalwork/goods/itemImg80/806465/item_806465_main_09_1781775957.jpg,NEW,https://www.dot-st.com/disp/ranking/?dispNo=001001003&periodTp=3&ageRange=35-39
2026-06-25,30代後半,35-39,4,28%OFF,LOWRYS FARM シャーリングチュニックフレンチスリーブ,4356,https://www.dot-st.com/lowrysfarm/disp/item/581468/,https://pdimg.dot-st.com/images/lowrysfarm/goods/itemImg58/581468/item_581468_main_08_1776892278.jpg,NEW / SALE,https://www.dot-st.com/disp/ranking/?dispNo=001001003&periodTp=3&ageRange=35-39
2026-06-25,30代後半,35-39,5,25%OFF,LEPSIM デニムBIGショートシャツ/SS,4910,https://www.dot-st.com/lepsim/disp/item/639529/,https://pdimg.dot-st.com/images/lepsim/goods/itemImg63/639529/item_639529_main_88_1780031460.jpg,SALE,https://www.dot-st.com/disp/ranking/?dispNo=001001003&periodTp=3&ageRange=35-39
2026-06-25,30代後半,35-39,6,GLOBAL,WORK リッチクリーンプリントT半袖/636780,3490,https://www.dot-st.com/globalwork/disp/item/636780/,https://pdimg.dot-st.com/images/globalwork/goods/itemImg63/636780/item_636780_main_78_1779925550.jpg,,https://www.dot-st.com/disp/ranking/?dispNo=001001003&periodTp=3&ageRange=35-39
2026-06-25,30代後半,35-39,7,GLOBAL,WORK クロシェレースビスチェ/759908,2990,https://www.dot-st.com/globalwork/disp/item/759908/,https://pdimg.dot-st.com/images/globalwork/goods/itemImg75/759908/item_759908_main_08_1780281916.jpg,NEW,https://www.dot-st.com/disp/ranking/?dispNo=001001003&periodTp=3&ageRange=35-39
2026-06-25,30代後半,35-39,8,niko,and ... [be with MABU] カワモトスリットチュニック【再追加】,7000,https://www.dot-st.com/nikoand/disp/item/670628/,https://pdimg.dot-st.com/images/nikoand/goods/itemImg67/670628/item_670628_main_11_1780630201.jpg,NEW / 予約,https://www.dot-st.com/disp/ranking/?dispNo=001001003&periodTp=3&ageRange=35-39
2026-06-25,30代後半,35-39,9,Chaos,【】ヴェールレースニットプルオーバー,66000,https://www.dot-st.com/chaos/disp/item/1047020/,https://pdimg.dot-st.com/images/chaos/goods/itemImg104/1047020/item_1047020_main_50_1781748160.jpg,予約,https://www.dot-st.com/disp/ranking/?dispNo=001001003&periodTp=3&ageRange=35-39
2026-06-25,30代後半,35-39,10,40%OFF,GLOBAL WORK イージーケアリネンタックブラウス/611205,2994,https://www.dot-st.com/globalwork/disp/item/611205/,https://pdimg.dot-st.com/images/globalwork/goods/itemImg61/611205/item_611205_main_40_1775203753.jpg,SALE,https://www.dot-st.com/disp/ranking/?dispNo=001001003&periodTp=3&ageRange=35-39
2026-06-26,20代後半,25-29,1,10%OFF,Ellno Loset 【andST先行販売/OPEN記念価格】フラワー刺繍トロミレギュラーシャツ,5940,https://www.dot-st.com/ellno_loset/disp/item/1043541/,https://pdimg.dot-st.com/images/ellno_loset/goods/itemImg104/1043541/item_1043541_main_05_1782211109.jpg,NEW,https://www.dot-st.com/disp/ranking/?dispNo=001001003&periodTp=3&ageRange=25-29
2026-06-26,20代後半,25-29,2,17%OFF,HARE 【接触冷感】タグロゴシシュウカット,4108,https://www.dot-st.com/hare/disp/item/680066/,https://pdimg.dot-st.com/images/hare/goods/itemImg68/680066/item_680066_main_09_1776852662.jpg,,https://www.dot-st.com/disp/ranking/?dispNo=001001003&periodTp=3&ageRange=25-29
2026-06-26,20代後半,25-29,3,LOWRYS,FARM ヨウリュウシシュウノースリーブ,6990,https://www.dot-st.com/lowrysfarm/disp/item/867766/,https://pdimg.dot-st.com/images/lowrysfarm/goods/itemImg86/867766/item_867766_main_05_1779790204.jpg,NEW,https://www.dot-st.com/disp/ranking/?dispNo=001001003&periodTp=3&ageRange=25-29
2026-06-26,20代後半,25-29,4,and,ST MAKE 【バヤコ企画】フェスベスト26［keep being you］,7480,https://www.dot-st.com/make/disp/item/679476/,https://pdimg.dot-st.com/images/make/goods/itemImg67/679476/item_679476_main_09_1772161776.jpg,NEW,https://www.dot-st.com/disp/ranking/?dispNo=001001003&periodTp=3&ageRange=25-29
2026-06-26,20代後半,25-29,5,28%OFF,LOWRYS FARM シャーリングチュニックフレンチスリーブ,4356,https://www.dot-st.com/lowrysfarm/disp/item/581468/,https://pdimg.dot-st.com/images/lowrysfarm/goods/itemImg58/581468/item_581468_main_08_1776892278.jpg,NEW / SALE,https://www.dot-st.com/disp/ranking/?dispNo=001001003&periodTp=3&ageRange=25-29
2026-06-26,20代後半,25-29,6,10%OFF,Ellno Loset 【機能性付き】ローズ刺繍トロミSSシャツ,5346,https://www.dot-st.com/ellno_loset/disp/item/661778/,https://pdimg.dot-st.com/images/ellno_loset/goods/itemImg66/661778/item_661778_main_10_1782266092.jpg,NEW,https://www.dot-st.com/disp/ranking/?dispNo=001001003&periodTp=3&ageRange=25-29
2026-06-26,20代後半,25-29,7,10%OFF,HARE 【接触冷感】ポケットミニロゴカットソー,3960,https://www.dot-st.com/hare/disp/item/639076/,https://pdimg.dot-st.com/images/hare/goods/itemImg63/639076/item_639076_main_05_1777002916.jpg,NEW,https://www.dot-st.com/disp/ranking/?dispNo=001001003&periodTp=3&ageRange=25-29
2026-06-26,20代後半,25-29,8,LOWRYS,FARM マルチＷＡＹフリルノースリーブ,5990,https://www.dot-st.com/lowrysfarm/disp/item/759466/,https://pdimg.dot-st.com/images/lowrysfarm/goods/itemImg75/759466/item_759466_main_05_1778564549.jpg,NEW,https://www.dot-st.com/disp/ranking/?dispNo=001001003&periodTp=3&ageRange=25-29
2026-06-26,20代後半,25-29,9,Ellno,Loset ジャガードレイヤードクレリックチャイナシャツ,5940,https://www.dot-st.com/ellno_loset/disp/item/878863/,https://pdimg.dot-st.com/images/ellno_loset/goods/itemImg87/878863/item_878863_main_70_1781253830.jpg,NEW,https://www.dot-st.com/disp/ranking/?dispNo=001001003&periodTp=3&ageRange=25-29
2026-06-26,20代後半,25-29,10,25%OFF,Classical Elf ラフなのに品よく見える。軽やかぽこぽこフクレジャガードトップス（半袖）ce1260557,2998,https://www.dot-st.com/classicalelf/disp/item/648357/,https://pdimg.dot-st.com/images/classicalelf/goods/itemImg64/648357/item_648357_main_05_1774235459.jpg,,https://www.dot-st.com/disp/ranking/?dispNo=001001003&periodTp=3&ageRange=25-29
2026-06-26,30代前半,30-34,1,and,ST MAKE 【バヤコ企画】フェスベスト26［keep being you］,7480,https://www.dot-st.com/make/disp/item/679476/,https://pdimg.dot-st.com/images/make/goods/itemImg67/679476/item_679476_main_09_1772161776.jpg,NEW,https://www.dot-st.com/disp/ranking/?dispNo=001001003&periodTp=3&ageRange=30-34
2026-06-26,30代前半,30-34,2,28%OFF,LOWRYS FARM シャーリングチュニックフレンチスリーブ,4356,https://www.dot-st.com/lowrysfarm/disp/item/581468/,https://pdimg.dot-st.com/images/lowrysfarm/goods/itemImg58/581468/item_581468_main_08_1776892278.jpg,NEW / SALE,https://www.dot-st.com/disp/ranking/?dispNo=001001003&periodTp=3&ageRange=30-34
2026-06-26,30代前半,30-34,3,LOWRYS,FARM 【受付中】 ヨウリュウシャーリングショートフレンチスリーブ,5500,https://www.dot-st.com/lowrysfarm/disp/item/661674/,https://pdimg.dot-st.com/images/lowrysfarm/goods/itemImg66/661674/item_661674_main_82_1774431020.jpg,予約,https://www.dot-st.com/disp/ranking/?dispNo=001001003&periodTp=3&ageRange=30-34
2026-06-26,30代前半,30-34,4,25%OFF,LEPSIM デニムBIGショートシャツ/SS,4910,https://www.dot-st.com/lepsim/disp/item/639529/,https://pdimg.dot-st.com/images/lepsim/goods/itemImg63/639529/item_639529_main_88_1780031460.jpg,SALE,https://www.dot-st.com/disp/ranking/?dispNo=001001003&periodTp=3&ageRange=30-34
2026-06-26,30代前半,30-34,5,36%OFF,A part by 【6/24 値下げ】UVカット・選べる18色/シアールーズニットVカーディガン,5610,https://www.dot-st.com/apartbylowrys/disp/item/666176/,https://pdimg.dot-st.com/images/apartbylowrys/goods/itemImg66/666176/item_666176_main_08_1779410452.jpg,SALE,https://www.dot-st.com/disp/ranking/?dispNo=001001003&periodTp=3&ageRange=30-34
2026-06-26,30代前半,30-34,6,20%OFF,PAGEBOY 【】レースカイキンシャツ (半袖),5280,https://www.dot-st.com/pageboy/disp/item/492982/,https://pdimg.dot-st.com/images/pageboy/goods/itemImg49/492982/item_492982_main_89_1745384690.jpg,WEB限定,https://www.dot-st.com/disp/ranking/?dispNo=001001003&periodTp=3&ageRange=30-34
2026-06-26,30代前半,30-34,7,40%OFF,GLOBAL WORK リネン混ニットVネックカーディガン半袖/147722,2994,https://www.dot-st.com/globalwork/disp/item/147722/,https://pdimg.dot-st.com/images/globalwork/goods/itemImg14/147722/item_147722_main_09_1776334753.jpg,SALE,https://www.dot-st.com/disp/ranking/?dispNo=001001003&periodTp=3&ageRange=30-34
2026-06-26,30代前半,30-34,8,10%OFF,Ellno Loset 【andST先行販売/OPEN記念価格】フラワー刺繍トロミレギュラーシャツ,5940,https://www.dot-st.com/ellno_loset/disp/item/1043541/,https://pdimg.dot-st.com/images/ellno_loset/goods/itemImg104/1043541/item_1043541_main_05_1782211109.jpg,NEW,https://www.dot-st.com/disp/ranking/?dispNo=001001003&periodTp=3&ageRange=30-34
2026-06-26,30代前半,30-34,9,JEANASIS,【FRUITS ZIPPER 仲川瑠夏さん着用】レースドッキングキャミソール【選べるシルエット】,4400,https://www.dot-st.com/jeanasis/disp/item/668652/,https://pdimg.dot-st.com/images/jeanasis/goods/itemImg66/668652/item_668652_main_05_1782436554.jpg,,https://www.dot-st.com/disp/ranking/?dispNo=001001003&periodTp=3&ageRange=30-34
2026-06-26,30代前半,30-34,10,25%OFF,Classical Elf ラフなのに品よく見える。軽やかぽこぽこフクレジャガードトップス（半袖）ce1260557,2998,https://www.dot-st.com/classicalelf/disp/item/648357/,https://pdimg.dot-st.com/images/classicalelf/goods/itemImg64/648357/item_648357_main_05_1774235459.jpg,,https://www.dot-st.com/disp/ranking/?dispNo=001001003&periodTp=3&ageRange=30-34
2026-06-26,30代後半,35-39,1,and,ST MAKE 【バヤコ企画】フェスベスト26［keep being you］,7480,https://www.dot-st.com/make/disp/item/679476/,https://pdimg.dot-st.com/images/make/goods/itemImg67/679476/item_679476_main_09_1772161776.jpg,NEW,https://www.dot-st.com/disp/ranking/?dispNo=001001003&periodTp=3&ageRange=35-39
2026-06-26,30代後半,35-39,2,40%OFF,GLOBAL WORK リネン混ニットVネックカーディガン半袖/147722,2994,https://www.dot-st.com/globalwork/disp/item/147722/,https://pdimg.dot-st.com/images/globalwork/goods/itemImg14/147722/item_147722_main_09_1776334753.jpg,SALE,https://www.dot-st.com/disp/ranking/?dispNo=001001003&periodTp=3&ageRange=35-39
2026-06-26,30代後半,35-39,3,28%OFF,LOWRYS FARM シャーリングチュニックフレンチスリーブ,4356,https://www.dot-st.com/lowrysfarm/disp/item/581468/,https://pdimg.dot-st.com/images/lowrysfarm/goods/itemImg58/581468/item_581468_main_08_1776892278.jpg,NEW / SALE,https://www.dot-st.com/disp/ranking/?dispNo=001001003&periodTp=3&ageRange=35-39
2026-06-26,30代後半,35-39,4,25%OFF,LEPSIM デニムBIGシャツ/SS,4910,https://www.dot-st.com/lepsim/disp/item/639528/,https://pdimg.dot-st.com/images/lepsim/goods/itemImg63/639528/item_639528_main_84_1773395284.jpg,SALE,https://www.dot-st.com/disp/ranking/?dispNo=001001003&periodTp=3&ageRange=35-39
2026-06-26,30代後半,35-39,5,25%OFF,LEPSIM デニムBIGショートシャツ/SS,4910,https://www.dot-st.com/lepsim/disp/item/639529/,https://pdimg.dot-st.com/images/lepsim/goods/itemImg63/639529/item_639529_main_88_1780031460.jpg,SALE,https://www.dot-st.com/disp/ranking/?dispNo=001001003&periodTp=3&ageRange=35-39
2026-06-26,30代後半,35-39,6,25%OFF,Classical Elf ラフなのに品よく見える。軽やかぽこぽこフクレジャガードトップス（半袖）ce1260557,2998,https://www.dot-st.com/classicalelf/disp/item/648357/,https://pdimg.dot-st.com/images/classicalelf/goods/itemImg64/648357/item_648357_main_05_1774235459.jpg,,https://www.dot-st.com/disp/ranking/?dispNo=001001003&periodTp=3&ageRange=35-39
2026-06-26,30代後半,35-39,7,LOWRYS,FARM ヨウリュウシシュウノースリーブ,6990,https://www.dot-st.com/lowrysfarm/disp/item/867766/,https://pdimg.dot-st.com/images/lowrysfarm/goods/itemImg86/867766/item_867766_main_05_1779790204.jpg,NEW,https://www.dot-st.com/disp/ranking/?dispNo=001001003&periodTp=3&ageRange=35-39
2026-06-26,30代後半,35-39,8,40%OFF,Classical Elf 綿100％ユニセックスレシピ刺繍ビッグロゴロックTシャツjv1050170,2998,https://www.dot-st.com/classicalelf/disp/item/293421/,https://pdimg.dot-st.com/images/classicalelf/goods/itemImg29/293421/item_293421_main_19_1741851087.jpg,,https://www.dot-st.com/disp/ranking/?dispNo=001001003&periodTp=3&ageRange=35-39
2026-06-26,30代後半,35-39,9,26%OFF,BAYFLOW [ショートとロングで選べる着丈]シアーワークシャツ,4390,https://www.dot-st.com/bayflow/disp/item/607113/,https://pdimg.dot-st.com/images/bayflow/goods/itemImg60/607113/item_607113_main_18_1776133079.jpg,SALE,https://www.dot-st.com/disp/ranking/?dispNo=001001003&periodTp=3&ageRange=35-39
2026-06-26,30代後半,35-39,10,GLOBAL,WORK 【FRUITS ZIPPER 鎮西寿々歌さん着用】リッチクリーンプリントT半袖/636780,3490,https://www.dot-st.com/globalwork/disp/item/636780/,https://pdimg.dot-st.com/images/globalwork/goods/itemImg63/636780/item_636780_main_88_1782438635.jpg,,https://www.dot-st.com/disp/ranking/?dispNo=001001003&periodTp=3&ageRange=35-39
2026-06-27,20代後半,25-29,1,niko,and ... 【今夜も餃子とブギーバック2】LOVE Tシャツ,6000,https://www.dot-st.com/nikoand/disp/item/1042117/,https://pdimg.dot-st.com/images/nikoand/goods/itemImg104/1042117/item_1042117_main_01_1780647375.jpg,NEW,https://www.dot-st.com/disp/ranking/?dispNo=001001003&periodTp=3&ageRange=25-29
2026-06-27,20代後半,25-29,2,LOWRYS,FARM 【FRUITS ZIPPER松本かれんさん着用アイテム】ペプラムチュニックＳＳ,6050,https://www.dot-st.com/lowrysfarm/disp/item/660871/,https://pdimg.dot-st.com/images/lowrysfarm/goods/itemImg66/660871/item_660871_main_06_1782439891.jpg,NEW,https://www.dot-st.com/disp/ranking/?dispNo=001001003&periodTp=3&ageRange=25-29
2026-06-27,20代後半,25-29,3,10%OFF,Ellno Loset 【andST先行販売/OPEN記念価格】フラワー刺繍トロミレギュラーシャツ,5940,https://www.dot-st.com/ellno_loset/disp/item/1043541/,https://pdimg.dot-st.com/images/ellno_loset/goods/itemImg104/1043541/item_1043541_main_05_1782211109.jpg,NEW,https://www.dot-st.com/disp/ranking/?dispNo=001001003&periodTp=3&ageRange=25-29
2026-06-27,20代後半,25-29,4,JEANASIS,14GレーストリムリブカーディガンSS,7190,https://www.dot-st.com/jeanasis/disp/item/911281/,https://pdimg.dot-st.com/images/jeanasis/goods/itemImg91/911281/item_911281_main_05_1780045120.jpg,,https://www.dot-st.com/disp/ranking/?dispNo=001001003&periodTp=3&ageRange=25-29
2026-06-27,20代後半,25-29,5,30%OFF,Classical Elf 大人の色魅せ、軽やかに映える。ヘンリーネック袖配色切り替え半袖トップスce1330083,2798,https://www.dot-st.com/classicalelf/disp/item/645385/,https://pdimg.dot-st.com/images/classicalelf/goods/itemImg64/645385/item_645385_main_50_1770955179.jpg,,https://www.dot-st.com/disp/ranking/?dispNo=001001003&periodTp=3&ageRange=25-29
2026-06-27,20代後半,25-29,6,10%OFF,Ellno Loset 【機能性付き】ローズ刺繍トロミSSシャツ,5346,https://www.dot-st.com/ellno_loset/disp/item/661778/,https://pdimg.dot-st.com/images/ellno_loset/goods/itemImg66/661778/item_661778_main_10_1782266092.jpg,NEW,https://www.dot-st.com/disp/ranking/?dispNo=001001003&periodTp=3&ageRange=25-29
2026-06-27,20代後半,25-29,7,15%OFF,mysty woman ラッセルレースアンサンブル2,6077,https://www.dot-st.com/mystywoman/disp/item/659886/,https://pdimg.dot-st.com/images/mystywoman/goods/itemImg65/659886/item_659886_main_74_1776233906.jpg,SALE,https://www.dot-st.com/disp/ranking/?dispNo=001001003&periodTp=3&ageRange=25-29
2026-06-27,20代後半,25-29,8,10%OFF,HARE 【接触冷感】ポケットミニロゴカットソー,3960,https://www.dot-st.com/hare/disp/item/639076/,https://pdimg.dot-st.com/images/hare/goods/itemImg63/639076/item_639076_main_05_1777002916.jpg,NEW,https://www.dot-st.com/disp/ranking/?dispNo=001001003&periodTp=3&ageRange=25-29
2026-06-27,20代後半,25-29,9,LOWRYS,FARM 【受付中】 ヨウリュウシャーリングショートフレンチスリーブ,5500,https://www.dot-st.com/lowrysfarm/disp/item/661674/,https://pdimg.dot-st.com/images/lowrysfarm/goods/itemImg66/661674/item_661674_main_82_1774431020.jpg,予約,https://www.dot-st.com/disp/ranking/?dispNo=001001003&periodTp=3&ageRange=25-29
2026-06-27,20代後半,25-29,10,JEANASIS,シアージャガードシャーリングシャツSS,7190,https://www.dot-st.com/jeanasis/disp/item/859249/,https://pdimg.dot-st.com/images/jeanasis/goods/itemImg85/859249/item_859249_main_82_1778238768.jpg,,https://www.dot-st.com/disp/ranking/?dispNo=001001003&periodTp=3&ageRange=25-29
2026-06-27,30代前半,30-34,1,niko,and ... 【今夜も餃子とブギーバック2】LOVE Tシャツ,6000,https://www.dot-st.com/nikoand/disp/item/1042117/,https://pdimg.dot-st.com/images/nikoand/goods/itemImg104/1042117/item_1042117_main_01_1780647375.jpg,NEW,https://www.dot-st.com/disp/ranking/?dispNo=001001003&periodTp=3&ageRange=30-34
2026-06-27,30代前半,30-34,2,28%OFF,LOWRYS FARM シャーリングチュニックフレンチスリーブ,4356,https://www.dot-st.com/lowrysfarm/disp/item/581468/,https://pdimg.dot-st.com/images/lowrysfarm/goods/itemImg58/581468/item_581468_main_08_1776892278.jpg,NEW / SALE,https://www.dot-st.com/disp/ranking/?dispNo=001001003&periodTp=3&ageRange=30-34
2026-06-27,30代前半,30-34,3,25%OFF,LEPSIM デニムBIGショートシャツ/SS,4910,https://www.dot-st.com/lepsim/disp/item/639529/,https://pdimg.dot-st.com/images/lepsim/goods/itemImg63/639529/item_639529_main_88_1780031460.jpg,SALE,https://www.dot-st.com/disp/ranking/?dispNo=001001003&periodTp=3&ageRange=30-34
2026-06-27,30代前半,30-34,4,HARE,【完売カラー/新色開始！】スパンコールレースパーカー,16940,https://www.dot-st.com/hare/disp/item/670665/,https://pdimg.dot-st.com/images/hare/goods/itemImg67/670665/item_670665_main_05_1775098521.jpg,予約,https://www.dot-st.com/disp/ranking/?dispNo=001001003&periodTp=3&ageRange=30-34
2026-06-27,30代前半,30-34,5,LOWRYS,FARM 【受付中】 ヨウリュウシャーリングショートフレンチスリーブ,5500,https://www.dot-st.com/lowrysfarm/disp/item/661674/,https://pdimg.dot-st.com/images/lowrysfarm/goods/itemImg66/661674/item_661674_main_82_1774431020.jpg,予約,https://www.dot-st.com/disp/ranking/?dispNo=001001003&periodTp=3&ageRange=30-34
2026-06-27,30代前半,30-34,6,50%OFF,Classical Elf 遊び心くすぐる、大人のプチ配色。袖先配色リブニット(半袖)ce1050376,2499,https://www.dot-st.com/classicalelf/disp/item/650657/,https://pdimg.dot-st.com/images/classicalelf/goods/itemImg65/650657/item_650657_main_05_1774319847.jpg,,https://www.dot-st.com/disp/ranking/?dispNo=001001003&periodTp=3&ageRange=30-34
2026-06-27,30代前半,30-34,7,40%OFF,GLOBAL WORK リネン混ニットVネックカーディガン半袖/147722,2994,https://www.dot-st.com/globalwork/disp/item/147722/,https://pdimg.dot-st.com/images/globalwork/goods/itemImg14/147722/item_147722_main_09_1776334753.jpg,SALE,https://www.dot-st.com/disp/ranking/?dispNo=001001003&periodTp=3&ageRange=30-34
2026-06-27,30代前半,30-34,8,29%OFF,Classical Elf ひらっと心が躍る。オーバーサイズランダムタックシアーカーディガンce1260606,3499,https://www.dot-st.com/classicalelf/disp/item/654856/,https://pdimg.dot-st.com/images/classicalelf/goods/itemImg65/654856/item_654856_main_13_1774244452.jpg,,https://www.dot-st.com/disp/ranking/?dispNo=001001003&periodTp=3&ageRange=30-34
2026-06-27,30代前半,30-34,9,15%OFF,mysty woman 【復刻】楊柳シアーZIPパーカー,5610,https://www.dot-st.com/mystywoman/disp/item/193459/,https://pdimg.dot-st.com/images/mystywoman/goods/itemImg19/193459/item_193459_main_51_1777274662.jpg,SALE / WEB限定,https://www.dot-st.com/disp/ranking/?dispNo=001001003&periodTp=3&ageRange=30-34
2026-06-27,30代前半,30-34,10,niko,and ... アソートフォトBIGTシャツ,4500,https://www.dot-st.com/nikoand/disp/item/881210/,https://pdimg.dot-st.com/images/nikoand/goods/itemImg88/881210/item_881210_main_88_1780365152.jpg,再入荷,https://www.dot-st.com/disp/ranking/?dispNo=001001003&periodTp=3&ageRange=30-34
2026-06-27,30代後半,35-39,1,niko,and ... 【今夜も餃子とブギーバック2】LOVE Tシャツ,6000,https://www.dot-st.com/nikoand/disp/item/1042117/,https://pdimg.dot-st.com/images/nikoand/goods/itemImg104/1042117/item_1042117_main_01_1780647375.jpg,NEW,https://www.dot-st.com/disp/ranking/?dispNo=001001003&periodTp=3&ageRange=35-39
2026-06-27,30代後半,35-39,2,40%OFF,GLOBAL WORK リネン混ニットVネックカーディガン半袖/147722,2994,https://www.dot-st.com/globalwork/disp/item/147722/,https://pdimg.dot-st.com/images/globalwork/goods/itemImg14/147722/item_147722_main_09_1776334753.jpg,SALE,https://www.dot-st.com/disp/ranking/?dispNo=001001003&periodTp=3&ageRange=35-39
2026-06-27,30代後半,35-39,3,25%OFF,LEPSIM デニムBIGショートシャツ/SS,4910,https://www.dot-st.com/lepsim/disp/item/639529/,https://pdimg.dot-st.com/images/lepsim/goods/itemImg63/639529/item_639529_main_88_1780031460.jpg,SALE,https://www.dot-st.com/disp/ranking/?dispNo=001001003&periodTp=3&ageRange=35-39
2026-06-27,30代後半,35-39,4,28%OFF,LOWRYS FARM シャーリングチュニックフレンチスリーブ,4356,https://www.dot-st.com/lowrysfarm/disp/item/581468/,https://pdimg.dot-st.com/images/lowrysfarm/goods/itemImg58/581468/item_581468_main_08_1776892278.jpg,NEW / SALE,https://www.dot-st.com/disp/ranking/?dispNo=001001003&periodTp=3&ageRange=35-39
2026-06-27,30代後半,35-39,5,20%OFF,LEPSIM 《高橋愛さん着用アイテム》AIRデニム長袖シャツ,5280,https://www.dot-st.com/lepsim/disp/item/639492/,https://pdimg.dot-st.com/images/lepsim/goods/itemImg63/639492/item_639492_main_82_1777635881.jpg,,https://www.dot-st.com/disp/ranking/?dispNo=001001003&periodTp=3&ageRange=35-39
2026-06-27,30代後半,35-39,6,40%OFF,GLOBAL WORK イージーケアリネンタックブラウス/611205,2994,https://www.dot-st.com/globalwork/disp/item/611205/,https://pdimg.dot-st.com/images/globalwork/goods/itemImg61/611205/item_611205_main_40_1775203753.jpg,SALE,https://www.dot-st.com/disp/ranking/?dispNo=001001003&periodTp=3&ageRange=35-39
2026-06-27,30代後半,35-39,7,24%OFF,BONJOUR SAGAN カレッジ刺繍ピグメントスウェットTシャツ,2999,https://www.dot-st.com/bonjoursagan/disp/item/674606/,https://pdimg.dot-st.com/images/bonjoursagan/goods/itemImg67/674606/item_674606_main_15_1773647629.jpg,,https://www.dot-st.com/disp/ranking/?dispNo=001001003&periodTp=3&ageRange=35-39
2026-06-27,30代後半,35-39,8,GLOBAL,WORK 【FRUITS ZIPPER 鎮西寿々歌さん着用】リッチクリーンプリントT半袖/636780,3490,https://www.dot-st.com/globalwork/disp/item/636780/,https://pdimg.dot-st.com/images/globalwork/goods/itemImg63/636780/item_636780_main_88_1782438635.jpg,,https://www.dot-st.com/disp/ranking/?dispNo=001001003&periodTp=3&ageRange=35-39
2026-06-27,30代後半,35-39,9,GLOBAL,WORK エアリーリラックスペプラム刺繍半袖/806465,4990,https://www.dot-st.com/globalwork/disp/item/806465/,https://pdimg.dot-st.com/images/globalwork/goods/itemImg80/806465/item_806465_main_09_1781775957.jpg,NEW,https://www.dot-st.com/disp/ranking/?dispNo=001001003&periodTp=3&ageRange=35-39
2026-06-27,30代後半,35-39,10,GLOBAL,WORK 【FRUITS ZIPPER 鎮西寿々歌さん着用】サラサラDRYスクエアタンク/636753,1980,https://www.dot-st.com/globalwork/disp/item/636753/,https://pdimg.dot-st.com/images/globalwork/goods/itemImg63/636753/item_636753_main_05_1782436061.jpg,,https://www.dot-st.com/disp/ranking/?dispNo=001001003&periodTp=3&ageRange=35-39
2026-06-28,20代後半,25-29,1,LOWRYS,FARM 【FRUITS ZIPPER松本かれんさん着用アイテム】ペプラムチュニックＳＳ,6050,https://www.dot-st.com/lowrysfarm/disp/item/660871/,https://pdimg.dot-st.com/images/lowrysfarm/goods/itemImg66/660871/item_660871_main_06_1782439891.jpg,NEW,https://www.dot-st.com/disp/ranking/?dispNo=001001003&periodTp=3&ageRange=25-29
2026-06-28,20代後半,25-29,2,niko,and ... 【今夜も餃子とブギーバック2】LOVE Tシャツ,6000,https://www.dot-st.com/nikoand/disp/item/1042117/,https://pdimg.dot-st.com/images/nikoand/goods/itemImg104/1042117/item_1042117_main_01_1780647375.jpg,NEW,https://www.dot-st.com/disp/ranking/?dispNo=001001003&periodTp=3&ageRange=25-29
2026-06-28,20代後半,25-29,3,28%OFF,LOWRYS FARM シャーリングチュニックフレンチスリーブ,4356,https://www.dot-st.com/lowrysfarm/disp/item/581468/,https://pdimg.dot-st.com/images/lowrysfarm/goods/itemImg58/581468/item_581468_main_08_1776892278.jpg,NEW / SALE,https://www.dot-st.com/disp/ranking/?dispNo=001001003&periodTp=3&ageRange=25-29
2026-06-28,20代後半,25-29,4,HARE,【完売カラー/新色開始！】スパンコールレースパーカー,16940,https://www.dot-st.com/hare/disp/item/670665/,https://pdimg.dot-st.com/images/hare/goods/itemImg67/670665/item_670665_main_05_1775098521.jpg,予約,https://www.dot-st.com/disp/ranking/?dispNo=001001003&periodTp=3&ageRange=25-29
2026-06-28,20代後半,25-29,5,HARE,【新色中 SETUP対応 LADIES】アートフラワーガラシアーシャツ,11000,https://www.dot-st.com/hare/disp/item/664774/,https://pdimg.dot-st.com/images/hare/goods/itemImg66/664774/item_664774_main_09_1772699284.jpg,NEW / 予約,https://www.dot-st.com/disp/ranking/?dispNo=001001003&periodTp=3&ageRange=25-29
2026-06-28,20代後半,25-29,6,25%OFF,LEPSIM デニムBIGショートシャツ/SS,4910,https://www.dot-st.com/lepsim/disp/item/639529/,https://pdimg.dot-st.com/images/lepsim/goods/itemImg63/639529/item_639529_main_88_1780031460.jpg,SALE,https://www.dot-st.com/disp/ranking/?dispNo=001001003&periodTp=3&ageRange=25-29
2026-06-28,20代後半,25-29,7,LOWRYS,FARM ヨウリュウシシュウノースリーブ,6990,https://www.dot-st.com/lowrysfarm/disp/item/867766/,https://pdimg.dot-st.com/images/lowrysfarm/goods/itemImg86/867766/item_867766_main_05_1779790204.jpg,NEW,https://www.dot-st.com/disp/ranking/?dispNo=001001003&periodTp=3&ageRange=25-29
2026-06-28,20代後半,25-29,8,10%OFF,HARE 【接触冷感】ポケットミニロゴカットソー,3960,https://www.dot-st.com/hare/disp/item/639076/,https://pdimg.dot-st.com/images/hare/goods/itemImg63/639076/item_639076_main_05_1777002916.jpg,NEW,https://www.dot-st.com/disp/ranking/?dispNo=001001003&periodTp=3&ageRange=25-29
2026-06-28,20代後半,25-29,9,28%OFF,LOWRYS FARM ギャザーボタンカーディガンＳＳ,3960,https://www.dot-st.com/lowrysfarm/disp/item/685809/,https://pdimg.dot-st.com/images/lowrysfarm/goods/itemImg68/685809/item_685809_main_62_1776842299.jpg,SALE,https://www.dot-st.com/disp/ranking/?dispNo=001001003&periodTp=3&ageRange=25-29
2026-06-28,20代後半,25-29,10,LOWRYS,FARM シャーリングペプラムフレンチスリーブ,5500,https://www.dot-st.com/lowrysfarm/disp/item/759467/,https://pdimg.dot-st.com/images/lowrysfarm/goods/itemImg75/759467/item_759467_main_08_1778564930.jpg,NEW,https://www.dot-st.com/disp/ranking/?dispNo=001001003&periodTp=3&ageRange=25-29
2026-06-28,30代前半,30-34,1,niko,and ... 【今夜も餃子とブギーバック2】LOVE Tシャツ,6000,https://www.dot-st.com/nikoand/disp/item/1042117/,https://pdimg.dot-st.com/images/nikoand/goods/itemImg104/1042117/item_1042117_main_01_1780647375.jpg,NEW,https://www.dot-st.com/disp/ranking/?dispNo=001001003&periodTp=3&ageRange=30-34
2026-06-28,30代前半,30-34,2,40%OFF,GLOBAL WORK リネン混ニットVネックカーディガン半袖/147722,2994,https://www.dot-st.com/globalwork/disp/item/147722/,https://pdimg.dot-st.com/images/globalwork/goods/itemImg14/147722/item_147722_main_09_1776334753.jpg,SALE,https://www.dot-st.com/disp/ranking/?dispNo=001001003&periodTp=3&ageRange=30-34
2026-06-28,30代前半,30-34,3,28%OFF,LOWRYS FARM シャーリングチュニックフレンチスリーブ,4356,https://www.dot-st.com/lowrysfarm/disp/item/581468/,https://pdimg.dot-st.com/images/lowrysfarm/goods/itemImg58/581468/item_581468_main_08_1776892278.jpg,NEW / SALE,https://www.dot-st.com/disp/ranking/?dispNo=001001003&periodTp=3&ageRange=30-34
2026-06-28,30代前半,30-34,4,LOWRYS,FARM 【FRUITS ZIPPER松本かれんさん着用アイテム】ペプラムチュニックＳＳ,6050,https://www.dot-st.com/lowrysfarm/disp/item/660871/,https://pdimg.dot-st.com/images/lowrysfarm/goods/itemImg66/660871/item_660871_main_06_1782439891.jpg,NEW,https://www.dot-st.com/disp/ranking/?dispNo=001001003&periodTp=3&ageRange=30-34
2026-06-28,30代前半,30-34,5,50%OFF,Classical Elf 【】《JaVa ジャバコラボ》綿100%シルケット刺繍シンプル半袖Tシャツjv1050074,1998,https://www.dot-st.com/classicalelf/disp/item/293463/,https://pdimg.dot-st.com/images/classicalelf/goods/itemImg29/293463/item_293463_main_05_1740108658.jpg,再入荷,https://www.dot-st.com/disp/ranking/?dispNo=001001003&periodTp=3&ageRange=30-34
2026-06-28,30代前半,30-34,6,50%OFF,Classical Elf 遊び心くすぐる、大人のプチ配色。袖先配色リブニット(半袖)ce1050376,2499,https://www.dot-st.com/classicalelf/disp/item/650657/,https://pdimg.dot-st.com/images/classicalelf/goods/itemImg65/650657/item_650657_main_05_1774319847.jpg,,https://www.dot-st.com/disp/ranking/?dispNo=001001003&periodTp=3&ageRange=30-34
2026-06-28,30代前半,30-34,7,25%OFF,LEPSIM デニムBIGショートシャツ/SS,4910,https://www.dot-st.com/lepsim/disp/item/639529/,https://pdimg.dot-st.com/images/lepsim/goods/itemImg63/639529/item_639529_main_88_1780031460.jpg,SALE,https://www.dot-st.com/disp/ranking/?dispNo=001001003&periodTp=3&ageRange=30-34
2026-06-28,30代前半,30-34,8,30%OFF,GLOBAL WORK 洗えるメッシュラメ半袖＊タンクトップ/658137,3492,https://www.dot-st.com/globalwork/disp/item/658137/,https://pdimg.dot-st.com/images/globalwork/goods/itemImg65/658137/item_658137_main_08_1781775411.jpg,NEW / SALE,https://www.dot-st.com/disp/ranking/?dispNo=001001003&periodTp=3&ageRange=30-34
2026-06-28,30代前半,30-34,9,niko,and ... 【GYOZA SLAPPY】スラッピーチャイナシャツ,7000,https://www.dot-st.com/nikoand/disp/item/1042286/,https://pdimg.dot-st.com/images/nikoand/goods/itemImg104/1042286/item_1042286_main_62_1779358307.jpg,NEW,https://www.dot-st.com/disp/ranking/?dispNo=001001003&periodTp=3&ageRange=30-34
2026-06-28,30代前半,30-34,10,25%OFF,Classical Elf ラフなのに品よく見える。軽やかぽこぽこフクレジャガードトップス（半袖）ce1260557,2998,https://www.dot-st.com/classicalelf/disp/item/648357/,https://pdimg.dot-st.com/images/classicalelf/goods/itemImg64/648357/item_648357_main_05_1774235459.jpg,,https://www.dot-st.com/disp/ranking/?dispNo=001001003&periodTp=3&ageRange=30-34
2026-06-28,30代後半,35-39,1,40%OFF,GLOBAL WORK リネン混ニットVネックカーディガン半袖/147722,2994,https://www.dot-st.com/globalwork/disp/item/147722/,https://pdimg.dot-st.com/images/globalwork/goods/itemImg14/147722/item_147722_main_09_1776334753.jpg,SALE,https://www.dot-st.com/disp/ranking/?dispNo=001001003&periodTp=3&ageRange=35-39
2026-06-28,30代後半,35-39,2,28%OFF,LOWRYS FARM シャーリングチュニックフレンチスリーブ,4356,https://www.dot-st.com/lowrysfarm/disp/item/581468/,https://pdimg.dot-st.com/images/lowrysfarm/goods/itemImg58/581468/item_581468_main_08_1776892278.jpg,NEW / SALE,https://www.dot-st.com/disp/ranking/?dispNo=001001003&periodTp=3&ageRange=35-39
2026-06-28,30代後半,35-39,3,niko,and ... 【今夜も餃子とブギーバック2】LOVE Tシャツ,6000,https://www.dot-st.com/nikoand/disp/item/1042117/,https://pdimg.dot-st.com/images/nikoand/goods/itemImg104/1042117/item_1042117_main_01_1780647375.jpg,NEW,https://www.dot-st.com/disp/ranking/?dispNo=001001003&periodTp=3&ageRange=35-39
2026-06-28,30代後半,35-39,4,30%OFF,GLOBAL WORK 洗えるメッシュラメ半袖＊タンクトップ/658137,3492,https://www.dot-st.com/globalwork/disp/item/658137/,https://pdimg.dot-st.com/images/globalwork/goods/itemImg65/658137/item_658137_main_08_1781775411.jpg,NEW / SALE,https://www.dot-st.com/disp/ranking/?dispNo=001001003&periodTp=3&ageRange=35-39
2026-06-28,30代後半,35-39,5,GLOBAL,WORK 【FRUITS ZIPPER 鎮西寿々歌さん着用】リッチクリーンプリントT半袖/636780,3490,https://www.dot-st.com/globalwork/disp/item/636780/,https://pdimg.dot-st.com/images/globalwork/goods/itemImg63/636780/item_636780_main_88_1782438635.jpg,,https://www.dot-st.com/disp/ranking/?dispNo=001001003&periodTp=3&ageRange=35-39
2026-06-28,30代後半,35-39,6,50%OFF,Classical Elf 遊び心くすぐる、大人のプチ配色。袖先配色リブニット(半袖)ce1050376,2499,https://www.dot-st.com/classicalelf/disp/item/650657/,https://pdimg.dot-st.com/images/classicalelf/goods/itemImg65/650657/item_650657_main_05_1774319847.jpg,,https://www.dot-st.com/disp/ranking/?dispNo=001001003&periodTp=3&ageRange=35-39
2026-06-28,30代後半,35-39,7,GLOBAL,WORK エアリーリラックスペプラム刺繍半袖/806465,4990,https://www.dot-st.com/globalwork/disp/item/806465/,https://pdimg.dot-st.com/images/globalwork/goods/itemImg80/806465/item_806465_main_09_1781775957.jpg,NEW,https://www.dot-st.com/disp/ranking/?dispNo=001001003&periodTp=3&ageRange=35-39
2026-06-28,30代後半,35-39,8,40%OFF,GLOBAL WORK イージーケアリネンタックブラウス/611205,2994,https://www.dot-st.com/globalwork/disp/item/611205/,https://pdimg.dot-st.com/images/globalwork/goods/itemImg61/611205/item_611205_main_40_1775203753.jpg,SALE,https://www.dot-st.com/disp/ranking/?dispNo=001001003&periodTp=3&ageRange=35-39
2026-06-28,30代後半,35-39,9,20%OFF,GLOBAL WORK ヘビロッTEEプリント半袖/636798,2791,https://www.dot-st.com/globalwork/disp/item/636798/,https://pdimg.dot-st.com/images/globalwork/goods/itemImg63/636798/item_636798_main_55_1770376472.jpg,NEW / SALE,https://www.dot-st.com/disp/ranking/?dispNo=001001003&periodTp=3&ageRange=35-39
2026-06-28,30代後半,35-39,10,4%OFF,BONLECILL 【追加】【UVカット率97%】ライトシアーギャザー涼しげオーバーフーディーシャツパーカー,2841,https://www.dot-st.com/bonlecill/disp/item/871723/,https://pdimg.dot-st.com/images/bonlecill/goods/itemImg87/871723/item_871723_main_93_1778490036.jpg,予約,https://www.dot-st.com/disp/ranking/?dispNo=001001003&periodTp=3&ageRange=35-39
2026-06-29,20代後半,25-29,1,niko,and ... 【今夜も餃子とブギーバック2】LOVE Tシャツ,6000,https://www.dot-st.com/nikoand/disp/item/1042117/,https://pdimg.dot-st.com/images/nikoand/goods/itemImg104/1042117/item_1042117_main_12_1779358550.jpg,NEW,https://www.dot-st.com/disp/ranking/?dispNo=001001003&periodTp=3&ageRange=25-29
2026-06-29,20代後半,25-29,2,JEANASIS,シアージャガードシャーリングシャツSS,7190,https://www.dot-st.com/jeanasis/disp/item/859249/,https://pdimg.dot-st.com/images/jeanasis/goods/itemImg85/859249/item_859249_main_82_1778238768.jpg,,https://www.dot-st.com/disp/ranking/?dispNo=001001003&periodTp=3&ageRange=25-29
2026-06-29,20代後半,25-29,3,LOWRYS,FARM 【FRUITS ZIPPER松本かれんさん着用アイテム】ペプラムチュニックＳＳ,6050,https://www.dot-st.com/lowrysfarm/disp/item/660871/,https://pdimg.dot-st.com/images/lowrysfarm/goods/itemImg66/660871/item_660871_main_06_1782439891.jpg,NEW,https://www.dot-st.com/disp/ranking/?dispNo=001001003&periodTp=3&ageRange=25-29
2026-06-29,20代後半,25-29,4,HARE,【接触冷感】マルチWAYシアーオフショルシャツ,9900,https://www.dot-st.com/hare/disp/item/657306/,https://pdimg.dot-st.com/images/hare/goods/itemImg65/657306/item_657306_main_09_1777000567.jpg,NEW,https://www.dot-st.com/disp/ranking/?dispNo=001001003&periodTp=3&ageRange=25-29
2026-06-29,20代後半,25-29,5,LOWRYS,FARM 【受付中】 ヨウリュウシャーリングショートフレンチスリーブ,5500,https://www.dot-st.com/lowrysfarm/disp/item/661674/,https://pdimg.dot-st.com/images/lowrysfarm/goods/itemImg66/661674/item_661674_main_82_1774431020.jpg,予約,https://www.dot-st.com/disp/ranking/?dispNo=001001003&periodTp=3&ageRange=25-29
2026-06-29,20代後半,25-29,6,28%OFF,LOWRYS FARM シャーリングチュニックフレンチスリーブ,4356,https://www.dot-st.com/lowrysfarm/disp/item/581468/,https://pdimg.dot-st.com/images/lowrysfarm/goods/itemImg58/581468/item_581468_main_08_1776892278.jpg,NEW / SALE,https://www.dot-st.com/disp/ranking/?dispNo=001001003&periodTp=3&ageRange=25-29
2026-06-29,20代後半,25-29,7,20%OFF,PAGEBOY 【】レースカイキンシャツ (半袖),5280,https://www.dot-st.com/pageboy/disp/item/492982/,https://pdimg.dot-st.com/images/pageboy/goods/itemImg49/492982/item_492982_main_89_1745384690.jpg,WEB限定,https://www.dot-st.com/disp/ranking/?dispNo=001001003&periodTp=3&ageRange=25-29
2026-06-29,20代後半,25-29,8,10%OFF,HARE 【接触冷感】ポケットミニロゴカットソー,3960,https://www.dot-st.com/hare/disp/item/639076/,https://pdimg.dot-st.com/images/hare/goods/itemImg63/639076/item_639076_main_05_1777002916.jpg,NEW,https://www.dot-st.com/disp/ranking/?dispNo=001001003&periodTp=3&ageRange=25-29
2026-06-29,20代後半,25-29,9,LOWRYS,FARM メランジニットポロカーディガン５Ｓ,5500,https://www.dot-st.com/lowrysfarm/disp/item/660506/,https://pdimg.dot-st.com/images/lowrysfarm/goods/itemImg66/660506/item_660506_main_12_1775814531.jpg,NEW,https://www.dot-st.com/disp/ranking/?dispNo=001001003&periodTp=3&ageRange=25-29
2026-06-29,20代後半,25-29,10,Ellno,Loset ジャガードレイヤードクレリックチャイナシャツ,5940,https://www.dot-st.com/ellno_loset/disp/item/878863/,https://pdimg.dot-st.com/images/ellno_loset/goods/itemImg87/878863/item_878863_main_70_1781253830.jpg,NEW,https://www.dot-st.com/disp/ranking/?dispNo=001001003&periodTp=3&ageRange=25-29
2026-06-29,30代前半,30-34,1,niko,and ... 【今夜も餃子とブギーバック2】LOVE Tシャツ,6000,https://www.dot-st.com/nikoand/disp/item/1042117/,https://pdimg.dot-st.com/images/nikoand/goods/itemImg104/1042117/item_1042117_main_12_1779358550.jpg,NEW,https://www.dot-st.com/disp/ranking/?dispNo=001001003&periodTp=3&ageRange=30-34
2026-06-29,30代前半,30-34,2,40%OFF,GLOBAL WORK リネン混ニットVネックカーディガン半袖/147722,2994,https://www.dot-st.com/globalwork/disp/item/147722/,https://pdimg.dot-st.com/images/globalwork/goods/itemImg14/147722/item_147722_main_09_1776334753.jpg,SALE,https://www.dot-st.com/disp/ranking/?dispNo=001001003&periodTp=3&ageRange=30-34
2026-06-29,30代前半,30-34,3,LOWRYS,FARM 【受付中】 ヨウリュウシャーリングショートフレンチスリーブ,5500,https://www.dot-st.com/lowrysfarm/disp/item/661674/,https://pdimg.dot-st.com/images/lowrysfarm/goods/itemImg66/661674/item_661674_main_82_1774431020.jpg,予約,https://www.dot-st.com/disp/ranking/?dispNo=001001003&periodTp=3&ageRange=30-34
2026-06-29,30代前半,30-34,4,28%OFF,LOWRYS FARM シャーリングチュニックフレンチスリーブ,4356,https://www.dot-st.com/lowrysfarm/disp/item/581468/,https://pdimg.dot-st.com/images/lowrysfarm/goods/itemImg58/581468/item_581468_main_08_1776892278.jpg,NEW / SALE,https://www.dot-st.com/disp/ranking/?dispNo=001001003&periodTp=3&ageRange=30-34
2026-06-29,30代前半,30-34,5,50%OFF,Classical Elf 遊び心くすぐる、大人のプチ配色。袖先配色リブニット(半袖)ce1050376,2499,https://www.dot-st.com/classicalelf/disp/item/650657/,https://pdimg.dot-st.com/images/classicalelf/goods/itemImg65/650657/item_650657_main_05_1774319847.jpg,,https://www.dot-st.com/disp/ranking/?dispNo=001001003&periodTp=3&ageRange=30-34
2026-06-29,30代前半,30-34,6,LOWRYS,FARM 【FRUITS ZIPPER松本かれんさん着用アイテム】ペプラムチュニックＳＳ,6050,https://www.dot-st.com/lowrysfarm/disp/item/660871/,https://pdimg.dot-st.com/images/lowrysfarm/goods/itemImg66/660871/item_660871_main_06_1782439891.jpg,NEW,https://www.dot-st.com/disp/ranking/?dispNo=001001003&periodTp=3&ageRange=30-34
2026-06-29,30代前半,30-34,7,30%OFF,GLOBAL WORK 洗えるメッシュラメ半袖＊タンクトップ/658137,3492,https://www.dot-st.com/globalwork/disp/item/658137/,https://pdimg.dot-st.com/images/globalwork/goods/itemImg65/658137/item_658137_main_08_1781775411.jpg,NEW / SALE,https://www.dot-st.com/disp/ranking/?dispNo=001001003&periodTp=3&ageRange=30-34
2026-06-29,30代前半,30-34,8,50%OFF,Classical Elf 【】《JaVa ジャバコラボ》綿100%シルケット刺繍シンプル半袖Tシャツjv1050074,1998,https://www.dot-st.com/classicalelf/disp/item/293463/,https://pdimg.dot-st.com/images/classicalelf/goods/itemImg29/293463/item_293463_main_05_1740108658.jpg,再入荷,https://www.dot-st.com/disp/ranking/?dispNo=001001003&periodTp=3&ageRange=30-34
2026-06-29,30代前半,30-34,9,GLOBAL,WORK 新色追加/サテンレースキャミ/642681,3490,https://www.dot-st.com/globalwork/disp/item/642681/,https://pdimg.dot-st.com/images/globalwork/goods/itemImg64/642681/item_642681_main_05_1774254024.jpg,,https://www.dot-st.com/disp/ranking/?dispNo=001001003&periodTp=3&ageRange=30-34
2026-06-29,30代前半,30-34,10,25%OFF,Classical Elf ラフなのに品よく見える。軽やかぽこぽこフクレジャガードトップス（半袖）ce1260557,2998,https://www.dot-st.com/classicalelf/disp/item/648357/,https://pdimg.dot-st.com/images/classicalelf/goods/itemImg64/648357/item_648357_main_05_1774235459.jpg,,https://www.dot-st.com/disp/ranking/?dispNo=001001003&periodTp=3&ageRange=30-34
2026-06-29,30代後半,35-39,1,40%OFF,GLOBAL WORK リネン混ニットVネックカーディガン半袖/147722,2994,https://www.dot-st.com/globalwork/disp/item/147722/,https://pdimg.dot-st.com/images/globalwork/goods/itemImg14/147722/item_147722_main_09_1776334753.jpg,SALE,https://www.dot-st.com/disp/ranking/?dispNo=001001003&periodTp=3&ageRange=35-39
2026-06-29,30代後半,35-39,2,30%OFF,GLOBAL WORK 洗えるメッシュラメ半袖＊タンクトップ/658137,3492,https://www.dot-st.com/globalwork/disp/item/658137/,https://pdimg.dot-st.com/images/globalwork/goods/itemImg65/658137/item_658137_main_08_1781775411.jpg,NEW / SALE,https://www.dot-st.com/disp/ranking/?dispNo=001001003&periodTp=3&ageRange=35-39
2026-06-29,30代後半,35-39,3,25%OFF,LEPSIM デニムBIGショートシャツ/SS,4910,https://www.dot-st.com/lepsim/disp/item/639529/,https://pdimg.dot-st.com/images/lepsim/goods/itemImg63/639529/item_639529_main_88_1780031460.jpg,SALE,https://www.dot-st.com/disp/ranking/?dispNo=001001003&periodTp=3&ageRange=35-39
2026-06-29,30代後半,35-39,4,niko,and ... 【今夜も餃子とブギーバック2】LOVE Tシャツ,6000,https://www.dot-st.com/nikoand/disp/item/1042117/,https://pdimg.dot-st.com/images/nikoand/goods/itemImg104/1042117/item_1042117_main_12_1779358550.jpg,NEW,https://www.dot-st.com/disp/ranking/?dispNo=001001003&periodTp=3&ageRange=35-39
2026-06-29,30代後半,35-39,5,28%OFF,LOWRYS FARM シャーリングチュニックフレンチスリーブ,4356,https://www.dot-st.com/lowrysfarm/disp/item/581468/,https://pdimg.dot-st.com/images/lowrysfarm/goods/itemImg58/581468/item_581468_main_08_1776892278.jpg,NEW / SALE,https://www.dot-st.com/disp/ranking/?dispNo=001001003&periodTp=3&ageRange=35-39
2026-06-29,30代後半,35-39,6,niko,and ... 【Lucky Fes'26】プリントＴＥＥ,4500,https://www.dot-st.com/nikoand/disp/item/840833/,https://pdimg.dot-st.com/images/nikoand/goods/itemImg84/840833/item_840833_main_06_1780568198.jpg,NEW,https://www.dot-st.com/disp/ranking/?dispNo=001001003&periodTp=3&ageRange=35-39
2026-06-29,30代後半,35-39,7,LOWRYS,FARM メランジニットポロカーディガン５Ｓ,5500,https://www.dot-st.com/lowrysfarm/disp/item/660506/,https://pdimg.dot-st.com/images/lowrysfarm/goods/itemImg66/660506/item_660506_main_12_1775814531.jpg,NEW,https://www.dot-st.com/disp/ranking/?dispNo=001001003&periodTp=3&ageRange=35-39
2026-06-29,30代後半,35-39,8,25%OFF,Classical Elf ラフなのに品よく見える。軽やかぽこぽこフクレジャガードトップス（半袖）ce1260557,2998,https://www.dot-st.com/classicalelf/disp/item/648357/,https://pdimg.dot-st.com/images/classicalelf/goods/itemImg64/648357/item_648357_main_05_1774235459.jpg,,https://www.dot-st.com/disp/ranking/?dispNo=001001003&periodTp=3&ageRange=35-39
2026-06-29,30代後半,35-39,9,40%OFF,GLOBAL WORK イージーケアリネンタックブラウス/611205,2994,https://www.dot-st.com/globalwork/disp/item/611205/,https://pdimg.dot-st.com/images/globalwork/goods/itemImg61/611205/item_611205_main_40_1775203753.jpg,SALE,https://www.dot-st.com/disp/ranking/?dispNo=001001003&periodTp=3&ageRange=35-39
2026-06-29,30代後半,35-39,10,25%OFF,LEPSIM デニムBIGシャツ/SS,4910,https://www.dot-st.com/lepsim/disp/item/639528/,https://pdimg.dot-st.com/images/lepsim/goods/itemImg63/639528/item_639528_main_84_1773395284.jpg,SALE,https://www.dot-st.com/disp/ranking/?dispNo=001001003&periodTp=3&ageRange=35-39
2026-06-30,20代後半,25-29,1,20%OFF,LOWRYS FARM シャーリングチュニックフレンチスリーブ,4840,https://www.dot-st.com/lowrysfarm/disp/item/581468/,https://pdimg.dot-st.com/images/lowrysfarm/goods/itemImg58/581468/item_581468_main_08_1776892278.jpg,NEW / SALE,https://www.dot-st.com/disp/ranking/?dispNo=001001003&periodTp=3&ageRange=25-29
2026-06-30,20代後半,25-29,2,niko,and ... 【今夜も餃子とブギーバック2】LOVE Tシャツ,6000,https://www.dot-st.com/nikoand/disp/item/1042117/,https://pdimg.dot-st.com/images/nikoand/goods/itemImg104/1042117/item_1042117_main_12_1779358550.jpg,NEW,https://www.dot-st.com/disp/ranking/?dispNo=001001003&periodTp=3&ageRange=25-29
2026-06-30,20代後半,25-29,3,Heather,ホルターネックリボンキャミ,5500,https://www.dot-st.com/heather/disp/item/1046895/,https://pdimg.dot-st.com/images/heather/goods/itemImg104/1046895/item_1046895_main_08_1780988731.jpg,NEW,https://www.dot-st.com/disp/ranking/?dispNo=001001003&periodTp=3&ageRange=25-29
2026-06-30,20代後半,25-29,4,LOWRYS,FARM 【FRUITS ZIPPER松本かれんさん着用アイテム】ペプラムチュニックＳＳ,6050,https://www.dot-st.com/lowrysfarm/disp/item/660871/,https://pdimg.dot-st.com/images/lowrysfarm/goods/itemImg66/660871/item_660871_main_06_1782439891.jpg,NEW,https://www.dot-st.com/disp/ranking/?dispNo=001001003&periodTp=3&ageRange=25-29
2026-06-30,20代後半,25-29,5,30%OFF,LOWRYS FARM ヨウリュウシャーリングショートフレンチスリーブ,3850,https://www.dot-st.com/lowrysfarm/disp/item/661674/,https://pdimg.dot-st.com/images/lowrysfarm/goods/itemImg66/661674/item_661674_main_82_1774431020.jpg,SALE,https://www.dot-st.com/disp/ranking/?dispNo=001001003&periodTp=3&ageRange=25-29
2026-06-30,20代後半,25-29,6,HARE,【新色中 SETUP対応 LADIES】アートフラワーガラシアーシャツ,11000,https://www.dot-st.com/hare/disp/item/664774/,https://pdimg.dot-st.com/images/hare/goods/itemImg66/664774/item_664774_main_38_1779940137.jpg,予約,https://www.dot-st.com/disp/ranking/?dispNo=001001003&periodTp=3&ageRange=25-29
2026-06-30,20代後半,25-29,7,5%OFF,mysty woman 【復刻】ラッセルレースアンサンブル半袖,6583,https://www.dot-st.com/mystywoman/disp/item/104216/,https://pdimg.dot-st.com/images/mystywoman/goods/itemImg10/104216/item_104216_main_72_1777539566.jpg,SALE / WEB限定,https://www.dot-st.com/disp/ranking/?dispNo=001001003&periodTp=3&ageRange=25-29
2026-06-30,20代後半,25-29,8,LOWRYS,FARM フライスチビＴＥＥ,3960,https://www.dot-st.com/lowrysfarm/disp/item/637055/,https://pdimg.dot-st.com/images/lowrysfarm/goods/itemImg63/637055/item_637055_main_58_1776131816.jpg,,https://www.dot-st.com/disp/ranking/?dispNo=001001003&periodTp=3&ageRange=25-29
2026-06-30,20代後半,25-29,9,50%OFF,LOWRYS FARM シャーリングフリルブラウス６Ｓ,3025,https://www.dot-st.com/lowrysfarm/disp/item/638501/,https://pdimg.dot-st.com/images/lowrysfarm/goods/itemImg63/638501/item_638501_main_62_1776843999.jpg,SALE,https://www.dot-st.com/disp/ranking/?dispNo=001001003&periodTp=3&ageRange=25-29
2026-06-30,20代後半,25-29,10,LOWRYS,FARM 【FRUITS ZIPPER月足天音さん着用アイテム】シアーシャツＬＳ／接触冷感・吸水速乾,5500,https://www.dot-st.com/lowrysfarm/disp/item/605853/,https://pdimg.dot-st.com/images/lowrysfarm/goods/itemImg60/605853/item_605853_main_08_1782440016.jpg,NEW,https://www.dot-st.com/disp/ranking/?dispNo=001001003&periodTp=3&ageRange=25-29
2026-06-30,30代前半,30-34,1,20%OFF,LOWRYS FARM シャーリングチュニックフレンチスリーブ,4840,https://www.dot-st.com/lowrysfarm/disp/item/581468/,https://pdimg.dot-st.com/images/lowrysfarm/goods/itemImg58/581468/item_581468_main_08_1776892278.jpg,NEW / SALE,https://www.dot-st.com/disp/ranking/?dispNo=001001003&periodTp=3&ageRange=30-34
2026-06-30,30代前半,30-34,2,40%OFF,GLOBAL WORK リネン混ニットVネックカーディガン半袖/147722,2994,https://www.dot-st.com/globalwork/disp/item/147722/,https://pdimg.dot-st.com/images/globalwork/goods/itemImg14/147722/item_147722_main_09_1776334753.jpg,SALE,https://www.dot-st.com/disp/ranking/?dispNo=001001003&periodTp=3&ageRange=30-34
2026-06-30,30代前半,30-34,3,niko,and ... 【GYOZA SLAPPY】Tシャツ,6000,https://www.dot-st.com/nikoand/disp/item/1042284/,https://pdimg.dot-st.com/images/nikoand/goods/itemImg104/1042284/item_1042284_main_11_1779358360.jpg,NEW,https://www.dot-st.com/disp/ranking/?dispNo=001001003&periodTp=3&ageRange=30-34
2026-06-30,30代前半,30-34,4,GLOBAL,WORK エアリーリラックスペプラム刺繍半袖/806465,4990,https://www.dot-st.com/globalwork/disp/item/806465/,https://pdimg.dot-st.com/images/globalwork/goods/itemImg80/806465/item_806465_main_09_1781775957.jpg,,https://www.dot-st.com/disp/ranking/?dispNo=001001003&periodTp=3&ageRange=30-34
2026-06-30,30代前半,30-34,5,Classical,Elf 【】《JaVa ジャバコラボ》綿100%シルケット刺繍シンプル半袖Tシャツjv1050074,3998,https://www.dot-st.com/classicalelf/disp/item/293463/,https://pdimg.dot-st.com/images/classicalelf/goods/itemImg29/293463/item_293463_main_05_1740108658.jpg,再入荷,https://www.dot-st.com/disp/ranking/?dispNo=001001003&periodTp=3&ageRange=30-34
2026-06-30,30代前半,30-34,6,PAGEBOY,【】レースカイキンシャツ (半袖),6600,https://www.dot-st.com/pageboy/disp/item/492982/,https://pdimg.dot-st.com/images/pageboy/goods/itemImg49/492982/item_492982_main_89_1745384690.jpg,WEB限定,https://www.dot-st.com/disp/ranking/?dispNo=001001003&periodTp=3&ageRange=30-34
2026-06-30,30代前半,30-34,7,30%OFF,LOWRYS FARM ヨウリュウシャーリングショートフレンチスリーブ,3850,https://www.dot-st.com/lowrysfarm/disp/item/661674/,https://pdimg.dot-st.com/images/lowrysfarm/goods/itemImg66/661674/item_661674_main_82_1774431020.jpg,SALE,https://www.dot-st.com/disp/ranking/?dispNo=001001003&periodTp=3&ageRange=30-34
2026-06-30,30代前半,30-34,8,niko,and ... 【Lucky Fes'26】プリントＴＥＥ,4500,https://www.dot-st.com/nikoand/disp/item/840833/,https://pdimg.dot-st.com/images/nikoand/goods/itemImg84/840833/item_840833_main_06_1780568198.jpg,NEW,https://www.dot-st.com/disp/ranking/?dispNo=001001003&periodTp=3&ageRange=30-34
2026-06-30,30代前半,30-34,9,niko,and ... 【今夜も餃子とブギーバック2】LOVE Tシャツ,6000,https://www.dot-st.com/nikoand/disp/item/1042117/,https://pdimg.dot-st.com/images/nikoand/goods/itemImg104/1042117/item_1042117_main_12_1779358550.jpg,NEW,https://www.dot-st.com/disp/ranking/?dispNo=001001003&periodTp=3&ageRange=30-34
2026-06-30,30代前半,30-34,10,LOWRYS,FARM ドッキングペプラムノースリーブ,5500,https://www.dot-st.com/lowrysfarm/disp/item/1032148/,https://pdimg.dot-st.com/images/lowrysfarm/goods/itemImg103/1032148/item_1032148_main_88_1782088525.jpg,,https://www.dot-st.com/disp/ranking/?dispNo=001001003&periodTp=3&ageRange=30-34
2026-06-30,30代後半,35-39,1,40%OFF,GLOBAL WORK リネン混ニットVネックカーディガン半袖/147722,2994,https://www.dot-st.com/globalwork/disp/item/147722/,https://pdimg.dot-st.com/images/globalwork/goods/itemImg14/147722/item_147722_main_09_1776334753.jpg,SALE,https://www.dot-st.com/disp/ranking/?dispNo=001001003&periodTp=3&ageRange=35-39
2026-06-30,30代後半,35-39,2,20%OFF,LEPSIM デニムBIGショートシャツ/SS,5280,https://www.dot-st.com/lepsim/disp/item/639529/,https://pdimg.dot-st.com/images/lepsim/goods/itemImg63/639529/item_639529_main_88_1780031460.jpg,SALE,https://www.dot-st.com/disp/ranking/?dispNo=001001003&periodTp=3&ageRange=35-39
2026-06-30,30代後半,35-39,3,20%OFF,LOWRYS FARM シャーリングチュニックフレンチスリーブ,4840,https://www.dot-st.com/lowrysfarm/disp/item/581468/,https://pdimg.dot-st.com/images/lowrysfarm/goods/itemImg58/581468/item_581468_main_08_1776892278.jpg,NEW / SALE,https://www.dot-st.com/disp/ranking/?dispNo=001001003&periodTp=3&ageRange=35-39
2026-06-30,30代後半,35-39,4,GLOBAL,WORK エアリーリラックスペプラム刺繍半袖/806465,4990,https://www.dot-st.com/globalwork/disp/item/806465/,https://pdimg.dot-st.com/images/globalwork/goods/itemImg80/806465/item_806465_main_09_1781775957.jpg,,https://www.dot-st.com/disp/ranking/?dispNo=001001003&periodTp=3&ageRange=35-39
2026-06-30,30代後半,35-39,5,30%OFF,GLOBAL WORK 洗えるメッシュラメ半袖＊タンクトップ/658137,3492,https://www.dot-st.com/globalwork/disp/item/658137/,https://pdimg.dot-st.com/images/globalwork/goods/itemImg65/658137/item_658137_main_08_1781775411.jpg,NEW / SALE,https://www.dot-st.com/disp/ranking/?dispNo=001001003&periodTp=3&ageRange=35-39
2026-06-30,30代後半,35-39,6,GLOBAL,WORK 【FRUITS ZIPPER 鎮西寿々歌さん着用】リッチクリーンプリントT半袖/636780,3490,https://www.dot-st.com/globalwork/disp/item/636780/,https://pdimg.dot-st.com/images/globalwork/goods/itemImg63/636780/item_636780_main_88_1782438635.jpg,,https://www.dot-st.com/disp/ranking/?dispNo=001001003&periodTp=3&ageRange=35-39
2026-06-30,30代後半,35-39,7,30%OFF,LOWRYS FARM ヨウリュウシャーリングショートフレンチスリーブ,3850,https://www.dot-st.com/lowrysfarm/disp/item/661674/,https://pdimg.dot-st.com/images/lowrysfarm/goods/itemImg66/661674/item_661674_main_82_1774431020.jpg,SALE,https://www.dot-st.com/disp/ranking/?dispNo=001001003&periodTp=3&ageRange=35-39
2026-06-30,30代後半,35-39,8,Classical,Elf ラフなのに品よく見える。軽やかぽこぽこフクレジャガードトップス（半袖）ce1260557,3998,https://www.dot-st.com/classicalelf/disp/item/648357/,https://pdimg.dot-st.com/images/classicalelf/goods/itemImg64/648357/item_648357_main_05_1774235459.jpg,,https://www.dot-st.com/disp/ranking/?dispNo=001001003&periodTp=3&ageRange=35-39
2026-06-30,30代後半,35-39,9,20%OFF,LEPSIM 《高橋愛さん着用アイテム》AIRデニム長袖シャツ,5280,https://www.dot-st.com/lepsim/disp/item/639492/,https://pdimg.dot-st.com/images/lepsim/goods/itemImg63/639492/item_639492_main_82_1777635881.jpg,SALE,https://www.dot-st.com/disp/ranking/?dispNo=001001003&periodTp=3&ageRange=35-39
2026-06-30,30代後半,35-39,10,40%OFF,GLOBAL WORK イージーケアリネンタックブラウス/611205,2994,https://www.dot-st.com/globalwork/disp/item/611205/,https://pdimg.dot-st.com/images/globalwork/goods/itemImg61/611205/item_611205_main_40_1775203753.jpg,SALE,https://www.dot-st.com/disp/ranking/?dispNo=001001003&periodTp=3&ageRange=35-39
2026-07-01,20代後半,25-29,1,LOWRYS,FARM 【一部カラープライスダウン】ヨウリュウシャーリングショートフレンチスリーブ,5500,https://www.dot-st.com/lowrysfarm/disp/item/661674/,https://pdimg.dot-st.com/images/lowrysfarm/goods/itemImg66/661674/item_661674_main_82_1774431020.jpg,SALE,https://www.dot-st.com/disp/ranking/?dispNo=001001003&periodTp=3&ageRange=25-29
2026-07-01,20代後半,25-29,2,niko,and ... 【今夜も餃子とブギーバック2】LOVE Tシャツ,6000,https://www.dot-st.com/nikoand/disp/item/1042117/,https://pdimg.dot-st.com/images/nikoand/goods/itemImg104/1042117/item_1042117_main_12_1779358550.jpg,NEW,https://www.dot-st.com/disp/ranking/?dispNo=001001003&periodTp=3&ageRange=25-29
2026-07-01,20代後半,25-29,3,LOWRYS,FARM ソウバリスクエアタンクトップ,3850,https://www.dot-st.com/lowrysfarm/disp/item/294378/,https://pdimg.dot-st.com/images/lowrysfarm/goods/itemImg29/294378/item_294378_main_02_1776846779.jpg,,https://www.dot-st.com/disp/ranking/?dispNo=001001003&periodTp=3&ageRange=25-29
2026-07-01,20代後半,25-29,4,JEANASIS,シアージャガードシャーリングシャツSS,7190,https://www.dot-st.com/jeanasis/disp/item/859249/,https://pdimg.dot-st.com/images/jeanasis/goods/itemImg85/859249/item_859249_main_82_1778238768.jpg,,https://www.dot-st.com/disp/ranking/?dispNo=001001003&periodTp=3&ageRange=25-29
2026-07-01,20代後半,25-29,5,20%OFF,PAGEBOY 【】レースカイキンシャツ (半袖),5280,https://www.dot-st.com/pageboy/disp/item/492982/,https://pdimg.dot-st.com/images/pageboy/goods/itemImg49/492982/item_492982_main_89_1745384690.jpg,WEB限定,https://www.dot-st.com/disp/ranking/?dispNo=001001003&periodTp=3&ageRange=25-29
2026-07-01,20代後半,25-29,6,LOWRYS,FARM 【一部カラープライスダウン】シャーリングチュニックフレンチスリーブ,6050,https://www.dot-st.com/lowrysfarm/disp/item/581468/,https://pdimg.dot-st.com/images/lowrysfarm/goods/itemImg58/581468/item_581468_main_08_1776892278.jpg,NEW / SALE,https://www.dot-st.com/disp/ranking/?dispNo=001001003&periodTp=3&ageRange=25-29
2026-07-01,20代後半,25-29,7,niko,and ... 【Lucky Fes'26】プリントＴＥＥ,4500,https://www.dot-st.com/nikoand/disp/item/840833/,https://pdimg.dot-st.com/images/nikoand/goods/itemImg84/840833/item_840833_main_06_1780568198.jpg,NEW,https://www.dot-st.com/disp/ranking/?dispNo=001001003&periodTp=3&ageRange=25-29
2026-07-01,20代後半,25-29,8,28%OFF,LOWRYS FARM レースデニムシャツ,5032,https://www.dot-st.com/lowrysfarm/disp/item/684917/,https://pdimg.dot-st.com/images/lowrysfarm/goods/itemImg68/684917/item_684917_main_82_1776826746.jpg,SALE,https://www.dot-st.com/disp/ranking/?dispNo=001001003&periodTp=3&ageRange=25-29
2026-07-01,20代後半,25-29,9,LOWRYS,FARM メランジニットポロカーディガン５Ｓ,5500,https://www.dot-st.com/lowrysfarm/disp/item/660506/,https://pdimg.dot-st.com/images/lowrysfarm/goods/itemImg66/660506/item_660506_main_12_1775814531.jpg,NEW,https://www.dot-st.com/disp/ranking/?dispNo=001001003&periodTp=3&ageRange=25-29
2026-07-01,20代後半,25-29,10,GLOBAL,WORK UVプロテクトフードシャツ/646416,3990,https://www.dot-st.com/globalwork/disp/item/646416/,https://pdimg.dot-st.com/images/globalwork/goods/itemImg64/646416/item_646416_main_05_1772535514.jpg,,https://www.dot-st.com/disp/ranking/?dispNo=001001003&periodTp=3&ageRange=25-29
2026-07-01,30代前半,30-34,1,LOWRYS,FARM 【一部カラープライスダウン】ヨウリュウシャーリングショートフレンチスリーブ,5500,https://www.dot-st.com/lowrysfarm/disp/item/661674/,https://pdimg.dot-st.com/images/lowrysfarm/goods/itemImg66/661674/item_661674_main_82_1774431020.jpg,SALE,https://www.dot-st.com/disp/ranking/?dispNo=001001003&periodTp=3&ageRange=30-34
2026-07-01,30代前半,30-34,2,niko,and ... 【今夜も餃子とブギーバック2】LOVE Tシャツ,6000,https://www.dot-st.com/nikoand/disp/item/1042117/,https://pdimg.dot-st.com/images/nikoand/goods/itemImg104/1042117/item_1042117_main_12_1779358550.jpg,NEW,https://www.dot-st.com/disp/ranking/?dispNo=001001003&periodTp=3&ageRange=30-34
2026-07-01,30代前半,30-34,3,LOWRYS,FARM 【一部カラープライスダウン】シャーリングチュニックフレンチスリーブ,6050,https://www.dot-st.com/lowrysfarm/disp/item/581468/,https://pdimg.dot-st.com/images/lowrysfarm/goods/itemImg58/581468/item_581468_main_08_1776892278.jpg,NEW / SALE,https://www.dot-st.com/disp/ranking/?dispNo=001001003&periodTp=3&ageRange=30-34
2026-07-01,30代前半,30-34,4,10%OFF,JEANASIS 【期間限定価格】2WAYソウバリタンク,3960,https://www.dot-st.com/jeanasis/disp/item/650681/,https://pdimg.dot-st.com/images/jeanasis/goods/itemImg65/650681/item_650681_main_92_1777549153.jpg,SALE,https://www.dot-st.com/disp/ranking/?dispNo=001001003&periodTp=3&ageRange=30-34
2026-07-01,30代前半,30-34,5,HARE,【完売カラー/新色開始！】スパンコールレースパーカー,16940,https://www.dot-st.com/hare/disp/item/670665/,https://pdimg.dot-st.com/images/hare/goods/itemImg67/670665/item_670665_main_05_1775098521.jpg,予約,https://www.dot-st.com/disp/ranking/?dispNo=001001003&periodTp=3&ageRange=30-34
2026-07-01,30代前半,30-34,6,HARE,【完売カラー/新色受付中！】イソザイレイヤーフリルキャミソール,9900,https://www.dot-st.com/hare/disp/item/759478/,https://pdimg.dot-st.com/images/hare/goods/itemImg75/759478/item_759478_main_08_1777373001.jpg,再入荷 / 予約,https://www.dot-st.com/disp/ranking/?dispNo=001001003&periodTp=3&ageRange=30-34
2026-07-01,30代前半,30-34,7,27%OFF,HARE 【LADIES】レースキリカエBIGTシャツ,6486,https://www.dot-st.com/hare/disp/item/663760/,https://pdimg.dot-st.com/images/hare/goods/itemImg66/663760/item_663760_main_08_1778582968.jpg,SALE,https://www.dot-st.com/disp/ranking/?dispNo=001001003&periodTp=3&ageRange=30-34
2026-07-01,30代前半,30-34,8,25%OFF,LEPSIM デニムBIGショートシャツ/SS,4910,https://www.dot-st.com/lepsim/disp/item/639529/,https://pdimg.dot-st.com/images/lepsim/goods/itemImg63/639529/item_639529_main_88_1780031460.jpg,SALE,https://www.dot-st.com/disp/ranking/?dispNo=001001003&periodTp=3&ageRange=30-34
2026-07-01,30代前半,30-34,9,28%OFF,LOWRYS FARM レイヤードヘンリーSS,3168,https://www.dot-st.com/lowrysfarm/disp/item/638392/,https://pdimg.dot-st.com/images/lowrysfarm/goods/itemImg63/638392/item_638392_main_09_1778487359.jpg,NEW / SALE,https://www.dot-st.com/disp/ranking/?dispNo=001001003&periodTp=3&ageRange=30-34
2026-07-01,30代前半,30-34,10,40%OFF,GLOBAL WORK リネン混ニットVネックカーディガン半袖/147722,2994,https://www.dot-st.com/globalwork/disp/item/147722/,https://pdimg.dot-st.com/images/globalwork/goods/itemImg14/147722/item_147722_main_09_1776334753.jpg,SALE,https://www.dot-st.com/disp/ranking/?dispNo=001001003&periodTp=3&ageRange=30-34
2026-07-01,30代後半,35-39,1,40%OFF,GLOBAL WORK リネン混ニットVネックカーディガン半袖/147722,2994,https://www.dot-st.com/globalwork/disp/item/147722/,https://pdimg.dot-st.com/images/globalwork/goods/itemImg14/147722/item_147722_main_09_1776334753.jpg,SALE,https://www.dot-st.com/disp/ranking/?dispNo=001001003&periodTp=3&ageRange=35-39
2026-07-01,30代後半,35-39,2,LOWRYS,FARM 【一部カラープライスダウン】ヨウリュウシャーリングショートフレンチスリーブ,5500,https://www.dot-st.com/lowrysfarm/disp/item/661674/,https://pdimg.dot-st.com/images/lowrysfarm/goods/itemImg66/661674/item_661674_main_82_1774431020.jpg,SALE,https://www.dot-st.com/disp/ranking/?dispNo=001001003&periodTp=3&ageRange=35-39
2026-07-01,30代後半,35-39,3,niko,and ... 【Lucky Fes'26】プリントＴＥＥ,4500,https://www.dot-st.com/nikoand/disp/item/840833/,https://pdimg.dot-st.com/images/nikoand/goods/itemImg84/840833/item_840833_main_06_1780568198.jpg,NEW,https://www.dot-st.com/disp/ranking/?dispNo=001001003&periodTp=3&ageRange=35-39
2026-07-01,30代後半,35-39,4,30%OFF,Chaos モンスールプルオーバー,30030,https://www.dot-st.com/chaos/disp/item/684856/,https://pdimg.dot-st.com/images/chaos/goods/itemImg68/684856/item_684856_main_08_1775099913.jpg,SALE / 再入荷,https://www.dot-st.com/disp/ranking/?dispNo=001001003&periodTp=3&ageRange=35-39
2026-07-01,30代後半,35-39,5,GLOBAL,WORK 【FRUITS ZIPPER 鎮西寿々歌さん着用】リッチクリーンプリントT半袖/636780,3490,https://www.dot-st.com/globalwork/disp/item/636780/,https://pdimg.dot-st.com/images/globalwork/goods/itemImg63/636780/item_636780_main_88_1782438635.jpg,,https://www.dot-st.com/disp/ranking/?dispNo=001001003&periodTp=3&ageRange=35-39
2026-07-01,30代後半,35-39,6,20%OFF,JEANASIS 【FRUITS ZIPPER仲川瑠夏さん着用】brightフォトコラージュボートネックプリントT,3991,https://www.dot-st.com/jeanasis/disp/item/668750/,https://pdimg.dot-st.com/images/jeanasis/goods/itemImg66/668750/item_668750_main_18_1780048208.jpg,SALE,https://www.dot-st.com/disp/ranking/?dispNo=001001003&periodTp=3&ageRange=35-39
2026-07-01,30代後半,35-39,7,LOWRYS,FARM 【一部カラープライスダウン】シャーリングチュニックフレンチスリーブ,6050,https://www.dot-st.com/lowrysfarm/disp/item/581468/,https://pdimg.dot-st.com/images/lowrysfarm/goods/itemImg58/581468/item_581468_main_08_1776892278.jpg,NEW / SALE,https://www.dot-st.com/disp/ranking/?dispNo=001001003&periodTp=3&ageRange=35-39
2026-07-01,30代後半,35-39,8,25%OFF,LEPSIM デニムBIGショートシャツ/SS,4910,https://www.dot-st.com/lepsim/disp/item/639529/,https://pdimg.dot-st.com/images/lepsim/goods/itemImg63/639529/item_639529_main_88_1780031460.jpg,SALE,https://www.dot-st.com/disp/ranking/?dispNo=001001003&periodTp=3&ageRange=35-39
2026-07-01,30代後半,35-39,9,40%OFF,Chaos カーラブランブラウス,43560,https://www.dot-st.com/chaos/disp/item/672571/,https://pdimg.dot-st.com/images/chaos/goods/itemImg67/672571/item_672571_main_02_1775098197.jpg,SALE,https://www.dot-st.com/disp/ranking/?dispNo=001001003&periodTp=3&ageRange=35-39
2026-07-01,30代後半,35-39,10,niko,and ... 【今夜も餃子とブギーバック2】LOVE Tシャツ,6000,https://www.dot-st.com/nikoand/disp/item/1042117/,https://pdimg.dot-st.com/images/nikoand/goods/itemImg104/1042117/item_1042117_main_12_1779358550.jpg,NEW,https://www.dot-st.com/disp/ranking/?dispNo=001001003&periodTp=3&ageRange=35-39
2026-07-02,20代後半,25-29,1,LOWRYS,FARM 【一部カラープライスダウン】ヨウリュウシャーリングショートフレンチスリーブ,5500,https://www.dot-st.com/lowrysfarm/disp/item/661674/,https://pdimg.dot-st.com/images/lowrysfarm/goods/itemImg66/661674/item_661674_main_10_1781774961.jpg,SALE,https://www.dot-st.com/disp/ranking/?dispNo=001001003&periodTp=3&ageRange=25-29
2026-07-02,20代後半,25-29,2,LOWRYS,FARM 【一部カラープライスダウン】シャーリングチュニックフレンチスリーブ,6050,https://www.dot-st.com/lowrysfarm/disp/item/581468/,https://pdimg.dot-st.com/images/lowrysfarm/goods/itemImg58/581468/item_581468_main_08_1776892278.jpg,NEW / SALE,https://www.dot-st.com/disp/ranking/?dispNo=001001003&periodTp=3&ageRange=25-29
2026-07-02,20代後半,25-29,3,LOWRYS,FARM メランジニットポロカーディガン５Ｓ,5500,https://www.dot-st.com/lowrysfarm/disp/item/660506/,https://pdimg.dot-st.com/images/lowrysfarm/goods/itemImg66/660506/item_660506_main_12_1775814531.jpg,NEW,https://www.dot-st.com/disp/ranking/?dispNo=001001003&periodTp=3&ageRange=25-29
2026-07-02,20代後半,25-29,4,LOWRYS,FARM 【FRUITS ZIPPER松本かれんさん着用アイテム】ペプラムチュニックＳＳ,6050,https://www.dot-st.com/lowrysfarm/disp/item/660871/,https://pdimg.dot-st.com/images/lowrysfarm/goods/itemImg66/660871/item_660871_main_06_1782439891.jpg,NEW,https://www.dot-st.com/disp/ranking/?dispNo=001001003&periodTp=3&ageRange=25-29
2026-07-02,20代後半,25-29,5,HARE,ストリングリブタンクトップ,3300,https://www.dot-st.com/hare/disp/item/636796/,https://pdimg.dot-st.com/images/hare/goods/itemImg63/636796/item_636796_main_09_1772767891.jpg,,https://www.dot-st.com/disp/ranking/?dispNo=001001003&periodTp=3&ageRange=25-29
2026-07-02,20代後半,25-29,6,27%OFF,PAGEBOY 【PBLIM】マーガレットフラワーT,3990,https://www.dot-st.com/pageboy/disp/item/669937/,https://pdimg.dot-st.com/images/pageboy/goods/itemImg66/669937/item_669937_main_05_1781171056.jpg,SALE,https://www.dot-st.com/disp/ranking/?dispNo=001001003&periodTp=3&ageRange=25-29
2026-07-02,20代後半,25-29,7,PAGEBOY,【】スカシリーフニットボレロ,6990,https://www.dot-st.com/pageboy/disp/item/414159/,https://pdimg.dot-st.com/images/pageboy/goods/itemImg41/414159/item_414159_main_09_1780305257.jpg,再入荷,https://www.dot-st.com/disp/ranking/?dispNo=001001003&periodTp=3&ageRange=25-29
2026-07-02,20代後半,25-29,8,20%OFF,PAGEBOY 【】レースカイキンシャツ (半袖),5280,https://www.dot-st.com/pageboy/disp/item/492982/,https://pdimg.dot-st.com/images/pageboy/goods/itemImg49/492982/item_492982_main_89_1745384690.jpg,WEB限定,https://www.dot-st.com/disp/ranking/?dispNo=001001003&periodTp=3&ageRange=25-29
2026-07-02,20代後半,25-29,9,37%OFF,LOWRYS FARM ドットレースチュールキャミ,2772,https://www.dot-st.com/lowrysfarm/disp/item/684976/,https://pdimg.dot-st.com/images/lowrysfarm/goods/itemImg68/684976/item_684976_main_05_1777185122.jpg,SALE,https://www.dot-st.com/disp/ranking/?dispNo=001001003&periodTp=3&ageRange=25-29
2026-07-02,20代後半,25-29,10,HARE,【SET UP対応 接触冷感/LADIES】トロミシシュウシャツ,8910,https://www.dot-st.com/hare/disp/item/646516/,https://pdimg.dot-st.com/images/hare/goods/itemImg64/646516/item_646516_main_09_1777002473.jpg,,https://www.dot-st.com/disp/ranking/?dispNo=001001003&periodTp=3&ageRange=25-29
2026-07-02,30代前半,30-34,1,LOWRYS,FARM 【一部カラープライスダウン】ヨウリュウシャーリングショートフレンチスリーブ,5500,https://www.dot-st.com/lowrysfarm/disp/item/661674/,https://pdimg.dot-st.com/images/lowrysfarm/goods/itemImg66/661674/item_661674_main_10_1781774961.jpg,SALE,https://www.dot-st.com/disp/ranking/?dispNo=001001003&periodTp=3&ageRange=30-34
2026-07-02,30代前半,30-34,2,LOWRYS,FARM 【一部カラープライスダウン】シャーリングチュニックフレンチスリーブ,6050,https://www.dot-st.com/lowrysfarm/disp/item/581468/,https://pdimg.dot-st.com/images/lowrysfarm/goods/itemImg58/581468/item_581468_main_08_1776892278.jpg,NEW / SALE,https://www.dot-st.com/disp/ranking/?dispNo=001001003&periodTp=3&ageRange=30-34
2026-07-02,30代前半,30-34,3,HARE,【新色中 SETUP対応 LADIES】アートフラワーガラシアーシャツ,11000,https://www.dot-st.com/hare/disp/item/664774/,https://pdimg.dot-st.com/images/hare/goods/itemImg66/664774/item_664774_main_38_1779940137.jpg,予約,https://www.dot-st.com/disp/ranking/?dispNo=001001003&periodTp=3&ageRange=30-34
2026-07-02,30代前半,30-34,4,LOWRYS,FARM 【FRUITS ZIPPER松本かれんさん着用アイテム】ペプラムチュニックＳＳ,6050,https://www.dot-st.com/lowrysfarm/disp/item/660871/,https://pdimg.dot-st.com/images/lowrysfarm/goods/itemImg66/660871/item_660871_main_06_1782439891.jpg,NEW,https://www.dot-st.com/disp/ranking/?dispNo=001001003&periodTp=3&ageRange=30-34
2026-07-02,30代前半,30-34,5,niko,and ... 【今夜も餃子とブギーバック2】LOVE Tシャツ,6000,https://www.dot-st.com/nikoand/disp/item/1042117/,https://pdimg.dot-st.com/images/nikoand/goods/itemImg104/1042117/item_1042117_main_12_1779358550.jpg,NEW,https://www.dot-st.com/disp/ranking/?dispNo=001001003&periodTp=3&ageRange=30-34
2026-07-02,30代前半,30-34,6,niko,and ... クラフトムードフレアクロシェ,5500,https://www.dot-st.com/nikoand/disp/item/636747/,https://pdimg.dot-st.com/images/nikoand/goods/itemImg63/636747/item_636747_main_19_1780368770.jpg,再入荷,https://www.dot-st.com/disp/ranking/?dispNo=001001003&periodTp=3&ageRange=30-34
2026-07-02,30代前半,30-34,7,GLOBAL,WORK 【FRUITS ZIPPER 鎮西寿々歌さん着用】リッチクリーンプリントT半袖/636780,3490,https://www.dot-st.com/globalwork/disp/item/636780/,https://pdimg.dot-st.com/images/globalwork/goods/itemImg63/636780/item_636780_main_88_1782438635.jpg,,https://www.dot-st.com/disp/ranking/?dispNo=001001003&periodTp=3&ageRange=30-34
2026-07-02,30代前半,30-34,8,niko,and ... 【6/25 Misayoさん紹介】ハイカロリーラグランTシャツ【新色】,4000,https://www.dot-st.com/nikoand/disp/item/654215/,https://pdimg.dot-st.com/images/nikoand/goods/itemImg65/654215/item_654215_main_81_1781836741.jpg,予約,https://www.dot-st.com/disp/ranking/?dispNo=001001003&periodTp=3&ageRange=30-34
2026-07-02,30代前半,30-34,9,LOWRYS,FARM ドッキングペプラムノースリーブ,5500,https://www.dot-st.com/lowrysfarm/disp/item/1032148/,https://pdimg.dot-st.com/images/lowrysfarm/goods/itemImg103/1032148/item_1032148_main_88_1782872452.jpg,NEW,https://www.dot-st.com/disp/ranking/?dispNo=001001003&periodTp=3&ageRange=30-34
2026-07-02,30代前半,30-34,10,40%OFF,GLOBAL WORK リネン混ニットVネックカーディガン半袖/147722,2994,https://www.dot-st.com/globalwork/disp/item/147722/,https://pdimg.dot-st.com/images/globalwork/goods/itemImg14/147722/item_147722_main_09_1776334753.jpg,SALE,https://www.dot-st.com/disp/ranking/?dispNo=001001003&periodTp=3&ageRange=30-34
2026-07-02,30代後半,35-39,1,LOWRYS,FARM 【一部カラープライスダウン】ヨウリュウシャーリングショートフレンチスリーブ,5500,https://www.dot-st.com/lowrysfarm/disp/item/661674/,https://pdimg.dot-st.com/images/lowrysfarm/goods/itemImg66/661674/item_661674_main_10_1781774961.jpg,SALE,https://www.dot-st.com/disp/ranking/?dispNo=001001003&periodTp=3&ageRange=35-39
2026-07-02,30代後半,35-39,2,40%OFF,GLOBAL WORK リネン混ニットVネックカーディガン半袖/147722,2994,https://www.dot-st.com/globalwork/disp/item/147722/,https://pdimg.dot-st.com/images/globalwork/goods/itemImg14/147722/item_147722_main_09_1776334753.jpg,SALE,https://www.dot-st.com/disp/ranking/?dispNo=001001003&periodTp=3&ageRange=35-39
2026-07-02,30代後半,35-39,3,25%OFF,LEPSIM デニムBIGショートシャツ/SS,4910,https://www.dot-st.com/lepsim/disp/item/639529/,https://pdimg.dot-st.com/images/lepsim/goods/itemImg63/639529/item_639529_main_88_1780031460.jpg,SALE,https://www.dot-st.com/disp/ranking/?dispNo=001001003&periodTp=3&ageRange=35-39
2026-07-02,30代後半,35-39,4,44%OFF,niko and ... リヨセルリネンスキッパーブラウス,2799,https://www.dot-st.com/nikoand/disp/item/656816/,https://pdimg.dot-st.com/images/nikoand/goods/itemImg65/656816/item_656816_main_11_1777342350.jpg,SALE,https://www.dot-st.com/disp/ranking/?dispNo=001001003&periodTp=3&ageRange=35-39
2026-07-02,30代後半,35-39,5,GLOBAL,WORK エアリーリラックスペプラム刺繍半袖/806465,4990,https://www.dot-st.com/globalwork/disp/item/806465/,https://pdimg.dot-st.com/images/globalwork/goods/itemImg80/806465/item_806465_main_09_1782958404.jpg,NEW,https://www.dot-st.com/disp/ranking/?dispNo=001001003&periodTp=3&ageRange=35-39
2026-07-02,30代後半,35-39,6,52%OFF,Elura ≪UVカット≫サマープロテクトガウンカーディガン,3696,https://www.dot-st.com/elura/disp/item/659657/,https://pdimg.dot-st.com/images/elura/goods/itemImg65/659657/item_659657_main_09_1777601067.jpg,SALE,https://www.dot-st.com/disp/ranking/?dispNo=001001003&periodTp=3&ageRange=35-39
2026-07-02,30代後半,35-39,7,LOWRYS,FARM 【一部カラープライスダウン】シャーリングチュニックフレンチスリーブ,6050,https://www.dot-st.com/lowrysfarm/disp/item/581468/,https://pdimg.dot-st.com/images/lowrysfarm/goods/itemImg58/581468/item_581468_main_08_1776892278.jpg,NEW / SALE,https://www.dot-st.com/disp/ranking/?dispNo=001001003&periodTp=3&ageRange=35-39
2026-07-02,30代後半,35-39,8,niko,and ... 裾レースプリントアソートTシャツ,4500,https://www.dot-st.com/nikoand/disp/item/881209/,https://pdimg.dot-st.com/images/nikoand/goods/itemImg88/881209/item_881209_main_18_1780371298.jpg,,https://www.dot-st.com/disp/ranking/?dispNo=001001003&periodTp=3&ageRange=35-39
2026-07-02,30代後半,35-39,9,30%OFF,Classical Elf ラフなのに品よく見える。軽やかぽこぽこフクレジャガードトップス（半袖）ce1260557,2798,https://www.dot-st.com/classicalelf/disp/item/648357/,https://pdimg.dot-st.com/images/classicalelf/goods/itemImg64/648357/item_648357_main_05_1774235459.jpg,,https://www.dot-st.com/disp/ranking/?dispNo=001001003&periodTp=3&ageRange=35-39
2026-07-02,30代後半,35-39,10,25%OFF,LEPSIM サラキレポンチョチュニックSS,4092,https://www.dot-st.com/lepsim/disp/item/290265/,https://pdimg.dot-st.com/images/lepsim/goods/itemImg29/290265/item_290265_main_75_1775533839.jpg,SALE,https://www.dot-st.com/disp/ranking/?dispNo=001001003&periodTp=3&ageRange=35-39
2026-07-03,20代後半,25-29,1,LOWRYS,FARM 【一部カラープライスダウン】ヨウリュウシャーリングショートフレンチスリーブ,5500,https://www.dot-st.com/lowrysfarm/disp/item/661674/,https://pdimg.dot-st.com/images/lowrysfarm/goods/itemImg66/661674/item_661674_main_10_1781774961.jpg,SALE,https://www.dot-st.com/disp/ranking/?dispNo=001001003&periodTp=3&ageRange=25-29
2026-07-03,20代後半,25-29,2,LOWRYS,FARM 【WEB】シャーリングブラウスフレンチスリーブ,6600,https://www.dot-st.com/lowrysfarm/disp/item/1046442/,https://pdimg.dot-st.com/images/lowrysfarm/goods/itemImg104/1046442/item_1046442_main_52_1781769038.jpg,予約,https://www.dot-st.com/disp/ranking/?dispNo=001001003&periodTp=3&ageRange=25-29
2026-07-03,20代後半,25-29,3,27%OFF,HARE ギャザーシアーシャツ,6486,https://www.dot-st.com/hare/disp/item/646528/,https://pdimg.dot-st.com/images/hare/goods/itemImg64/646528/item_646528_main_85_1773915860.jpg,SALE,https://www.dot-st.com/disp/ranking/?dispNo=001001003&periodTp=3&ageRange=25-29
2026-07-03,20代後半,25-29,4,10%OFF,JEANASIS 【期間限定価格】2WAYソウバリタンク,3960,https://www.dot-st.com/jeanasis/disp/item/650681/,https://pdimg.dot-st.com/images/jeanasis/goods/itemImg65/650681/item_650681_main_09_1770350223.jpg,SALE,https://www.dot-st.com/disp/ranking/?dispNo=001001003&periodTp=3&ageRange=25-29
2026-07-03,20代後半,25-29,5,niko,and ... 【Disney HANNAH MONTANA / ハンナ・モンタナ】Tシャツ,5500,https://www.dot-st.com/nikoand/disp/item/742055/,https://pdimg.dot-st.com/images/nikoand/goods/itemImg74/742055/item_742055_main_11_1779423061.jpg,NEW,https://www.dot-st.com/disp/ranking/?dispNo=001001003&periodTp=3&ageRange=25-29
2026-07-03,20代後半,25-29,6,LOWRYS,FARM 【FRUITS ZIPPER松本かれんさん着用アイテム】ペプラムチュニックＳＳ,6050,https://www.dot-st.com/lowrysfarm/disp/item/660871/,https://pdimg.dot-st.com/images/lowrysfarm/goods/itemImg66/660871/item_660871_main_06_1782439891.jpg,NEW,https://www.dot-st.com/disp/ranking/?dispNo=001001003&periodTp=3&ageRange=25-29
2026-07-03,20代後半,25-29,7,LOWRYS,FARM 【接触冷感・UVカット】ＩＣＥＷＥニットＶＣＤ,5500,https://www.dot-st.com/lowrysfarm/disp/item/747847/,https://pdimg.dot-st.com/images/lowrysfarm/goods/itemImg74/747847/item_747847_main_09_1778660012.jpg,NEW,https://www.dot-st.com/disp/ranking/?dispNo=001001003&periodTp=3&ageRange=25-29
2026-07-03,20代後半,25-29,8,niko,and ... 【THE SIMPSONS / シンプソンズ】アソートTシャツ,5500,https://www.dot-st.com/nikoand/disp/item/742041/,https://pdimg.dot-st.com/images/nikoand/goods/itemImg74/742041/item_742041_main_40_1779431596.jpg,NEW,https://www.dot-st.com/disp/ranking/?dispNo=001001003&periodTp=3&ageRange=25-29
2026-07-03,20代後半,25-29,9,LOWRYS,FARM ソウバリスクエアタンクトップ,3850,https://www.dot-st.com/lowrysfarm/disp/item/294378/,https://pdimg.dot-st.com/images/lowrysfarm/goods/itemImg29/294378/item_294378_main_02_1776846779.jpg,,https://www.dot-st.com/disp/ranking/?dispNo=001001003&periodTp=3&ageRange=25-29
2026-07-03,20代後半,25-29,10,HARE,ドッキングレースシアーTシャツ,5940,https://www.dot-st.com/hare/disp/item/708175/,https://pdimg.dot-st.com/images/hare/goods/itemImg70/708175/item_708175_main_08_1776331091.jpg,,https://www.dot-st.com/disp/ranking/?dispNo=001001003&periodTp=3&ageRange=25-29
2026-07-03,30代前半,30-34,1,LOWRYS,FARM 【一部カラープライスダウン】ヨウリュウシャーリングショートフレンチスリーブ,5500,https://www.dot-st.com/lowrysfarm/disp/item/661674/,https://pdimg.dot-st.com/images/lowrysfarm/goods/itemImg66/661674/item_661674_main_10_1781774961.jpg,SALE,https://www.dot-st.com/disp/ranking/?dispNo=001001003&periodTp=3&ageRange=30-34
2026-07-03,30代前半,30-34,2,40%OFF,GLOBAL WORK リネン混ニットVネックカーディガン半袖/147722,2994,https://www.dot-st.com/globalwork/disp/item/147722/,https://pdimg.dot-st.com/images/globalwork/goods/itemImg14/147722/item_147722_main_09_1776334753.jpg,SALE,https://www.dot-st.com/disp/ranking/?dispNo=001001003&periodTp=3&ageRange=30-34
2026-07-03,30代前半,30-34,3,LOWRYS,FARM 【一部カラープライスダウン】シャーリングチュニックフレンチスリーブ,6050,https://www.dot-st.com/lowrysfarm/disp/item/581468/,https://pdimg.dot-st.com/images/lowrysfarm/goods/itemImg58/581468/item_581468_main_08_1776892278.jpg,NEW / SALE,https://www.dot-st.com/disp/ranking/?dispNo=001001003&periodTp=3&ageRange=30-34
2026-07-03,30代前半,30-34,4,GLOBAL,WORK エアリーリラックスペプラム刺繍半袖/806465,4990,https://www.dot-st.com/globalwork/disp/item/806465/,https://pdimg.dot-st.com/images/globalwork/goods/itemImg80/806465/item_806465_main_09_1782958404.jpg,NEW,https://www.dot-st.com/disp/ranking/?dispNo=001001003&periodTp=3&ageRange=30-34
2026-07-03,30代前半,30-34,5,niko,and ... 【Disney HANNAH MONTANA / ハンナ・モンタナ】Tシャツ,5500,https://www.dot-st.com/nikoand/disp/item/742055/,https://pdimg.dot-st.com/images/nikoand/goods/itemImg74/742055/item_742055_main_11_1779423061.jpg,NEW,https://www.dot-st.com/disp/ranking/?dispNo=001001003&periodTp=3&ageRange=30-34
2026-07-03,30代前半,30-34,6,LOWRYS,FARM 【FRUITS ZIPPER松本かれんさん着用アイテム】ペプラムチュニックＳＳ,6050,https://www.dot-st.com/lowrysfarm/disp/item/660871/,https://pdimg.dot-st.com/images/lowrysfarm/goods/itemImg66/660871/item_660871_main_06_1782439891.jpg,NEW,https://www.dot-st.com/disp/ranking/?dispNo=001001003&periodTp=3&ageRange=30-34
2026-07-03,30代前半,30-34,7,20%OFF,PAGEBOY 【】レースカイキンシャツ (半袖),5280,https://www.dot-st.com/pageboy/disp/item/492982/,https://pdimg.dot-st.com/images/pageboy/goods/itemImg49/492982/item_492982_main_89_1745384690.jpg,WEB限定,https://www.dot-st.com/disp/ranking/?dispNo=001001003&periodTp=3&ageRange=30-34
2026-07-03,30代前半,30-34,8,50%OFF,Classical Elf 【】《JaVa ジャバコラボ》綿100%シルケット刺繍シンプル半袖Tシャツjv1050074,1998,https://www.dot-st.com/classicalelf/disp/item/293463/,https://pdimg.dot-st.com/images/classicalelf/goods/itemImg29/293463/item_293463_main_05_1740108658.jpg,再入荷,https://www.dot-st.com/disp/ranking/?dispNo=001001003&periodTp=3&ageRange=30-34
2026-07-03,30代前半,30-34,9,PAGEBOY,【一部追加】レースジャガード2WAYブラウスショートスリーブ,6600,https://www.dot-st.com/pageboy/disp/item/798431/,https://pdimg.dot-st.com/images/pageboy/goods/itemImg79/798431/item_798431_main_15_1780050166.jpg,予約,https://www.dot-st.com/disp/ranking/?dispNo=001001003&periodTp=3&ageRange=30-34
2026-07-03,30代前半,30-34,10,LOWRYS,FARM ドッキングペプラムノースリーブ,5500,https://www.dot-st.com/lowrysfarm/disp/item/1032148/,https://pdimg.dot-st.com/images/lowrysfarm/goods/itemImg103/1032148/item_1032148_main_88_1782872452.jpg,NEW,https://www.dot-st.com/disp/ranking/?dispNo=001001003&periodTp=3&ageRange=30-34
2026-07-03,30代後半,35-39,1,40%OFF,GLOBAL WORK リネン混ニットVネックカーディガン半袖/147722,2994,https://www.dot-st.com/globalwork/disp/item/147722/,https://pdimg.dot-st.com/images/globalwork/goods/itemImg14/147722/item_147722_main_09_1776334753.jpg,SALE,https://www.dot-st.com/disp/ranking/?dispNo=001001003&periodTp=3&ageRange=35-39
2026-07-03,30代後半,35-39,2,LOWRYS,FARM 【一部カラープライスダウン】ヨウリュウシャーリングショートフレンチスリーブ,5500,https://www.dot-st.com/lowrysfarm/disp/item/661674/,https://pdimg.dot-st.com/images/lowrysfarm/goods/itemImg66/661674/item_661674_main_10_1781774961.jpg,SALE,https://www.dot-st.com/disp/ranking/?dispNo=001001003&periodTp=3&ageRange=35-39
2026-07-03,30代後半,35-39,3,44%OFF,niko and ... リヨセルリネンスキッパーブラウス,2799,https://www.dot-st.com/nikoand/disp/item/656816/,https://pdimg.dot-st.com/images/nikoand/goods/itemImg65/656816/item_656816_main_11_1777342350.jpg,SALE,https://www.dot-st.com/disp/ranking/?dispNo=001001003&periodTp=3&ageRange=35-39
2026-07-03,30代後半,35-39,4,30%OFF,GLOBAL WORK 洗えるメッシュラメ半袖＊タンクトップ/658137,3492,https://www.dot-st.com/globalwork/disp/item/658137/,https://pdimg.dot-st.com/images/globalwork/goods/itemImg65/658137/item_658137_main_08_1781775411.jpg,SALE,https://www.dot-st.com/disp/ranking/?dispNo=001001003&periodTp=3&ageRange=35-39
2026-07-03,30代後半,35-39,5,LOWRYS,FARM メランジニットポロカーディガン５Ｓ,5500,https://www.dot-st.com/lowrysfarm/disp/item/660506/,https://pdimg.dot-st.com/images/lowrysfarm/goods/itemImg66/660506/item_660506_main_12_1775814531.jpg,NEW,https://www.dot-st.com/disp/ranking/?dispNo=001001003&periodTp=3&ageRange=35-39
2026-07-03,30代後半,35-39,6,GLOBAL,WORK エアリーリラックスペプラム刺繍半袖/806465,4990,https://www.dot-st.com/globalwork/disp/item/806465/,https://pdimg.dot-st.com/images/globalwork/goods/itemImg80/806465/item_806465_main_09_1782958404.jpg,NEW,https://www.dot-st.com/disp/ranking/?dispNo=001001003&periodTp=3&ageRange=35-39
2026-07-03,30代後半,35-39,7,LOWRYS,FARM 【一部カラープライスダウン】シャーリングチュニックフレンチスリーブ,6050,https://www.dot-st.com/lowrysfarm/disp/item/581468/,https://pdimg.dot-st.com/images/lowrysfarm/goods/itemImg58/581468/item_581468_main_08_1776892278.jpg,NEW / SALE,https://www.dot-st.com/disp/ranking/?dispNo=001001003&periodTp=3&ageRange=35-39
2026-07-03,30代後半,35-39,8,GLOBAL,WORK 【FRUITS ZIPPER 鎮西寿々歌さん着用】リッチクリーンプリントT半袖/636780,3490,https://www.dot-st.com/globalwork/disp/item/636780/,https://pdimg.dot-st.com/images/globalwork/goods/itemImg63/636780/item_636780_main_88_1782438635.jpg,,https://www.dot-st.com/disp/ranking/?dispNo=001001003&periodTp=3&ageRange=35-39
2026-07-03,30代後半,35-39,9,niko,and ... 【FISHS EDDY(フィッシュエディ)】ポケットTシャツ【UNISEX】,5500,https://www.dot-st.com/nikoand/disp/item/1046910/,https://pdimg.dot-st.com/images/nikoand/goods/itemImg104/1046910/item_1046910_main_12_1782262326.jpg,NEW,https://www.dot-st.com/disp/ranking/?dispNo=001001003&periodTp=3&ageRange=35-39
2026-07-03,30代後半,35-39,10,20%OFF,LEPSIM 2WAYレースキャミT,3991,https://www.dot-st.com/lepsim/disp/item/816421/,https://pdimg.dot-st.com/images/lepsim/goods/itemImg81/816421/item_816421_main_18_1780030552.jpg,,https://www.dot-st.com/disp/ranking/?dispNo=001001003&periodTp=3&ageRange=35-39
2026-07-04,20代後半,25-29,1,GLOBAL,WORK 7/3(金)開始【mojojojo】パイルZIPパーカー/911098,5990,https://www.dot-st.com/globalwork/disp/item/911098/,https://pdimg.dot-st.com/images/globalwork/goods/itemImg91/911098/item_911098_main_65_1782451705.jpg,NEW / 予約,https://www.dot-st.com/disp/ranking/?dispNo=001001003&periodTp=3&ageRange=25-29
2026-07-04,20代後半,25-29,2,LOWRYS,FARM 【一部カラープライスダウン】ヨウリュウシャーリングショートフレンチスリーブ,5500,https://www.dot-st.com/lowrysfarm/disp/item/661674/,https://pdimg.dot-st.com/images/lowrysfarm/goods/itemImg66/661674/item_661674_main_10_1781774961.jpg,SALE,https://www.dot-st.com/disp/ranking/?dispNo=001001003&periodTp=3&ageRange=25-29
2026-07-04,20代後半,25-29,3,15%OFF,mysty woman 【復刻】ラッセルレースアンサンブル半袖,5890,https://www.dot-st.com/mystywoman/disp/item/104216/,https://pdimg.dot-st.com/images/mystywoman/goods/itemImg10/104216/item_104216_main_72_1777539566.jpg,SALE / WEB限定,https://www.dot-st.com/disp/ranking/?dispNo=001001003&periodTp=3&ageRange=25-29
2026-07-04,20代後半,25-29,4,niko,and ... 【Lucky Fes'26】プリントＴＥＥ,4500,https://www.dot-st.com/nikoand/disp/item/840833/,https://pdimg.dot-st.com/images/nikoand/goods/itemImg84/840833/item_840833_main_06_1780568198.jpg,NEW,https://www.dot-st.com/disp/ranking/?dispNo=001001003&periodTp=3&ageRange=25-29
2026-07-04,20代後半,25-29,5,LOWRYS,FARM 【接触冷感・UVカット】ＩＣＥＷＥニットＶＣＤ,5500,https://www.dot-st.com/lowrysfarm/disp/item/747847/,https://pdimg.dot-st.com/images/lowrysfarm/goods/itemImg74/747847/item_747847_main_09_1778660012.jpg,NEW,https://www.dot-st.com/disp/ranking/?dispNo=001001003&periodTp=3&ageRange=25-29
2026-07-04,20代後半,25-29,6,LOWRYS,FARM メランジニットポロカーディガン５Ｓ,5500,https://www.dot-st.com/lowrysfarm/disp/item/660506/,https://pdimg.dot-st.com/images/lowrysfarm/goods/itemImg66/660506/item_660506_main_12_1775814531.jpg,NEW,https://www.dot-st.com/disp/ranking/?dispNo=001001003&periodTp=3&ageRange=25-29
2026-07-04,20代後半,25-29,7,27%OFF,PAGEBOY 【PBLIM】マーガレットフラワーT,3990,https://www.dot-st.com/pageboy/disp/item/669937/,https://pdimg.dot-st.com/images/pageboy/goods/itemImg66/669937/item_669937_main_05_1781171056.jpg,SALE,https://www.dot-st.com/disp/ranking/?dispNo=001001003&periodTp=3&ageRange=25-29
2026-07-04,20代後半,25-29,8,LOWRYS,FARM 【LFM(U)】CREWNECKBDTSS/P,4990,https://www.dot-st.com/lowrysfarm/disp/item/668384/,https://pdimg.dot-st.com/images/lowrysfarm/goods/itemImg66/668384/item_668384_main_82_1780300597.jpg,NEW,https://www.dot-st.com/disp/ranking/?dispNo=001001003&periodTp=3&ageRange=25-29
2026-07-04,20代後半,25-29,9,LOWRYS,FARM 【一部カラープライスダウン】シャーリングチュニックフレンチスリーブ,6050,https://www.dot-st.com/lowrysfarm/disp/item/581468/,https://pdimg.dot-st.com/images/lowrysfarm/goods/itemImg58/581468/item_581468_main_08_1776892278.jpg,NEW / SALE,https://www.dot-st.com/disp/ranking/?dispNo=001001003&periodTp=3&ageRange=25-29
2026-07-04,20代後半,25-29,10,HARE,【一部カラーSET UP対応】カナグナロー＊ボレロシャツ,8910,https://www.dot-st.com/hare/disp/item/1043956/,https://pdimg.dot-st.com/images/hare/goods/itemImg104/1043956/item_1043956_main_82_1782457540.jpg,NEW,https://www.dot-st.com/disp/ranking/?dispNo=001001003&periodTp=3&ageRange=25-29
2026-07-04,30代前半,30-34,1,GLOBAL,WORK 7/3(金)開始【mojojojo】パイルZIPパーカー/911098,5990,https://www.dot-st.com/globalwork/disp/item/911098/,https://pdimg.dot-st.com/images/globalwork/goods/itemImg91/911098/item_911098_main_65_1782451705.jpg,NEW / 予約,https://www.dot-st.com/disp/ranking/?dispNo=001001003&periodTp=3&ageRange=30-34
2026-07-04,30代前半,30-34,2,LOWRYS,FARM 【一部カラープライスダウン】ヨウリュウシャーリングショートフレンチスリーブ,5500,https://www.dot-st.com/lowrysfarm/disp/item/661674/,https://pdimg.dot-st.com/images/lowrysfarm/goods/itemImg66/661674/item_661674_main_10_1781774961.jpg,SALE,https://www.dot-st.com/disp/ranking/?dispNo=001001003&periodTp=3&ageRange=30-34
2026-07-04,30代前半,30-34,3,LOWRYS,FARM 【一部カラープライスダウン】シャーリングチュニックフレンチスリーブ,6050,https://www.dot-st.com/lowrysfarm/disp/item/581468/,https://pdimg.dot-st.com/images/lowrysfarm/goods/itemImg58/581468/item_581468_main_08_1776892278.jpg,NEW / SALE,https://www.dot-st.com/disp/ranking/?dispNo=001001003&periodTp=3&ageRange=30-34
2026-07-04,30代前半,30-34,4,50%OFF,Classical Elf 【】《JaVa ジャバコラボ》綿100%シルケット刺繍シンプル半袖Tシャツjv1050074,1998,https://www.dot-st.com/classicalelf/disp/item/293463/,https://pdimg.dot-st.com/images/classicalelf/goods/itemImg29/293463/item_293463_main_05_1740108658.jpg,再入荷,https://www.dot-st.com/disp/ranking/?dispNo=001001003&periodTp=3&ageRange=30-34
2026-07-04,30代前半,30-34,5,LOWRYS,FARM 【接触冷感・UVカット】ＩＣＥＷＥニットＶＣＤ,5500,https://www.dot-st.com/lowrysfarm/disp/item/747847/,https://pdimg.dot-st.com/images/lowrysfarm/goods/itemImg74/747847/item_747847_main_09_1778660012.jpg,NEW,https://www.dot-st.com/disp/ranking/?dispNo=001001003&periodTp=3&ageRange=30-34
2026-07-04,30代前半,30-34,6,HARE,【新色中 SETUP対応 LADIES】アートフラワーガラシアーシャツ,11000,https://www.dot-st.com/hare/disp/item/664774/,https://pdimg.dot-st.com/images/hare/goods/itemImg66/664774/item_664774_main_38_1779940137.jpg,予約,https://www.dot-st.com/disp/ranking/?dispNo=001001003&periodTp=3&ageRange=30-34
2026-07-04,30代前半,30-34,7,HARE,【接触冷感】フラワーアートバックプリントカット,6930,https://www.dot-st.com/hare/disp/item/680063/,https://pdimg.dot-st.com/images/hare/goods/itemImg68/680063/item_680063_main_05_1776405828.jpg,NEW,https://www.dot-st.com/disp/ranking/?dispNo=001001003&periodTp=3&ageRange=30-34
2026-07-04,30代前半,30-34,8,20%OFF,JEANASIS brightフォトコラージュボートネックプリントT,3991,https://www.dot-st.com/jeanasis/disp/item/668750/,https://pdimg.dot-st.com/images/jeanasis/goods/itemImg66/668750/item_668750_main_18_1780048208.jpg,SALE,https://www.dot-st.com/disp/ranking/?dispNo=001001003&periodTp=3&ageRange=30-34
2026-07-04,30代前半,30-34,9,HARE,【一部カラーSET UP対応】カナグナロー＊ボレロシャツ,8910,https://www.dot-st.com/hare/disp/item/1043956/,https://pdimg.dot-st.com/images/hare/goods/itemImg104/1043956/item_1043956_main_82_1782457540.jpg,NEW,https://www.dot-st.com/disp/ranking/?dispNo=001001003&periodTp=3&ageRange=30-34
2026-07-04,30代前半,30-34,10,LOWRYS,FARM ヨウリュウシシュウノースリーブ,6990,https://www.dot-st.com/lowrysfarm/disp/item/867766/,https://pdimg.dot-st.com/images/lowrysfarm/goods/itemImg86/867766/item_867766_main_05_1779790204.jpg,NEW,https://www.dot-st.com/disp/ranking/?dispNo=001001003&periodTp=3&ageRange=30-34
2026-07-04,30代後半,35-39,1,GLOBAL,WORK 7/3(金)開始【mojojojo】パイルZIPパーカー/911098,5990,https://www.dot-st.com/globalwork/disp/item/911098/,https://pdimg.dot-st.com/images/globalwork/goods/itemImg91/911098/item_911098_main_65_1782451705.jpg,NEW / 予約,https://www.dot-st.com/disp/ranking/?dispNo=001001003&periodTp=3&ageRange=35-39
2026-07-04,30代後半,35-39,2,JEANASIS,【】アソートチェックシャツLS,7920,https://www.dot-st.com/jeanasis/disp/item/1054891/,https://pdimg.dot-st.com/images/jeanasis/goods/itemImg105/1054891/item_1054891_main_87_1782699286.jpg,予約,https://www.dot-st.com/disp/ranking/?dispNo=001001003&periodTp=3&ageRange=35-39
2026-07-04,30代後半,35-39,3,37%OFF,BARNYARDSTORM 金ボタンベストSETUP【一部店舗限定 / サイズ】PETIT&TALL,12474,https://www.dot-st.com/barnyardstorm/disp/item/660502/,https://pdimg.dot-st.com/images/barnyardstorm/goods/itemImg66/660502/item_660502_main_50_1776513929.jpg,SALE / WEB限定,https://www.dot-st.com/disp/ranking/?dispNo=001001003&periodTp=3&ageRange=35-39
2026-07-04,30代後半,35-39,4,44%OFF,niko and ... リヨセルリネンスキッパーブラウス,2799,https://www.dot-st.com/nikoand/disp/item/656816/,https://pdimg.dot-st.com/images/nikoand/goods/itemImg65/656816/item_656816_main_11_1777342350.jpg,SALE,https://www.dot-st.com/disp/ranking/?dispNo=001001003&periodTp=3&ageRange=35-39
2026-07-04,30代後半,35-39,5,25%OFF,LEPSIM デニムBIGショートシャツ/SS,4910,https://www.dot-st.com/lepsim/disp/item/639529/,https://pdimg.dot-st.com/images/lepsim/goods/itemImg63/639529/item_639529_main_88_1780031460.jpg,SALE,https://www.dot-st.com/disp/ranking/?dispNo=001001003&periodTp=3&ageRange=35-39
2026-07-04,30代後半,35-39,6,GLOBAL,WORK エアリーリラックスペプラム刺繍半袖/806465,4990,https://www.dot-st.com/globalwork/disp/item/806465/,https://pdimg.dot-st.com/images/globalwork/goods/itemImg80/806465/item_806465_main_09_1782958404.jpg,NEW,https://www.dot-st.com/disp/ranking/?dispNo=001001003&periodTp=3&ageRange=35-39
2026-07-04,30代後半,35-39,7,50%OFF,Classical Elf 【】オーガニックコットン100%らくがき風刺繍 無地＆ボーダー柄半袖Tシャツce1260396,1998,https://www.dot-st.com/classicalelf/disp/item/321879/,https://pdimg.dot-st.com/images/classicalelf/goods/itemImg32/321879/item_321879_main_02_1743398532.jpg,再入荷,https://www.dot-st.com/disp/ranking/?dispNo=001001003&periodTp=3&ageRange=35-39
2026-07-04,30代後半,35-39,8,niko,and ... [be with MABU] カワモトスリットチュニック【再追加】,7000,https://www.dot-st.com/nikoand/disp/item/670628/,https://pdimg.dot-st.com/images/nikoand/goods/itemImg67/670628/item_670628_main_11_1780630201.jpg,予約,https://www.dot-st.com/disp/ranking/?dispNo=001001003&periodTp=3&ageRange=35-39
2026-07-04,30代後半,35-39,9,GLOBAL,WORK 【FRUITS ZIPPER 鎮西寿々歌さん着用】サラサラDRYスクエアタンク/636753,1980,https://www.dot-st.com/globalwork/disp/item/636753/,https://pdimg.dot-st.com/images/globalwork/goods/itemImg63/636753/item_636753_main_05_1782436061.jpg,,https://www.dot-st.com/disp/ranking/?dispNo=001001003&periodTp=3&ageRange=35-39
2026-07-04,30代後半,35-39,10,niko,and ... 裾レースプリントアソートTシャツ【一部カラー】,4500,https://www.dot-st.com/nikoand/disp/item/881209/,https://pdimg.dot-st.com/images/nikoand/goods/itemImg88/881209/item_881209_main_18_1780371298.jpg,予約,https://www.dot-st.com/disp/ranking/?dispNo=001001003&periodTp=3&ageRange=35-39
2026-07-05,20代後半,25-29,1,LOWRYS,FARM 【一部カラープライスダウン】ヨウリュウシャーリングショートフレンチスリーブ,5500,https://www.dot-st.com/lowrysfarm/disp/item/661674/,https://pdimg.dot-st.com/images/lowrysfarm/goods/itemImg66/661674/item_661674_main_10_1781774961.jpg,SALE,https://www.dot-st.com/disp/ranking/?dispNo=001001003&periodTp=3&ageRange=25-29
2026-07-05,20代後半,25-29,2,LOWRYS,FARM 【FRUITS ZIPPER松本かれんさん着用アイテム】ペプラムチュニックＳＳ,6050,https://www.dot-st.com/lowrysfarm/disp/item/660871/,https://pdimg.dot-st.com/images/lowrysfarm/goods/itemImg66/660871/item_660871_main_06_1782439891.jpg,NEW,https://www.dot-st.com/disp/ranking/?dispNo=001001003&periodTp=3&ageRange=25-29
2026-07-05,20代後半,25-29,3,HARE,【新色中 SETUP対応 LADIES】アートフラワーガラシアーシャツ,11000,https://www.dot-st.com/hare/disp/item/664774/,https://pdimg.dot-st.com/images/hare/goods/itemImg66/664774/item_664774_main_38_1779940137.jpg,予約,https://www.dot-st.com/disp/ranking/?dispNo=001001003&periodTp=3&ageRange=25-29
2026-07-05,20代後半,25-29,4,PAGEBOY,【】スカシリーフニットボレロ,6990,https://www.dot-st.com/pageboy/disp/item/414159/,https://pdimg.dot-st.com/images/pageboy/goods/itemImg41/414159/item_414159_main_09_1780305257.jpg,再入荷,https://www.dot-st.com/disp/ranking/?dispNo=001001003&periodTp=3&ageRange=25-29
2026-07-05,20代後半,25-29,5,LOWRYS,FARM 【一部カラープライスダウン】シャーリングチュニックフレンチスリーブ,6050,https://www.dot-st.com/lowrysfarm/disp/item/581468/,https://pdimg.dot-st.com/images/lowrysfarm/goods/itemImg58/581468/item_581468_main_08_1776892278.jpg,NEW / SALE,https://www.dot-st.com/disp/ranking/?dispNo=001001003&periodTp=3&ageRange=25-29
2026-07-05,20代後半,25-29,6,20%OFF,PAGEBOY 【】レースカイキンシャツ (半袖),5280,https://www.dot-st.com/pageboy/disp/item/492982/,https://pdimg.dot-st.com/images/pageboy/goods/itemImg49/492982/item_492982_main_89_1745384690.jpg,WEB限定,https://www.dot-st.com/disp/ranking/?dispNo=001001003&periodTp=3&ageRange=25-29
2026-07-05,20代後半,25-29,7,HARE,【完売カラー/新色受付中！】イソザイレイヤーフリルキャミソール,9900,https://www.dot-st.com/hare/disp/item/759478/,https://pdimg.dot-st.com/images/hare/goods/itemImg75/759478/item_759478_main_08_1777373001.jpg,再入荷 / 予約,https://www.dot-st.com/disp/ranking/?dispNo=001001003&periodTp=3&ageRange=25-29
2026-07-05,20代後半,25-29,8,10%OFF,PAGEBOY 【】レースバンドカラーシャツ,3960,https://www.dot-st.com/pageboy/disp/item/192466/,https://pdimg.dot-st.com/images/pageboy/goods/itemImg19/192466/item_192466_main_76_1745381653.jpg,WEB限定,https://www.dot-st.com/disp/ranking/?dispNo=001001003&periodTp=3&ageRange=25-29
2026-07-05,20代後半,25-29,9,HARE,【LADIES】ドッキングレースシアートップス,6930,https://www.dot-st.com/hare/disp/item/647652/,https://pdimg.dot-st.com/images/hare/goods/itemImg64/647652/item_647652_main_08_1768988010.jpg,再入荷,https://www.dot-st.com/disp/ranking/?dispNo=001001003&periodTp=3&ageRange=25-29
2026-07-05,20代後半,25-29,10,10%OFF,PAGEBOY 【選べる着丈】カップ付きFITキャミソール,2690,https://www.dot-st.com/pageboy/disp/item/320001/,https://pdimg.dot-st.com/images/pageboy/goods/itemImg32/320001/item_320001_main_09_1781942559.jpg,,https://www.dot-st.com/disp/ranking/?dispNo=001001003&periodTp=3&ageRange=25-29
2026-07-05,30代前半,30-34,1,LOWRYS,FARM 【一部カラープライスダウン】ヨウリュウシャーリングショートフレンチスリーブ,5500,https://www.dot-st.com/lowrysfarm/disp/item/661674/,https://pdimg.dot-st.com/images/lowrysfarm/goods/itemImg66/661674/item_661674_main_10_1781774961.jpg,SALE,https://www.dot-st.com/disp/ranking/?dispNo=001001003&periodTp=3&ageRange=30-34
2026-07-05,30代前半,30-34,2,20%OFF,PAGEBOY 【】レースカイキンシャツ (半袖),5280,https://www.dot-st.com/pageboy/disp/item/492982/,https://pdimg.dot-st.com/images/pageboy/goods/itemImg49/492982/item_492982_main_89_1745384690.jpg,WEB限定,https://www.dot-st.com/disp/ranking/?dispNo=001001003&periodTp=3&ageRange=30-34
2026-07-05,30代前半,30-34,3,LOWRYS,FARM 【一部カラープライスダウン】シャーリングチュニックフレンチスリーブ,6050,https://www.dot-st.com/lowrysfarm/disp/item/581468/,https://pdimg.dot-st.com/images/lowrysfarm/goods/itemImg58/581468/item_581468_main_08_1776892278.jpg,NEW / SALE,https://www.dot-st.com/disp/ranking/?dispNo=001001003&periodTp=3&ageRange=30-34
2026-07-05,30代前半,30-34,4,20%OFF,BARNYARDSTORM ポプリンWシルエットシャツ【カラー / サイズ】,11880,https://www.dot-st.com/barnyardstorm/disp/item/621780/,https://pdimg.dot-st.com/images/barnyardstorm/goods/itemImg62/621780/item_621780_main_50_1782265252.jpg,SALE / WEB限定,https://www.dot-st.com/disp/ranking/?dispNo=001001003&periodTp=3&ageRange=30-34
2026-07-05,30代前半,30-34,5,20%OFF,LOWRYS FARM フライスチビＴＥＥ,3168,https://www.dot-st.com/lowrysfarm/disp/item/637055/,https://pdimg.dot-st.com/images/lowrysfarm/goods/itemImg63/637055/item_637055_main_58_1776131816.jpg,,https://www.dot-st.com/disp/ranking/?dispNo=001001003&periodTp=3&ageRange=30-34
2026-07-05,30代前半,30-34,6,HARE,【新色中 SETUP対応 LADIES】アートフラワーガラシアーシャツ,11000,https://www.dot-st.com/hare/disp/item/664774/,https://pdimg.dot-st.com/images/hare/goods/itemImg66/664774/item_664774_main_38_1779940137.jpg,予約,https://www.dot-st.com/disp/ranking/?dispNo=001001003&periodTp=3&ageRange=30-34
2026-07-05,30代前半,30-34,7,30%OFF,Classical Elf ラフなのに品よく見える。軽やかぽこぽこフクレジャガードトップス（半袖）ce1260557,2798,https://www.dot-st.com/classicalelf/disp/item/648357/,https://pdimg.dot-st.com/images/classicalelf/goods/itemImg64/648357/item_648357_main_05_1774235459.jpg,,https://www.dot-st.com/disp/ranking/?dispNo=001001003&periodTp=3&ageRange=30-34
2026-07-05,30代前半,30-34,8,niko,and ... 【吸水速乾】DRYクシュイージーシャツ,5000,https://www.dot-st.com/nikoand/disp/item/645857/,https://pdimg.dot-st.com/images/nikoand/goods/itemImg64/645857/item_645857_main_17_1773711501.jpg,再入荷,https://www.dot-st.com/disp/ranking/?dispNo=001001003&periodTp=3&ageRange=30-34
2026-07-05,30代前半,30-34,9,LOWRYS,FARM 【FRUITS ZIPPER松本かれんさん着用アイテム】ペプラムチュニックＳＳ,6050,https://www.dot-st.com/lowrysfarm/disp/item/660871/,https://pdimg.dot-st.com/images/lowrysfarm/goods/itemImg66/660871/item_660871_main_06_1782439891.jpg,NEW,https://www.dot-st.com/disp/ranking/?dispNo=001001003&periodTp=3&ageRange=30-34
2026-07-05,30代前半,30-34,10,GLOBAL,WORK 【FRUITS ZIPPER 鎮西寿々歌さん着用】リッチクリーンプリントT半袖/636780,3490,https://www.dot-st.com/globalwork/disp/item/636780/,https://pdimg.dot-st.com/images/globalwork/goods/itemImg63/636780/item_636780_main_88_1782438635.jpg,,https://www.dot-st.com/disp/ranking/?dispNo=001001003&periodTp=3&ageRange=30-34
2026-07-05,30代後半,35-39,1,LOWRYS,FARM 【一部カラープライスダウン】ヨウリュウシャーリングショートフレンチスリーブ,5500,https://www.dot-st.com/lowrysfarm/disp/item/661674/,https://pdimg.dot-st.com/images/lowrysfarm/goods/itemImg66/661674/item_661674_main_10_1781774961.jpg,SALE,https://www.dot-st.com/disp/ranking/?dispNo=001001003&periodTp=3&ageRange=35-39
2026-07-05,30代後半,35-39,2,GLOBAL,WORK エアリーリラックスペプラム刺繍半袖/806465,4990,https://www.dot-st.com/globalwork/disp/item/806465/,https://pdimg.dot-st.com/images/globalwork/goods/itemImg80/806465/item_806465_main_09_1782958404.jpg,NEW,https://www.dot-st.com/disp/ranking/?dispNo=001001003&periodTp=3&ageRange=35-39
2026-07-05,30代後半,35-39,3,GLOBAL,WORK UVプロテクトフードシャツ/646416,3990,https://www.dot-st.com/globalwork/disp/item/646416/,https://pdimg.dot-st.com/images/globalwork/goods/itemImg64/646416/item_646416_main_05_1772535514.jpg,,https://www.dot-st.com/disp/ranking/?dispNo=001001003&periodTp=3&ageRange=35-39
2026-07-05,30代後半,35-39,4,50%OFF,Classical Elf 【】オーガニックコットン100%らくがき風刺繍 無地＆ボーダー柄半袖Tシャツce1260396,1998,https://www.dot-st.com/classicalelf/disp/item/321879/,https://pdimg.dot-st.com/images/classicalelf/goods/itemImg32/321879/item_321879_main_02_1743398532.jpg,再入荷,https://www.dot-st.com/disp/ranking/?dispNo=001001003&periodTp=3&ageRange=35-39
2026-07-05,30代後半,35-39,5,30%OFF,Classical Elf ラフなのに品よく見える。軽やかぽこぽこフクレジャガードトップス（半袖）ce1260557,2798,https://www.dot-st.com/classicalelf/disp/item/648357/,https://pdimg.dot-st.com/images/classicalelf/goods/itemImg64/648357/item_648357_main_05_1774235459.jpg,,https://www.dot-st.com/disp/ranking/?dispNo=001001003&periodTp=3&ageRange=35-39
2026-07-05,30代後半,35-39,6,44%OFF,niko and ... リヨセルリネンスキッパーブラウス,2799,https://www.dot-st.com/nikoand/disp/item/656816/,https://pdimg.dot-st.com/images/nikoand/goods/itemImg65/656816/item_656816_main_11_1777342350.jpg,SALE,https://www.dot-st.com/disp/ranking/?dispNo=001001003&periodTp=3&ageRange=35-39
2026-07-05,30代後半,35-39,7,GLOBAL,WORK 【FRUITS ZIPPER 鎮西寿々歌さん着用】リッチクリーンプリントT半袖/636780,3490,https://www.dot-st.com/globalwork/disp/item/636780/,https://pdimg.dot-st.com/images/globalwork/goods/itemImg63/636780/item_636780_main_88_1782438635.jpg,,https://www.dot-st.com/disp/ranking/?dispNo=001001003&periodTp=3&ageRange=35-39
2026-07-05,30代後半,35-39,8,LOWRYS,FARM 【一部カラープライスダウン】シャーリングチュニックフレンチスリーブ,6050,https://www.dot-st.com/lowrysfarm/disp/item/581468/,https://pdimg.dot-st.com/images/lowrysfarm/goods/itemImg58/581468/item_581468_main_08_1776892278.jpg,NEW / SALE,https://www.dot-st.com/disp/ranking/?dispNo=001001003&periodTp=3&ageRange=35-39
2026-07-05,30代後半,35-39,9,GLOBAL,WORK 新色追加/サテンレースキャミ/642681,3490,https://www.dot-st.com/globalwork/disp/item/642681/,https://pdimg.dot-st.com/images/globalwork/goods/itemImg64/642681/item_642681_main_53_1782959032.jpg,,https://www.dot-st.com/disp/ranking/?dispNo=001001003&periodTp=3&ageRange=35-39
2026-07-05,30代後半,35-39,10,GLOBAL,WORK 【FRUITS ZIPPER 鎮西寿々歌さん着用】サラサラDRYスクエアタンク/636753,1980,https://www.dot-st.com/globalwork/disp/item/636753/,https://pdimg.dot-st.com/images/globalwork/goods/itemImg63/636753/item_636753_main_05_1782436061.jpg,,https://www.dot-st.com/disp/ranking/?dispNo=001001003&periodTp=3&ageRange=35-39
2026-07-06,20代後半,25-29,1,LOWRYS,FARM 【一部カラープライスダウン】ヨウリュウシャーリングショートフレンチスリーブ,5500,https://www.dot-st.com/lowrysfarm/disp/item/661674/,https://pdimg.dot-st.com/images/lowrysfarm/goods/itemImg66/661674/item_661674_main_10_1781774961.jpg,SALE,https://www.dot-st.com/disp/ranking/?dispNo=001001003&periodTp=3&ageRange=25-29
2026-07-06,20代後半,25-29,2,LOWRYS,FARM 【一部カラープライスダウン】シャーリングチュニックフレンチスリーブ,6050,https://www.dot-st.com/lowrysfarm/disp/item/581468/,https://pdimg.dot-st.com/images/lowrysfarm/goods/itemImg58/581468/item_581468_main_08_1776892278.jpg,SALE,https://www.dot-st.com/disp/ranking/?dispNo=001001003&periodTp=3&ageRange=25-29
2026-07-06,20代後半,25-29,3,20%OFF,PAGEBOY 【】レースカイキンシャツ (半袖),5280,https://www.dot-st.com/pageboy/disp/item/492982/,https://pdimg.dot-st.com/images/pageboy/goods/itemImg49/492982/item_492982_main_89_1745384690.jpg,WEB限定,https://www.dot-st.com/disp/ranking/?dispNo=001001003&periodTp=3&ageRange=25-29
2026-07-06,20代後半,25-29,4,PAGEBOY,【WEB】ランドスケープシャギーカーディガン,6990,https://www.dot-st.com/pageboy/disp/item/599708/,https://pdimg.dot-st.com/images/pageboy/goods/itemImg59/599708/item_599708_main_01_1782202266.jpg,予約,https://www.dot-st.com/disp/ranking/?dispNo=001001003&periodTp=3&ageRange=25-29
2026-07-06,20代後半,25-29,5,LOWRYS,FARM ソウバリスクエアタンクトップ,3850,https://www.dot-st.com/lowrysfarm/disp/item/294378/,https://pdimg.dot-st.com/images/lowrysfarm/goods/itemImg29/294378/item_294378_main_02_1776846779.jpg,,https://www.dot-st.com/disp/ranking/?dispNo=001001003&periodTp=3&ageRange=25-29
2026-07-06,20代後半,25-29,6,15%OFF,mysty woman 【復刻】ラッセルレースアンサンブル半袖,5890,https://www.dot-st.com/mystywoman/disp/item/104216/,https://pdimg.dot-st.com/images/mystywoman/goods/itemImg10/104216/item_104216_main_09_1777539562.jpg,SALE / WEB限定,https://www.dot-st.com/disp/ranking/?dispNo=001001003&periodTp=3&ageRange=25-29
2026-07-06,20代後半,25-29,7,HARE,【一部カラーSET UP対応】カナグナロー＊ボレロシャツ,8910,https://www.dot-st.com/hare/disp/item/1043956/,https://pdimg.dot-st.com/images/hare/goods/itemImg104/1043956/item_1043956_main_82_1782457540.jpg,NEW,https://www.dot-st.com/disp/ranking/?dispNo=001001003&periodTp=3&ageRange=25-29
2026-07-06,20代後半,25-29,8,50%OFF,Classical Elf 肌見せしすぎず、ほんのり色っぽ。透かし編みメロウトップスカットソー（半袖）ce1010464,1998,https://www.dot-st.com/classicalelf/disp/item/493557/,https://pdimg.dot-st.com/images/classicalelf/goods/itemImg49/493557/item_493557_main_05_1750820513.jpg,,https://www.dot-st.com/disp/ranking/?dispNo=001001003&periodTp=3&ageRange=25-29
2026-07-06,20代後半,25-29,9,20%OFF,LOWRYS FARM フライスチビＴＥＥ,3168,https://www.dot-st.com/lowrysfarm/disp/item/637055/,https://pdimg.dot-st.com/images/lowrysfarm/goods/itemImg63/637055/item_637055_main_58_1776131816.jpg,,https://www.dot-st.com/disp/ranking/?dispNo=001001003&periodTp=3&ageRange=25-29
2026-07-06,20代後半,25-29,10,37%OFF,LOWRYS FARM ドットレースチュールキャミ,2772,https://www.dot-st.com/lowrysfarm/disp/item/684976/,https://pdimg.dot-st.com/images/lowrysfarm/goods/itemImg68/684976/item_684976_main_05_1777185122.jpg,SALE,https://www.dot-st.com/disp/ranking/?dispNo=001001003&periodTp=3&ageRange=25-29
2026-07-06,30代前半,30-34,1,LOWRYS,FARM 【一部カラープライスダウン】ヨウリュウシャーリングショートフレンチスリーブ,5500,https://www.dot-st.com/lowrysfarm/disp/item/661674/,https://pdimg.dot-st.com/images/lowrysfarm/goods/itemImg66/661674/item_661674_main_10_1781774961.jpg,SALE,https://www.dot-st.com/disp/ranking/?dispNo=001001003&periodTp=3&ageRange=30-34
2026-07-06,30代前半,30-34,2,LOWRYS,FARM 【一部カラープライスダウン】シャーリングチュニックフレンチスリーブ,6050,https://www.dot-st.com/lowrysfarm/disp/item/581468/,https://pdimg.dot-st.com/images/lowrysfarm/goods/itemImg58/581468/item_581468_main_08_1776892278.jpg,SALE,https://www.dot-st.com/disp/ranking/?dispNo=001001003&periodTp=3&ageRange=30-34
2026-07-06,30代前半,30-34,3,LOWRYS,FARM 【FRUITS ZIPPER松本かれんさん着用アイテム】ペプラムチュニックＳＳ,6050,https://www.dot-st.com/lowrysfarm/disp/item/660871/,https://pdimg.dot-st.com/images/lowrysfarm/goods/itemImg66/660871/item_660871_main_06_1782439891.jpg,NEW,https://www.dot-st.com/disp/ranking/?dispNo=001001003&periodTp=3&ageRange=30-34
2026-07-06,30代前半,30-34,4,HARE,【接触冷感】マルチWAYシアーオフショルシャツ,9900,https://www.dot-st.com/hare/disp/item/657306/,https://pdimg.dot-st.com/images/hare/goods/itemImg65/657306/item_657306_main_09_1777000567.jpg,,https://www.dot-st.com/disp/ranking/?dispNo=001001003&periodTp=3&ageRange=30-34
2026-07-06,30代前半,30-34,5,44%OFF,niko and ... クラフト刺繍開襟シャツ,3919,https://www.dot-st.com/nikoand/disp/item/662053/,https://pdimg.dot-st.com/images/nikoand/goods/itemImg66/662053/item_662053_main_11_1780362887.jpg,SALE,https://www.dot-st.com/disp/ranking/?dispNo=001001003&periodTp=3&ageRange=30-34
2026-07-06,30代前半,30-34,6,GLOBAL,WORK 【FRUITS ZIPPER 鎮西寿々歌さん着用】リッチクリーンプリントT半袖/636780,3490,https://www.dot-st.com/globalwork/disp/item/636780/,https://pdimg.dot-st.com/images/globalwork/goods/itemImg63/636780/item_636780_main_88_1782438635.jpg,,https://www.dot-st.com/disp/ranking/?dispNo=001001003&periodTp=3&ageRange=30-34
2026-07-06,30代前半,30-34,7,29%OFF,Classical Elf ひらっと心が躍る。オーバーサイズランダムタックシアーカーディガンce1260606,3499,https://www.dot-st.com/classicalelf/disp/item/654856/,https://pdimg.dot-st.com/images/classicalelf/goods/itemImg65/654856/item_654856_main_13_1774244452.jpg,,https://www.dot-st.com/disp/ranking/?dispNo=001001003&periodTp=3&ageRange=30-34
2026-07-06,30代前半,30-34,8,15%OFF,mysty woman 【復刻】ラッセルレースアンサンブル半袖,5890,https://www.dot-st.com/mystywoman/disp/item/104216/,https://pdimg.dot-st.com/images/mystywoman/goods/itemImg10/104216/item_104216_main_09_1777539562.jpg,SALE / WEB限定,https://www.dot-st.com/disp/ranking/?dispNo=001001003&periodTp=3&ageRange=30-34
2026-07-06,30代前半,30-34,9,LEPSIM,シャーリングピコブラウスチュニック,6600,https://www.dot-st.com/lepsim/disp/item/1043527/,https://pdimg.dot-st.com/images/lepsim/goods/itemImg104/1043527/item_1043527_main_05_1782272858.jpg,NEW,https://www.dot-st.com/disp/ranking/?dispNo=001001003&periodTp=3&ageRange=30-34
2026-07-06,30代前半,30-34,10,20%OFF,LEPSIM 着回し5分袖ブラウス《2点セット》,4400,https://www.dot-st.com/lepsim/disp/item/639519/,https://pdimg.dot-st.com/images/lepsim/goods/itemImg63/639519/item_639519_main_92_1775541189.jpg,,https://www.dot-st.com/disp/ranking/?dispNo=001001003&periodTp=3&ageRange=30-34
2026-07-06,30代後半,35-39,1,LOWRYS,FARM 【一部カラープライスダウン】ヨウリュウシャーリングショートフレンチスリーブ,5500,https://www.dot-st.com/lowrysfarm/disp/item/661674/,https://pdimg.dot-st.com/images/lowrysfarm/goods/itemImg66/661674/item_661674_main_10_1781774961.jpg,SALE,https://www.dot-st.com/disp/ranking/?dispNo=001001003&periodTp=3&ageRange=35-39
2026-07-06,30代後半,35-39,2,niko,and ... 【Lucky Fes'26】プリントＴＥＥ,4500,https://www.dot-st.com/nikoand/disp/item/840833/,https://pdimg.dot-st.com/images/nikoand/goods/itemImg84/840833/item_840833_main_06_1780568198.jpg,NEW,https://www.dot-st.com/disp/ranking/?dispNo=001001003&periodTp=3&ageRange=35-39
2026-07-06,30代後半,35-39,3,44%OFF,niko and ... リヨセルリネンスキッパーブラウス,2799,https://www.dot-st.com/nikoand/disp/item/656816/,https://pdimg.dot-st.com/images/nikoand/goods/itemImg65/656816/item_656816_main_11_1777342350.jpg,SALE,https://www.dot-st.com/disp/ranking/?dispNo=001001003&periodTp=3&ageRange=35-39
2026-07-06,30代後半,35-39,4,LOWRYS,FARM 【一部カラープライスダウン】シャーリングチュニックフレンチスリーブ,6050,https://www.dot-st.com/lowrysfarm/disp/item/581468/,https://pdimg.dot-st.com/images/lowrysfarm/goods/itemImg58/581468/item_581468_main_08_1776892278.jpg,SALE,https://www.dot-st.com/disp/ranking/?dispNo=001001003&periodTp=3&ageRange=35-39
2026-07-06,30代後半,35-39,5,GLOBAL,WORK エアリーリラックスペプラム刺繍半袖/806465,4990,https://www.dot-st.com/globalwork/disp/item/806465/,https://pdimg.dot-st.com/images/globalwork/goods/itemImg80/806465/item_806465_main_09_1782958404.jpg,NEW,https://www.dot-st.com/disp/ranking/?dispNo=001001003&periodTp=3&ageRange=35-39
2026-07-06,30代後半,35-39,6,GLOBAL,WORK 【FRUITS ZIPPER 鎮西寿々歌さん着用】リッチクリーンプリントT半袖/636780,3490,https://www.dot-st.com/globalwork/disp/item/636780/,https://pdimg.dot-st.com/images/globalwork/goods/itemImg63/636780/item_636780_main_88_1782438635.jpg,,https://www.dot-st.com/disp/ranking/?dispNo=001001003&periodTp=3&ageRange=35-39
2026-07-06,30代後半,35-39,7,14%OFF,studio CLIP 【新色追加】2WAYレースタンクトップ[プラスサイズあり],2556,https://www.dot-st.com/studioclip/disp/item/647904/,https://pdimg.dot-st.com/images/studioclip/goods/itemImg64/647904/item_647904_main_12_1778224112.jpg,SALE,https://www.dot-st.com/disp/ranking/?dispNo=001001003&periodTp=3&ageRange=35-39
2026-07-06,30代後半,35-39,8,50%OFF,Classical Elf 【】オーガニックコットン100%らくがき風刺繍 無地＆ボーダー柄半袖Tシャツce1260396,1998,https://www.dot-st.com/classicalelf/disp/item/321879/,https://pdimg.dot-st.com/images/classicalelf/goods/itemImg32/321879/item_321879_main_02_1743398532.jpg,再入荷,https://www.dot-st.com/disp/ranking/?dispNo=001001003&periodTp=3&ageRange=35-39
2026-07-06,30代後半,35-39,9,GLOBAL,WORK 【FRUITS ZIPPER 鎮西寿々歌さん着用】シルキータッチシアーシャツ5分袖/636672,4490,https://www.dot-st.com/globalwork/disp/item/636672/,https://pdimg.dot-st.com/images/globalwork/goods/itemImg63/636672/item_636672_main_85_1782383032.jpg,,https://www.dot-st.com/disp/ranking/?dispNo=001001003&periodTp=3&ageRange=35-39
2026-07-06,30代後半,35-39,10,25%OFF,LEPSIM デニムBIGショートシャツ/SS,4910,https://www.dot-st.com/lepsim/disp/item/639529/,https://pdimg.dot-st.com/images/lepsim/goods/itemImg63/639529/item_639529_main_88_1780031460.jpg,SALE,https://www.dot-st.com/disp/ranking/?dispNo=001001003&periodTp=3&ageRange=35-39
2026-07-07,20代後半,25-29,1,30%OFF,LOWRYS FARM ヨウリュウシャーリングショートフレンチスリーブ,3850,https://www.dot-st.com/lowrysfarm/disp/item/661674/,https://pdimg.dot-st.com/images/lowrysfarm/goods/itemImg66/661674/item_661674_main_10_1781774961.jpg,SALE,https://www.dot-st.com/disp/ranking/?dispNo=001001003&periodTp=3&ageRange=25-29
2026-07-07,20代後半,25-29,2,PAGEBOY,【】レースカイキンシャツ (半袖),6600,https://www.dot-st.com/pageboy/disp/item/492982/,https://pdimg.dot-st.com/images/pageboy/goods/itemImg49/492982/item_492982_main_89_1745384690.jpg,WEB限定,https://www.dot-st.com/disp/ranking/?dispNo=001001003&periodTp=3&ageRange=25-29
2026-07-07,20代後半,25-29,3,LOWRYS,FARM ソウバリスクエアタンクトップ,3850,https://www.dot-st.com/lowrysfarm/disp/item/294378/,https://pdimg.dot-st.com/images/lowrysfarm/goods/itemImg29/294378/item_294378_main_02_1776846779.jpg,,https://www.dot-st.com/disp/ranking/?dispNo=001001003&periodTp=3&ageRange=25-29
2026-07-07,20代後半,25-29,4,LOWRYS,FARM 【WEB】ヨウリュウシシュウノースリーブ,6990,https://www.dot-st.com/lowrysfarm/disp/item/867766/,https://pdimg.dot-st.com/images/lowrysfarm/goods/itemImg86/867766/item_867766_main_05_1779790204.jpg,NEW / 予約,https://www.dot-st.com/disp/ranking/?dispNo=001001003&periodTp=3&ageRange=25-29
2026-07-07,20代後半,25-29,5,5%OFF,mysty woman 【復刻】ラッセルレースアンサンブル半袖,6583,https://www.dot-st.com/mystywoman/disp/item/104216/,https://pdimg.dot-st.com/images/mystywoman/goods/itemImg10/104216/item_104216_main_09_1777539562.jpg,SALE / WEB限定,https://www.dot-st.com/disp/ranking/?dispNo=001001003&periodTp=3&ageRange=25-29
2026-07-07,20代後半,25-29,6,HARE,【接触冷感】フラワーアートバックプリントカット,6930,https://www.dot-st.com/hare/disp/item/680063/,https://pdimg.dot-st.com/images/hare/goods/itemImg68/680063/item_680063_main_05_1776405828.jpg,NEW,https://www.dot-st.com/disp/ranking/?dispNo=001001003&periodTp=3&ageRange=25-29
2026-07-07,20代後半,25-29,7,LOWRYS,FARM ストライプシャーリングＳＳ,5990,https://www.dot-st.com/lowrysfarm/disp/item/675847/,https://pdimg.dot-st.com/images/lowrysfarm/goods/itemImg67/675847/item_675847_main_70_1777275975.jpg,,https://www.dot-st.com/disp/ranking/?dispNo=001001003&periodTp=3&ageRange=25-29
2026-07-07,20代後半,25-29,8,20%OFF,PAGEBOY 【PBLIM】マーガレットフラワーT,4400,https://www.dot-st.com/pageboy/disp/item/669937/,https://pdimg.dot-st.com/images/pageboy/goods/itemImg66/669937/item_669937_main_05_1781171056.jpg,SALE,https://www.dot-st.com/disp/ranking/?dispNo=001001003&periodTp=3&ageRange=25-29
2026-07-07,20代後半,25-29,9,HARE,【新色中 SETUP対応 LADIES】アートフラワーガラシアーシャツ,11000,https://www.dot-st.com/hare/disp/item/664774/,https://pdimg.dot-st.com/images/hare/goods/itemImg66/664774/item_664774_main_38_1779940137.jpg,予約,https://www.dot-st.com/disp/ranking/?dispNo=001001003&periodTp=3&ageRange=25-29
2026-07-07,20代後半,25-29,10,LOWRYS,FARM ドッキングペプラムノースリーブ,5500,https://www.dot-st.com/lowrysfarm/disp/item/1032148/,https://pdimg.dot-st.com/images/lowrysfarm/goods/itemImg103/1032148/item_1032148_main_88_1782872452.jpg,NEW,https://www.dot-st.com/disp/ranking/?dispNo=001001003&periodTp=3&ageRange=25-29
2026-07-07,30代前半,30-34,1,30%OFF,LOWRYS FARM ヨウリュウシャーリングショートフレンチスリーブ,3850,https://www.dot-st.com/lowrysfarm/disp/item/661674/,https://pdimg.dot-st.com/images/lowrysfarm/goods/itemImg66/661674/item_661674_main_10_1781774961.jpg,SALE,https://www.dot-st.com/disp/ranking/?dispNo=001001003&periodTp=3&ageRange=30-34
2026-07-07,30代前半,30-34,2,20%OFF,LOWRYS FARM シャーリングチュニックフレンチスリーブ,4840,https://www.dot-st.com/lowrysfarm/disp/item/581468/,https://pdimg.dot-st.com/images/lowrysfarm/goods/itemImg58/581468/item_581468_main_08_1776892278.jpg,SALE,https://www.dot-st.com/disp/ranking/?dispNo=001001003&periodTp=3&ageRange=30-34
2026-07-07,30代前半,30-34,3,Classical,Elf ラフなのに品よく見える。軽やかぽこぽこフクレジャガードトップス（半袖）ce1260557,3998,https://www.dot-st.com/classicalelf/disp/item/648357/,https://pdimg.dot-st.com/images/classicalelf/goods/itemImg64/648357/item_648357_main_05_1774235459.jpg,,https://www.dot-st.com/disp/ranking/?dispNo=001001003&periodTp=3&ageRange=30-34
2026-07-07,30代前半,30-34,4,20%OFF,PAGEBOY 【PBLIM】マーガレットフラワーT,4400,https://www.dot-st.com/pageboy/disp/item/669937/,https://pdimg.dot-st.com/images/pageboy/goods/itemImg66/669937/item_669937_main_05_1781171056.jpg,SALE,https://www.dot-st.com/disp/ranking/?dispNo=001001003&periodTp=3&ageRange=30-34
2026-07-07,30代前半,30-34,5,20%OFF,niko and ... クラフト刺繍開襟シャツ,5600,https://www.dot-st.com/nikoand/disp/item/662053/,https://pdimg.dot-st.com/images/nikoand/goods/itemImg66/662053/item_662053_main_11_1780362887.jpg,SALE,https://www.dot-st.com/disp/ranking/?dispNo=001001003&periodTp=3&ageRange=30-34
2026-07-07,30代前半,30-34,6,Classical,Elf ひらっと心が躍る。オーバーサイズランダムタックシアーカーディガンce1260606,4998,https://www.dot-st.com/classicalelf/disp/item/654856/,https://pdimg.dot-st.com/images/classicalelf/goods/itemImg65/654856/item_654856_main_13_1774244452.jpg,,https://www.dot-st.com/disp/ranking/?dispNo=001001003&periodTp=3&ageRange=30-34
2026-07-07,30代前半,30-34,7,20%OFF,niko and ... リヨセルリネンスキッパーブラウス,3999,https://www.dot-st.com/nikoand/disp/item/656816/,https://pdimg.dot-st.com/images/nikoand/goods/itemImg65/656816/item_656816_main_11_1777342350.jpg,SALE,https://www.dot-st.com/disp/ranking/?dispNo=001001003&periodTp=3&ageRange=30-34
2026-07-07,30代前半,30-34,8,LOWRYS,FARM 【FRUITS ZIPPER松本かれんさん着用アイテム】ペプラムチュニックＳＳ,6050,https://www.dot-st.com/lowrysfarm/disp/item/660871/,https://pdimg.dot-st.com/images/lowrysfarm/goods/itemImg66/660871/item_660871_main_06_1782439891.jpg,NEW,https://www.dot-st.com/disp/ranking/?dispNo=001001003&periodTp=3&ageRange=30-34
2026-07-07,30代前半,30-34,9,20%OFF,LEPSIM 着回し5分袖ブラウス《2点セット》,4400,https://www.dot-st.com/lepsim/disp/item/639519/,https://pdimg.dot-st.com/images/lepsim/goods/itemImg63/639519/item_639519_main_92_1775541189.jpg,SALE,https://www.dot-st.com/disp/ranking/?dispNo=001001003&periodTp=3&ageRange=30-34
2026-07-07,30代前半,30-34,10,LOWRYS,FARM 【FRUITS ZIPPER月足天音さん着用アイテム】スタイルＵＰクロスカップキャミ,3190,https://www.dot-st.com/lowrysfarm/disp/item/100757/,https://pdimg.dot-st.com/images/lowrysfarm/goods/itemImg10/100757/item_100757_main_35_1782440391.jpg,,https://www.dot-st.com/disp/ranking/?dispNo=001001003&periodTp=3&ageRange=30-34
2026-07-07,30代後半,35-39,1,30%OFF,LOWRYS FARM ヨウリュウシャーリングショートフレンチスリーブ,3850,https://www.dot-st.com/lowrysfarm/disp/item/661674/,https://pdimg.dot-st.com/images/lowrysfarm/goods/itemImg66/661674/item_661674_main_10_1781774961.jpg,SALE,https://www.dot-st.com/disp/ranking/?dispNo=001001003&periodTp=3&ageRange=35-39
2026-07-07,30代後半,35-39,2,20%OFF,niko and ... リヨセルリネンスキッパーブラウス,3999,https://www.dot-st.com/nikoand/disp/item/656816/,https://pdimg.dot-st.com/images/nikoand/goods/itemImg65/656816/item_656816_main_11_1777342350.jpg,SALE,https://www.dot-st.com/disp/ranking/?dispNo=001001003&periodTp=3&ageRange=35-39
2026-07-07,30代後半,35-39,3,20%OFF,niko and ... クラフト刺繍開襟シャツ,5600,https://www.dot-st.com/nikoand/disp/item/662053/,https://pdimg.dot-st.com/images/nikoand/goods/itemImg66/662053/item_662053_main_11_1780362887.jpg,SALE,https://www.dot-st.com/disp/ranking/?dispNo=001001003&periodTp=3&ageRange=35-39
2026-07-07,30代後半,35-39,4,20%OFF,LEPSIM 着回し5分袖ブラウス《2点セット》,4400,https://www.dot-st.com/lepsim/disp/item/639519/,https://pdimg.dot-st.com/images/lepsim/goods/itemImg63/639519/item_639519_main_92_1775541189.jpg,SALE,https://www.dot-st.com/disp/ranking/?dispNo=001001003&periodTp=3&ageRange=35-39
2026-07-07,30代後半,35-39,5,20%OFF,LEPSIM 《高橋愛さん着用アイテム》AIRデニム長袖シャツ,5280,https://www.dot-st.com/lepsim/disp/item/639492/,https://pdimg.dot-st.com/images/lepsim/goods/itemImg63/639492/item_639492_main_82_1777635881.jpg,SALE,https://www.dot-st.com/disp/ranking/?dispNo=001001003&periodTp=3&ageRange=35-39
2026-07-07,30代後半,35-39,6,Classical,Elf ラフなのに品よく見える。軽やかぽこぽこフクレジャガードトップス（半袖）ce1260557,3998,https://www.dot-st.com/classicalelf/disp/item/648357/,https://pdimg.dot-st.com/images/classicalelf/goods/itemImg64/648357/item_648357_main_05_1774235459.jpg,,https://www.dot-st.com/disp/ranking/?dispNo=001001003&periodTp=3&ageRange=35-39
2026-07-07,30代後半,35-39,7,10%OFF,studio CLIP 【新色追加】2WAYレースタンクトップ[プラスサイズあり],2691,https://www.dot-st.com/studioclip/disp/item/647904/,https://pdimg.dot-st.com/images/studioclip/goods/itemImg64/647904/item_647904_main_12_1778224112.jpg,SALE,https://www.dot-st.com/disp/ranking/?dispNo=001001003&periodTp=3&ageRange=35-39
2026-07-07,30代後半,35-39,8,Classical,Elf 【】オーガニックコットン100%らくがき風刺繍 無地＆ボーダー柄半袖Tシャツce1260396,3998,https://www.dot-st.com/classicalelf/disp/item/321879/,https://pdimg.dot-st.com/images/classicalelf/goods/itemImg32/321879/item_321879_main_02_1743398532.jpg,再入荷,https://www.dot-st.com/disp/ranking/?dispNo=001001003&periodTp=3&ageRange=35-39
2026-07-07,30代後半,35-39,9,30%OFF,LEPSIM デニムBIGシャツ/SS,4620,https://www.dot-st.com/lepsim/disp/item/639528/,https://pdimg.dot-st.com/images/lepsim/goods/itemImg63/639528/item_639528_main_84_1773395284.jpg,SALE,https://www.dot-st.com/disp/ranking/?dispNo=001001003&periodTp=3&ageRange=35-39
2026-07-07,30代後半,35-39,10,niko,and ... 裾レースプリントアソートTシャツ【一部カラー】,4500,https://www.dot-st.com/nikoand/disp/item/881209/,https://pdimg.dot-st.com/images/nikoand/goods/itemImg88/881209/item_881209_main_18_1780371298.jpg,予約,https://www.dot-st.com/disp/ranking/?dispNo=001001003&periodTp=3&ageRange=35-39
2026-07-08,20代後半,25-29,1,30%OFF,LOWRYS FARM ヨウリュウシャーリングショートフレンチスリーブ,3811,https://www.dot-st.com/lowrysfarm/disp/item/661674/,https://pdimg.dot-st.com/images/lowrysfarm/goods/itemImg66/661674/item_661674_main_10_1781774961.jpg,SALE,https://www.dot-st.com/disp/ranking/?dispNo=001001003&periodTp=3&ageRange=25-29
2026-07-08,20代後半,25-29,2,JEANASIS,【eL+1】2PTee Tank Top,8800,https://www.dot-st.com/jeanasis/disp/item/878301/,https://pdimg.dot-st.com/images/jeanasis/goods/itemImg87/878301/item_878301_main_05_1779083981.jpg,,https://www.dot-st.com/disp/ranking/?dispNo=001001003&periodTp=3&ageRange=25-29
2026-07-08,20代後半,25-29,3,28%OFF,LOWRYS FARM 【FRUITS ZIPPER月足天音さん着用アイテム】シアーシャツＬＳ／接触冷感・吸水速乾,3960,https://www.dot-st.com/lowrysfarm/disp/item/605853/,https://pdimg.dot-st.com/images/lowrysfarm/goods/itemImg60/605853/item_605853_main_08_1782440016.jpg,NEW / SALE,https://www.dot-st.com/disp/ranking/?dispNo=001001003&periodTp=3&ageRange=25-29
2026-07-08,20代後半,25-29,4,28%OFF,LOWRYS FARM ショルダーパフカーディガン５Ｓ,3168,https://www.dot-st.com/lowrysfarm/disp/item/665444/,https://pdimg.dot-st.com/images/lowrysfarm/goods/itemImg66/665444/item_665444_main_10_1774422722.jpg,SALE,https://www.dot-st.com/disp/ranking/?dispNo=001001003&periodTp=3&ageRange=25-29
2026-07-08,20代後半,25-29,5,HARE,ハイショクステッチニットシャツ,13970,https://www.dot-st.com/hare/disp/item/664779/,https://pdimg.dot-st.com/images/hare/goods/itemImg66/664779/item_664779_main_09_1776665359.jpg,,https://www.dot-st.com/disp/ranking/?dispNo=001001003&periodTp=3&ageRange=25-29
2026-07-08,20代後半,25-29,6,30%OFF,LOWRYS FARM 【3点セットアイテム】ヘンケイベストスカートセット,13993,https://www.dot-st.com/lowrysfarm/disp/item/579645/,https://pdimg.dot-st.com/images/lowrysfarm/goods/itemImg57/579645/item_579645_main_09_1755511258.jpg,,https://www.dot-st.com/disp/ranking/?dispNo=001001003&periodTp=3&ageRange=25-29
2026-07-08,20代後半,25-29,7,3%OFF,PAGEBOY 【汗じみ防止/2サイズ展開】ジミレスコンパクトT【】,3870,https://www.dot-st.com/pageboy/disp/item/668665/,https://pdimg.dot-st.com/images/pageboy/goods/itemImg66/668665/item_668665_main_15_1780307027.jpg,再入荷,https://www.dot-st.com/disp/ranking/?dispNo=001001003&periodTp=3&ageRange=25-29
2026-07-08,20代後半,25-29,8,12%OFF,JEANASIS 【期間限定価格】2WAYソウバリタンク,3850,https://www.dot-st.com/jeanasis/disp/item/650681/,https://pdimg.dot-st.com/images/jeanasis/goods/itemImg65/650681/item_650681_main_09_1770350223.jpg,SALE,https://www.dot-st.com/disp/ranking/?dispNo=001001003&periodTp=3&ageRange=25-29
2026-07-08,20代後半,25-29,9,HARE,チャイナカナグショートシャツ,9900,https://www.dot-st.com/hare/disp/item/747932/,https://pdimg.dot-st.com/images/hare/goods/itemImg74/747932/item_747932_main_85_1778143114.jpg,NEW,https://www.dot-st.com/disp/ranking/?dispNo=001001003&periodTp=3&ageRange=25-29
2026-07-08,20代後半,25-29,10,37%OFF,LOWRYS FARM ドットレースチュールキャミ,2772,https://www.dot-st.com/lowrysfarm/disp/item/684976/,https://pdimg.dot-st.com/images/lowrysfarm/goods/itemImg68/684976/item_684976_main_05_1777185122.jpg,SALE,https://www.dot-st.com/disp/ranking/?dispNo=001001003&periodTp=3&ageRange=25-29
2026-07-08,30代前半,30-34,1,20%OFF,LOWRYS FARM シャーリングチュニックフレンチスリーブ,4791,https://www.dot-st.com/lowrysfarm/disp/item/581468/,https://pdimg.dot-st.com/images/lowrysfarm/goods/itemImg58/581468/item_581468_main_08_1776892278.jpg,SALE,https://www.dot-st.com/disp/ranking/?dispNo=001001003&periodTp=3&ageRange=30-34
2026-07-08,30代前半,30-34,2,30%OFF,LOWRYS FARM ヨウリュウシャーリングショートフレンチスリーブ,3811,https://www.dot-st.com/lowrysfarm/disp/item/661674/,https://pdimg.dot-st.com/images/lowrysfarm/goods/itemImg66/661674/item_661674_main_10_1781774961.jpg,SALE,https://www.dot-st.com/disp/ranking/?dispNo=001001003&periodTp=3&ageRange=30-34
2026-07-08,30代前半,30-34,3,GLOBAL,WORK 【FRUITS ZIPPER 鎮西寿々歌さん着用】リッチクリーンプリントT半袖/636780,3490,https://www.dot-st.com/globalwork/disp/item/636780/,https://pdimg.dot-st.com/images/globalwork/goods/itemImg63/636780/item_636780_main_88_1782438635.jpg,,https://www.dot-st.com/disp/ranking/?dispNo=001001003&periodTp=3&ageRange=30-34
2026-07-08,30代前半,30-34,4,28%OFF,LOWRYS FARM 【FRUITS ZIPPER月足天音さん着用アイテム】シアーシャツＬＳ／接触冷感・吸水速乾,3960,https://www.dot-st.com/lowrysfarm/disp/item/605853/,https://pdimg.dot-st.com/images/lowrysfarm/goods/itemImg60/605853/item_605853_main_08_1782440016.jpg,NEW / SALE,https://www.dot-st.com/disp/ranking/?dispNo=001001003&periodTp=3&ageRange=30-34
2026-07-08,30代前半,30-34,5,25%OFF,LEPSIM パネルレースレイヤーベスト,4092,https://www.dot-st.com/lepsim/disp/item/670543/,https://pdimg.dot-st.com/images/lepsim/goods/itemImg67/670543/item_670543_main_09_1779440314.jpg,SALE,https://www.dot-st.com/disp/ranking/?dispNo=001001003&periodTp=3&ageRange=30-34
2026-07-08,30代前半,30-34,6,12%OFF,studio CLIP 【新色追加】2WAYレースタンクトップ[プラスサイズあり],2610,https://www.dot-st.com/studioclip/disp/item/647904/,https://pdimg.dot-st.com/images/studioclip/goods/itemImg64/647904/item_647904_main_12_1778224112.jpg,SALE,https://www.dot-st.com/disp/ranking/?dispNo=001001003&periodTp=3&ageRange=30-34
2026-07-08,30代前半,30-34,7,28%OFF,Elura 【新色入荷・】サマープロテクトジップカーディガン≪UVカット≫,5544,https://www.dot-st.com/elura/disp/item/659658/,https://pdimg.dot-st.com/images/elura/goods/itemImg65/659658/item_659658_main_02_1777600648.jpg,SALE / 再入荷,https://www.dot-st.com/disp/ranking/?dispNo=001001003&periodTp=3&ageRange=30-34
2026-07-08,30代前半,30-34,8,HARE,【WEB】パーツバックルプリーツシャツ,11000,https://www.dot-st.com/hare/disp/item/1000134/,https://pdimg.dot-st.com/images/hare/goods/itemImg100/1000134/item_1000134_main_38_1782959389.jpg,予約,https://www.dot-st.com/disp/ranking/?dispNo=001001003&periodTp=3&ageRange=30-34
2026-07-08,30代前半,30-34,9,HARE,パーツツキネクタイシャツ,11000,https://www.dot-st.com/hare/disp/item/664012/,https://pdimg.dot-st.com/images/hare/goods/itemImg66/664012/item_664012_main_09_1773400093.jpg,,https://www.dot-st.com/disp/ranking/?dispNo=001001003&periodTp=3&ageRange=30-34
2026-07-08,30代前半,30-34,10,30%OFF,Chaos 【4/10金子綾さんYouTube紹介】カラガンニット,21560,https://www.dot-st.com/chaos/disp/item/661748/,https://pdimg.dot-st.com/images/chaos/goods/itemImg66/661748/item_661748_main_55_1773308089.jpg,SALE,https://www.dot-st.com/disp/ranking/?dispNo=001001003&periodTp=3&ageRange=30-34
2026-07-08,30代後半,35-39,1,30%OFF,LOWRYS FARM ヨウリュウシャーリングショートフレンチスリーブ,3811,https://www.dot-st.com/lowrysfarm/disp/item/661674/,https://pdimg.dot-st.com/images/lowrysfarm/goods/itemImg66/661674/item_661674_main_10_1781774961.jpg,SALE,https://www.dot-st.com/disp/ranking/?dispNo=001001003&periodTp=3&ageRange=35-39
2026-07-08,30代後半,35-39,2,LEPSIM,裾ドロストアソートシャツSS,5990,https://www.dot-st.com/lepsim/disp/item/1023535/,https://pdimg.dot-st.com/images/lepsim/goods/itemImg102/1023535/item_1023535_main_09_1781962775.jpg,NEW,https://www.dot-st.com/disp/ranking/?dispNo=001001003&periodTp=3&ageRange=35-39
2026-07-08,30代後半,35-39,3,20%OFF,LOWRYS FARM シャーリングチュニックフレンチスリーブ,4791,https://www.dot-st.com/lowrysfarm/disp/item/581468/,https://pdimg.dot-st.com/images/lowrysfarm/goods/itemImg58/581468/item_581468_main_08_1776892278.jpg,SALE,https://www.dot-st.com/disp/ranking/?dispNo=001001003&periodTp=3&ageRange=35-39
2026-07-08,30代後半,35-39,4,JEANASIS,【eL+1】2PTee Tank Top,8800,https://www.dot-st.com/jeanasis/disp/item/878301/,https://pdimg.dot-st.com/images/jeanasis/goods/itemImg87/878301/item_878301_main_05_1779083981.jpg,,https://www.dot-st.com/disp/ranking/?dispNo=001001003&periodTp=3&ageRange=35-39
2026-07-08,30代後半,35-39,5,25%OFF,LEPSIM 着回し5分袖ブラウス《2点セット》,4092,https://www.dot-st.com/lepsim/disp/item/639519/,https://pdimg.dot-st.com/images/lepsim/goods/itemImg63/639519/item_639519_main_92_1775541189.jpg,SALE,https://www.dot-st.com/disp/ranking/?dispNo=001001003&periodTp=3&ageRange=35-39
2026-07-08,30代後半,35-39,6,GLOBAL,WORK UVプロテクトフードシャツ/646416,3990,https://www.dot-st.com/globalwork/disp/item/646416/,https://pdimg.dot-st.com/images/globalwork/goods/itemImg64/646416/item_646416_main_05_1772535514.jpg,,https://www.dot-st.com/disp/ranking/?dispNo=001001003&periodTp=3&ageRange=35-39
2026-07-08,30代後半,35-39,7,GLOBAL,WORK リッチクリーン透けにくいベーシックT/636788,2990,https://www.dot-st.com/globalwork/disp/item/636788/,https://pdimg.dot-st.com/images/globalwork/goods/itemImg63/636788/item_636788_main_19_1779954635.jpg,,https://www.dot-st.com/disp/ranking/?dispNo=001001003&periodTp=3&ageRange=35-39
2026-07-08,30代後半,35-39,8,36%OFF,niko and ... 【接触冷感】サラットドロストワイドTシャツ,2559,https://www.dot-st.com/nikoand/disp/item/666894/,https://pdimg.dot-st.com/images/nikoand/goods/itemImg66/666894/item_666894_main_11_1782787531.jpg,SALE,https://www.dot-st.com/disp/ranking/?dispNo=001001003&periodTp=3&ageRange=35-39
2026-07-08,30代後半,35-39,9,12%OFF,studio CLIP 【新色追加】2WAYレースタンクトップ[プラスサイズあり],2610,https://www.dot-st.com/studioclip/disp/item/647904/,https://pdimg.dot-st.com/images/studioclip/goods/itemImg64/647904/item_647904_main_12_1778224112.jpg,SALE,https://www.dot-st.com/disp/ranking/?dispNo=001001003&periodTp=3&ageRange=35-39
2026-07-08,30代後半,35-39,10,GLOBAL,WORK エアリーリラックスペプラム刺繍半袖/806465,4990,https://www.dot-st.com/globalwork/disp/item/806465/,https://pdimg.dot-st.com/images/globalwork/goods/itemImg80/806465/item_806465_main_09_1782958404.jpg,NEW,https://www.dot-st.com/disp/ranking/?dispNo=001001003&periodTp=3&ageRange=35-39
2026-07-09,20代後半,25-29,1,30%OFF,LOWRYS FARM ヨウリュウシャーリングショートフレンチスリーブ,3811,https://www.dot-st.com/lowrysfarm/disp/item/661674/,https://pdimg.dot-st.com/images/lowrysfarm/goods/itemImg66/661674/item_661674_main_10_1781774961.jpg,SALE,https://www.dot-st.com/disp/ranking/?dispNo=001001003&periodTp=3&ageRange=25-29
2026-07-09,20代後半,25-29,2,20%OFF,Chaos 【新色】ブランシェブラウス,50160,https://www.dot-st.com/chaos/disp/item/577845/,https://pdimg.dot-st.com/images/chaos/goods/itemImg57/577845/item_577845_main_76_1775178310.jpg,,https://www.dot-st.com/disp/ranking/?dispNo=001001003&periodTp=3&ageRange=25-29
2026-07-09,20代後半,25-29,3,20%OFF,LOWRYS FARM シャーリングチュニックフレンチスリーブ,4791,https://www.dot-st.com/lowrysfarm/disp/item/581468/,https://pdimg.dot-st.com/images/lowrysfarm/goods/itemImg58/581468/item_581468_main_08_1776892278.jpg,SALE,https://www.dot-st.com/disp/ranking/?dispNo=001001003&periodTp=3&ageRange=25-29
2026-07-09,20代後半,25-29,4,LOWRYS,FARM メランジポロフレンチスリーブ,4950,https://www.dot-st.com/lowrysfarm/disp/item/1045953/,https://pdimg.dot-st.com/images/lowrysfarm/goods/itemImg104/1045953/item_1045953_main_10_1781836083.jpg,NEW,https://www.dot-st.com/disp/ranking/?dispNo=001001003&periodTp=3&ageRange=25-29
2026-07-09,20代後半,25-29,5,3%OFF,PAGEBOY 【】スカシリーフニットボレロ,6780,https://www.dot-st.com/pageboy/disp/item/414159/,https://pdimg.dot-st.com/images/pageboy/goods/itemImg41/414159/item_414159_main_09_1780305257.jpg,再入荷,https://www.dot-st.com/disp/ranking/?dispNo=001001003&periodTp=3&ageRange=25-29
2026-07-09,20代後半,25-29,6,LOWRYS,FARM ソウバリスクエアタンクトップ,3850,https://www.dot-st.com/lowrysfarm/disp/item/294378/,https://pdimg.dot-st.com/images/lowrysfarm/goods/itemImg29/294378/item_294378_main_02_1776846779.jpg,,https://www.dot-st.com/disp/ranking/?dispNo=001001003&periodTp=3&ageRange=25-29
2026-07-09,20代後半,25-29,7,37%OFF,BARNYARDSTORM UVカットCOOLタッチパーカー【UVカット / 接触冷感】JAPAN FABRIC,8662,https://www.dot-st.com/barnyardstorm/disp/item/621794/,https://pdimg.dot-st.com/images/barnyardstorm/goods/itemImg62/621794/item_621794_main_10_1782692148.jpg,SALE,https://www.dot-st.com/disp/ranking/?dispNo=001001003&periodTp=3&ageRange=25-29
2026-07-09,20代後半,25-29,8,28%OFF,LOWRYS FARM 【FRUITS ZIPPER月足天音さん着用アイテム】シアーシャツＬＳ／接触冷感・吸水速乾,3960,https://www.dot-st.com/lowrysfarm/disp/item/605853/,https://pdimg.dot-st.com/images/lowrysfarm/goods/itemImg60/605853/item_605853_main_08_1782440016.jpg,NEW / SALE,https://www.dot-st.com/disp/ranking/?dispNo=001001003&periodTp=3&ageRange=25-29
2026-07-09,20代後半,25-29,9,15%OFF,mysty woman 【復刻】ラッセルレースアンサンブル半袖,5890,https://www.dot-st.com/mystywoman/disp/item/104216/,https://pdimg.dot-st.com/images/mystywoman/goods/itemImg10/104216/item_104216_main_09_1777539562.jpg,SALE / WEB限定,https://www.dot-st.com/disp/ranking/?dispNo=001001003&periodTp=3&ageRange=25-29
2026-07-09,20代後半,25-29,10,50%OFF,JEANASIS ギャザーヘムフリルTEE,2494,https://www.dot-st.com/jeanasis/disp/item/862531/,https://pdimg.dot-st.com/images/jeanasis/goods/itemImg86/862531/item_862531_main_05_1779960387.jpg,SALE,https://www.dot-st.com/disp/ranking/?dispNo=001001003&periodTp=3&ageRange=25-29
2026-07-09,30代前半,30-34,1,30%OFF,LOWRYS FARM ヨウリュウシャーリングショートフレンチスリーブ,3811,https://www.dot-st.com/lowrysfarm/disp/item/661674/,https://pdimg.dot-st.com/images/lowrysfarm/goods/itemImg66/661674/item_661674_main_10_1781774961.jpg,SALE,https://www.dot-st.com/disp/ranking/?dispNo=001001003&periodTp=3&ageRange=30-34
2026-07-09,30代前半,30-34,2,LOWRYS,FARM 【接触冷感・UVカット】ＩＣＥＷＥニットＶＣＤ,5500,https://www.dot-st.com/lowrysfarm/disp/item/747847/,https://pdimg.dot-st.com/images/lowrysfarm/goods/itemImg74/747847/item_747847_main_09_1778660012.jpg,NEW,https://www.dot-st.com/disp/ranking/?dispNo=001001003&periodTp=3&ageRange=30-34
2026-07-09,30代前半,30-34,3,25%OFF,LEPSIM 異素材フリルドッキングT2,3711,https://www.dot-st.com/lepsim/disp/item/667510/,https://pdimg.dot-st.com/images/lepsim/goods/itemImg66/667510/item_667510_main_05_1774510009.jpg,SALE,https://www.dot-st.com/disp/ranking/?dispNo=001001003&periodTp=3&ageRange=30-34
2026-07-09,30代前半,30-34,4,20%OFF,LOWRYS FARM シャーリングチュニックフレンチスリーブ,4791,https://www.dot-st.com/lowrysfarm/disp/item/581468/,https://pdimg.dot-st.com/images/lowrysfarm/goods/itemImg58/581468/item_581468_main_08_1776892278.jpg,SALE,https://www.dot-st.com/disp/ranking/?dispNo=001001003&periodTp=3&ageRange=30-34
2026-07-09,30代前半,30-34,5,LOWRYS,FARM ドッキングペプラムノースリーブ,5500,https://www.dot-st.com/lowrysfarm/disp/item/1032148/,https://pdimg.dot-st.com/images/lowrysfarm/goods/itemImg103/1032148/item_1032148_main_88_1782872452.jpg,NEW,https://www.dot-st.com/disp/ranking/?dispNo=001001003&periodTp=3&ageRange=30-34
2026-07-09,30代前半,30-34,6,GLOBAL,WORK 【FRUITS ZIPPER 鎮西寿々歌さん着用】サラサラDRYスクエアタンク/636753,1980,https://www.dot-st.com/globalwork/disp/item/636753/,https://pdimg.dot-st.com/images/globalwork/goods/itemImg63/636753/item_636753_main_05_1782436061.jpg,,https://www.dot-st.com/disp/ranking/?dispNo=001001003&periodTp=3&ageRange=30-34
2026-07-09,30代前半,30-34,7,20%OFF,Curensology バードシシュウブラウス,34320,https://www.dot-st.com/curensology/disp/item/606139/,https://pdimg.dot-st.com/images/curensology/goods/itemImg60/606139/item_606139_main_09_1764578532.jpg,SALE,https://www.dot-st.com/disp/ranking/?dispNo=001001003&periodTp=3&ageRange=30-34
2026-07-09,30代前半,30-34,8,25%OFF,Classical Elf ひらっと心が躍る。オーバーサイズランダムタックシアーカーディガンce1260606,3699,https://www.dot-st.com/classicalelf/disp/item/654856/,https://pdimg.dot-st.com/images/classicalelf/goods/itemImg65/654856/item_654856_main_13_1774244452.jpg,,https://www.dot-st.com/disp/ranking/?dispNo=001001003&periodTp=3&ageRange=30-34
2026-07-09,30代前半,30-34,9,28%OFF,LOWRYS FARM 【FRUITS ZIPPER月足天音さん着用アイテム】シアーシャツＬＳ／接触冷感・吸水速乾,3960,https://www.dot-st.com/lowrysfarm/disp/item/605853/,https://pdimg.dot-st.com/images/lowrysfarm/goods/itemImg60/605853/item_605853_main_08_1782440016.jpg,NEW / SALE,https://www.dot-st.com/disp/ranking/?dispNo=001001003&periodTp=3&ageRange=30-34
2026-07-09,30代前半,30-34,10,37%OFF,Classical Elf ラフなのに品よく見える。軽やかぽこぽこフクレジャガードトップス（半袖）ce1260557,2499,https://www.dot-st.com/classicalelf/disp/item/648357/,https://pdimg.dot-st.com/images/classicalelf/goods/itemImg64/648357/item_648357_main_05_1774235459.jpg,,https://www.dot-st.com/disp/ranking/?dispNo=001001003&periodTp=3&ageRange=30-34
2026-07-09,30代後半,35-39,1,30%OFF,LOWRYS FARM ヨウリュウシャーリングショートフレンチスリーブ,3811,https://www.dot-st.com/lowrysfarm/disp/item/661674/,https://pdimg.dot-st.com/images/lowrysfarm/goods/itemImg66/661674/item_661674_main_10_1781774961.jpg,SALE,https://www.dot-st.com/disp/ranking/?dispNo=001001003&periodTp=3&ageRange=35-39
2026-07-09,30代後半,35-39,2,studio,CLIP 【tsumori chisato by studio clip】マラカスレースシャツ,9790,https://www.dot-st.com/studioclip/disp/item/884232/,https://pdimg.dot-st.com/images/studioclip/goods/itemImg88/884232/item_884232_main_19_1780967480.jpg,,https://www.dot-st.com/disp/ranking/?dispNo=001001003&periodTp=3&ageRange=35-39
2026-07-09,30代後半,35-39,3,25%OFF,LEPSIM パネルレースレイヤーベスト,4092,https://www.dot-st.com/lepsim/disp/item/670543/,https://pdimg.dot-st.com/images/lepsim/goods/itemImg67/670543/item_670543_main_09_1779440314.jpg,SALE,https://www.dot-st.com/disp/ranking/?dispNo=001001003&periodTp=3&ageRange=35-39
2026-07-09,30代後半,35-39,4,studio,CLIP 【tsumori chisato by studio clip】レオパードモチーフTシャツ,4990,https://www.dot-st.com/studioclip/disp/item/884241/,https://pdimg.dot-st.com/images/studioclip/goods/itemImg88/884241/item_884241_main_20_1780967125.jpg,NEW,https://www.dot-st.com/disp/ranking/?dispNo=001001003&periodTp=3&ageRange=35-39
2026-07-09,30代後半,35-39,5,studio,CLIP 【tsumori chisato by studio clip】ワッフルスリーブTシャツ,4290,https://www.dot-st.com/studioclip/disp/item/884230/,https://pdimg.dot-st.com/images/studioclip/goods/itemImg88/884230/item_884230_main_19_1780967636.jpg,NEW,https://www.dot-st.com/disp/ranking/?dispNo=001001003&periodTp=3&ageRange=35-39
2026-07-09,30代後半,35-39,6,25%OFF,LEPSIM 異素材フリルドッキングT2,3711,https://www.dot-st.com/lepsim/disp/item/667510/,https://pdimg.dot-st.com/images/lepsim/goods/itemImg66/667510/item_667510_main_05_1774510009.jpg,SALE,https://www.dot-st.com/disp/ranking/?dispNo=001001003&periodTp=3&ageRange=35-39
2026-07-09,30代後半,35-39,7,GLOBAL,WORK DRYタッチセットアップシャツ/759938,3990,https://www.dot-st.com/globalwork/disp/item/759938/,https://pdimg.dot-st.com/images/globalwork/goods/itemImg75/759938/item_759938_main_15_1781683319.jpg,NEW,https://www.dot-st.com/disp/ranking/?dispNo=001001003&periodTp=3&ageRange=35-39
2026-07-09,30代後半,35-39,8,36%OFF,niko and ... 【接触冷感】サラットドロストワイドTシャツ,2559,https://www.dot-st.com/nikoand/disp/item/666894/,https://pdimg.dot-st.com/images/nikoand/goods/itemImg66/666894/item_666894_main_11_1782787531.jpg,SALE,https://www.dot-st.com/disp/ranking/?dispNo=001001003&periodTp=3&ageRange=35-39
2026-07-09,30代後半,35-39,9,25%OFF,LEPSIM 箔プリントBIGT,3273,https://www.dot-st.com/lepsim/disp/item/670949/,https://pdimg.dot-st.com/images/lepsim/goods/itemImg67/670949/item_670949_main_12_1774510888.jpg,SALE,https://www.dot-st.com/disp/ranking/?dispNo=001001003&periodTp=3&ageRange=35-39
2026-07-09,30代後半,35-39,10,35%OFF,LEPSIM サラキレポンチョチュニックSS,3542,https://www.dot-st.com/lepsim/disp/item/290265/,https://pdimg.dot-st.com/images/lepsim/goods/itemImg29/290265/item_290265_main_75_1775533839.jpg,SALE,https://www.dot-st.com/disp/ranking/?dispNo=001001003&periodTp=3&ageRange=35-39
2026-07-10,20代後半,25-29,1,30%OFF,LOWRYS FARM ヨウリュウシャーリングショートフレンチスリーブ,3811,https://www.dot-st.com/lowrysfarm/disp/item/661674/,https://pdimg.dot-st.com/images/lowrysfarm/goods/itemImg66/661674/item_661674_main_10_1781774961.jpg,SALE,https://www.dot-st.com/disp/ranking/?dispNo=001001003&periodTp=3&ageRange=25-29
2026-07-10,20代後半,25-29,2,Curensology,【】＜Brooks Brothers＞別注ニットジャケット,34100,https://www.dot-st.com/curensology/disp/item/662380/,https://pdimg.dot-st.com/images/curensology/goods/itemImg66/662380/item_662380_main_88_1782879198.jpg,予約,https://www.dot-st.com/disp/ranking/?dispNo=001001003&periodTp=3&ageRange=25-29
2026-07-10,20代後半,25-29,3,33%OFF,PAGEBOY 【紫外線カット/接触冷感/イージーケア】シアバスウエストベルトショートスリーブジャケット【新色追加】,5977,https://www.dot-st.com/pageboy/disp/item/661463/,https://pdimg.dot-st.com/images/pageboy/goods/itemImg66/661463/item_661463_main_15_1780052690.jpg,SALE,https://www.dot-st.com/disp/ranking/?dispNo=001001003&periodTp=3&ageRange=25-29
2026-07-10,20代後半,25-29,4,28%OFF,LOWRYS FARM ショルダーパフカーディガン５Ｓ,3168,https://www.dot-st.com/lowrysfarm/disp/item/665444/,https://pdimg.dot-st.com/images/lowrysfarm/goods/itemImg66/665444/item_665444_main_10_1774422722.jpg,SALE,https://www.dot-st.com/disp/ranking/?dispNo=001001003&periodTp=3&ageRange=25-29
2026-07-10,20代後半,25-29,5,20%OFF,LOWRYS FARM フライスチビＴＥＥ,3168,https://www.dot-st.com/lowrysfarm/disp/item/637055/,https://pdimg.dot-st.com/images/lowrysfarm/goods/itemImg63/637055/item_637055_main_58_1776131816.jpg,,https://www.dot-st.com/disp/ranking/?dispNo=001001003&periodTp=3&ageRange=25-29
2026-07-10,20代後半,25-29,6,3%OFF,PAGEBOY 【】スカシリーフニットボレロ,6780,https://www.dot-st.com/pageboy/disp/item/414159/,https://pdimg.dot-st.com/images/pageboy/goods/itemImg41/414159/item_414159_main_09_1780305257.jpg,再入荷,https://www.dot-st.com/disp/ranking/?dispNo=001001003&periodTp=3&ageRange=25-29
2026-07-10,20代後半,25-29,7,57%OFF,Classical Elf 肌見せしすぎず、ほんのり色っぽ。透かし編みメロウトップスカットソー（半袖）ce1010464,1698,https://www.dot-st.com/classicalelf/disp/item/493557/,https://pdimg.dot-st.com/images/classicalelf/goods/itemImg49/493557/item_493557_main_05_1750820513.jpg,,https://www.dot-st.com/disp/ranking/?dispNo=001001003&periodTp=3&ageRange=25-29
2026-07-10,20代後半,25-29,8,JEANASIS,シアージャガードシャーリングシャツSS,7190,https://www.dot-st.com/jeanasis/disp/item/859249/,https://pdimg.dot-st.com/images/jeanasis/goods/itemImg85/859249/item_859249_main_82_1778238768.jpg,,https://www.dot-st.com/disp/ranking/?dispNo=001001003&periodTp=3&ageRange=25-29
2026-07-10,20代後半,25-29,9,12%OFF,HARE 【接触冷感/LADIES】アートフラワーシシュウTシャツ,6930,https://www.dot-st.com/hare/disp/item/664823/,https://pdimg.dot-st.com/images/hare/goods/itemImg66/664823/item_664823_main_68_1776855084.jpg,,https://www.dot-st.com/disp/ranking/?dispNo=001001003&periodTp=3&ageRange=25-29
2026-07-10,20代後半,25-29,10,28%OFF,LOWRYS FARM シアーシャツＬＳ／接触冷感・吸水速乾,3960,https://www.dot-st.com/lowrysfarm/disp/item/605853/,https://pdimg.dot-st.com/images/lowrysfarm/goods/itemImg60/605853/item_605853_main_08_1783646299.jpg,NEW / SALE,https://www.dot-st.com/disp/ranking/?dispNo=001001003&periodTp=3&ageRange=25-29
2026-07-10,30代前半,30-34,1,20%OFF,LOWRYS FARM シャーリングチュニックフレンチスリーブ,4791,https://www.dot-st.com/lowrysfarm/disp/item/581468/,https://pdimg.dot-st.com/images/lowrysfarm/goods/itemImg58/581468/item_581468_main_08_1776892278.jpg,SALE,https://www.dot-st.com/disp/ranking/?dispNo=001001003&periodTp=3&ageRange=30-34
2026-07-10,30代前半,30-34,2,30%OFF,LOWRYS FARM ヨウリュウシャーリングショートフレンチスリーブ,3811,https://www.dot-st.com/lowrysfarm/disp/item/661674/,https://pdimg.dot-st.com/images/lowrysfarm/goods/itemImg66/661674/item_661674_main_10_1781774961.jpg,SALE,https://www.dot-st.com/disp/ranking/?dispNo=001001003&periodTp=3&ageRange=30-34
2026-07-10,30代前半,30-34,3,25%OFF,LEPSIM 異素材フリルドッキングT2,3711,https://www.dot-st.com/lepsim/disp/item/667510/,https://pdimg.dot-st.com/images/lepsim/goods/itemImg66/667510/item_667510_main_05_1774510009.jpg,SALE,https://www.dot-st.com/disp/ranking/?dispNo=001001003&periodTp=3&ageRange=30-34
2026-07-10,30代前半,30-34,4,15%OFF,mysty woman 【復刻】ラッセルレースアンサンブル半袖,5890,https://www.dot-st.com/mystywoman/disp/item/104216/,https://pdimg.dot-st.com/images/mystywoman/goods/itemImg10/104216/item_104216_main_09_1777539562.jpg,SALE / WEB限定,https://www.dot-st.com/disp/ranking/?dispNo=001001003&periodTp=3&ageRange=30-34
2026-07-10,30代前半,30-34,5,Curensology,ドットギャザーブラウス,30800,https://www.dot-st.com/curensology/disp/item/805514/,https://pdimg.dot-st.com/images/curensology/goods/itemImg80/805514/item_805514_main_09_1776413865.jpg,,https://www.dot-st.com/disp/ranking/?dispNo=001001003&periodTp=3&ageRange=30-34
2026-07-10,30代前半,30-34,6,44%OFF,niko and ... 【選べる着丈】アソートレーストリムキャミ,2799,https://www.dot-st.com/nikoand/disp/item/881664/,https://pdimg.dot-st.com/images/nikoand/goods/itemImg88/881664/item_881664_main_19_1780451372.jpg,SALE,https://www.dot-st.com/disp/ranking/?dispNo=001001003&periodTp=3&ageRange=30-34
2026-07-10,30代前半,30-34,7,20%OFF,niko and ... ハイカロリーラグランTシャツ,3199,https://www.dot-st.com/nikoand/disp/item/654215/,https://pdimg.dot-st.com/images/nikoand/goods/itemImg65/654215/item_654215_main_81_1781836741.jpg,SALE,https://www.dot-st.com/disp/ranking/?dispNo=001001003&periodTp=3&ageRange=30-34
2026-07-10,30代前半,30-34,8,GLOBAL,WORK リッチクリーン透けにくいベーシックT/636788,2990,https://www.dot-st.com/globalwork/disp/item/636788/,https://pdimg.dot-st.com/images/globalwork/goods/itemImg63/636788/item_636788_main_19_1779954635.jpg,,https://www.dot-st.com/disp/ranking/?dispNo=001001003&periodTp=3&ageRange=30-34
2026-07-10,30代前半,30-34,9,LOWRYS,FARM メランジポロフレンチスリーブ,4950,https://www.dot-st.com/lowrysfarm/disp/item/1045953/,https://pdimg.dot-st.com/images/lowrysfarm/goods/itemImg104/1045953/item_1045953_main_10_1781836083.jpg,NEW,https://www.dot-st.com/disp/ranking/?dispNo=001001003&periodTp=3&ageRange=30-34
2026-07-10,30代前半,30-34,10,25%OFF,LEPSIM パネルレースレイヤーベスト,4092,https://www.dot-st.com/lepsim/disp/item/670543/,https://pdimg.dot-st.com/images/lepsim/goods/itemImg67/670543/item_670543_main_09_1779440314.jpg,SALE,https://www.dot-st.com/disp/ranking/?dispNo=001001003&periodTp=3&ageRange=30-34
2026-07-10,30代後半,35-39,1,30%OFF,LOWRYS FARM ヨウリュウシャーリングショートフレンチスリーブ,3811,https://www.dot-st.com/lowrysfarm/disp/item/661674/,https://pdimg.dot-st.com/images/lowrysfarm/goods/itemImg66/661674/item_661674_main_10_1781774961.jpg,SALE,https://www.dot-st.com/disp/ranking/?dispNo=001001003&periodTp=3&ageRange=35-39
2026-07-10,30代後半,35-39,2,20%OFF,LOWRYS FARM シャーリングチュニックフレンチスリーブ,4791,https://www.dot-st.com/lowrysfarm/disp/item/581468/,https://pdimg.dot-st.com/images/lowrysfarm/goods/itemImg58/581468/item_581468_main_08_1776892278.jpg,SALE,https://www.dot-st.com/disp/ranking/?dispNo=001001003&periodTp=3&ageRange=35-39
2026-07-10,30代後半,35-39,3,44%OFF,niko and ... 【選べる着丈】アソートレーストリムキャミ,2799,https://www.dot-st.com/nikoand/disp/item/881664/,https://pdimg.dot-st.com/images/nikoand/goods/itemImg88/881664/item_881664_main_19_1780451372.jpg,SALE,https://www.dot-st.com/disp/ranking/?dispNo=001001003&periodTp=3&ageRange=35-39
2026-07-10,30代後半,35-39,4,Chaos,【追加】マチュータンク,22000,https://www.dot-st.com/chaos/disp/item/668401/,https://pdimg.dot-st.com/images/chaos/goods/itemImg66/668401/item_668401_main_02_1782800973.jpg,NEW,https://www.dot-st.com/disp/ranking/?dispNo=001001003&periodTp=3&ageRange=35-39
2026-07-10,30代後半,35-39,5,25%OFF,LEPSIM 異素材フリルドッキングT2,3711,https://www.dot-st.com/lepsim/disp/item/667510/,https://pdimg.dot-st.com/images/lepsim/goods/itemImg66/667510/item_667510_main_05_1774510009.jpg,SALE,https://www.dot-st.com/disp/ranking/?dispNo=001001003&periodTp=3&ageRange=35-39
2026-07-10,30代後半,35-39,6,niko,and ... 【Lucky Fes'26】プリントＴＥＥ,4500,https://www.dot-st.com/nikoand/disp/item/840833/,https://pdimg.dot-st.com/images/nikoand/goods/itemImg84/840833/item_840833_main_06_1780568198.jpg,,https://www.dot-st.com/disp/ranking/?dispNo=001001003&periodTp=3&ageRange=35-39
2026-07-10,30代後半,35-39,7,25%OFF,LEPSIM パネルレースレイヤーベスト,4092,https://www.dot-st.com/lepsim/disp/item/670543/,https://pdimg.dot-st.com/images/lepsim/goods/itemImg67/670543/item_670543_main_09_1779440314.jpg,SALE,https://www.dot-st.com/disp/ranking/?dispNo=001001003&periodTp=3&ageRange=35-39
2026-07-10,30代後半,35-39,8,GLOBAL,WORK 【FRUITS ZIPPER 鎮西寿々歌さん着用】リッチクリーンプリントT半袖/636780,3490,https://www.dot-st.com/globalwork/disp/item/636780/,https://pdimg.dot-st.com/images/globalwork/goods/itemImg63/636780/item_636780_main_88_1782438635.jpg,,https://www.dot-st.com/disp/ranking/?dispNo=001001003&periodTp=3&ageRange=35-39
2026-07-10,30代後半,35-39,9,44%OFF,niko and ... リヨセルリネンスキッパーブラウス,2799,https://www.dot-st.com/nikoand/disp/item/656816/,https://pdimg.dot-st.com/images/nikoand/goods/itemImg65/656816/item_656816_main_11_1777342350.jpg,SALE,https://www.dot-st.com/disp/ranking/?dispNo=001001003&periodTp=3&ageRange=35-39
2026-07-10,30代後半,35-39,10,37%OFF,Classical Elf ラフなのに品よく見える。軽やかぽこぽこフクレジャガードトップス（半袖）ce1260557,2499,https://www.dot-st.com/classicalelf/disp/item/648357/,https://pdimg.dot-st.com/images/classicalelf/goods/itemImg64/648357/item_648357_main_05_1774235459.jpg,,https://www.dot-st.com/disp/ranking/?dispNo=001001003&periodTp=3&ageRange=35-39
2026-07-11,20代後半,25-29,1,30%OFF,LOWRYS FARM ヨウリュウシャーリングショートフレンチスリーブ,3811,https://www.dot-st.com/lowrysfarm/disp/item/661674/,https://pdimg.dot-st.com/images/lowrysfarm/goods/itemImg66/661674/item_661674_main_10_1781774961.jpg,SALE,https://www.dot-st.com/disp/ranking/?dispNo=001001003&periodTp=3&ageRange=25-29
2026-07-11,20代後半,25-29,2,28%OFF,LOWRYS FARM シアーシャツＬＳ／接触冷感・吸水速乾,3960,https://www.dot-st.com/lowrysfarm/disp/item/605853/,https://pdimg.dot-st.com/images/lowrysfarm/goods/itemImg60/605853/item_605853_main_08_1783646299.jpg,SALE,https://www.dot-st.com/disp/ranking/?dispNo=001001003&periodTp=3&ageRange=25-29
2026-07-11,20代後半,25-29,3,10%OFF,HARE ストリングリブタンクトップ,2970,https://www.dot-st.com/hare/disp/item/636796/,https://pdimg.dot-st.com/images/hare/goods/itemImg63/636796/item_636796_main_09_1772767891.jpg,,https://www.dot-st.com/disp/ranking/?dispNo=001001003&periodTp=3&ageRange=25-29
2026-07-11,20代後半,25-29,4,niko,and ... ハイカロリーラグランTシャツ,4000,https://www.dot-st.com/nikoand/disp/item/654215/,https://pdimg.dot-st.com/images/nikoand/goods/itemImg65/654215/item_654215_main_81_1781836741.jpg,SALE,https://www.dot-st.com/disp/ranking/?dispNo=001001003&periodTp=3&ageRange=25-29
2026-07-11,20代後半,25-29,5,JEANASIS,シアージャガードシャーリングシャツSS,7190,https://www.dot-st.com/jeanasis/disp/item/859249/,https://pdimg.dot-st.com/images/jeanasis/goods/itemImg85/859249/item_859249_main_82_1778238768.jpg,,https://www.dot-st.com/disp/ranking/?dispNo=001001003&periodTp=3&ageRange=25-29
2026-07-11,20代後半,25-29,6,3%OFF,PAGEBOY 【】スカシリーフニットボレロ,6780,https://www.dot-st.com/pageboy/disp/item/414159/,https://pdimg.dot-st.com/images/pageboy/goods/itemImg41/414159/item_414159_main_09_1780305257.jpg,再入荷,https://www.dot-st.com/disp/ranking/?dispNo=001001003&periodTp=3&ageRange=25-29
2026-07-11,20代後半,25-29,7,LOWRYS,FARM ペプラムチュニックＳＳ,6050,https://www.dot-st.com/lowrysfarm/disp/item/660871/,https://pdimg.dot-st.com/images/lowrysfarm/goods/itemImg66/660871/item_660871_main_06_1783645877.jpg,,https://www.dot-st.com/disp/ranking/?dispNo=001001003&periodTp=3&ageRange=25-29
2026-07-11,20代後半,25-29,8,PAGEBOY,【まるでデニム見え/紫外線カット/接触冷感】マルデニペプラムビスチェ,5990,https://www.dot-st.com/pageboy/disp/item/1032075/,https://pdimg.dot-st.com/images/pageboy/goods/itemImg103/1032075/item_1032075_main_58_1780570356.jpg,NEW,https://www.dot-st.com/disp/ranking/?dispNo=001001003&periodTp=3&ageRange=25-29
2026-07-11,20代後半,25-29,9,JEANASIS,【ミユキ企画】レースキャミチュニック,8250,https://www.dot-st.com/jeanasis/disp/item/664279/,https://pdimg.dot-st.com/images/jeanasis/goods/itemImg66/664279/item_664279_main_78_1774502444.jpg,,https://www.dot-st.com/disp/ranking/?dispNo=001001003&periodTp=3&ageRange=25-29
2026-07-11,20代後半,25-29,10,27%OFF,PAGEBOY 【PBLIM】マーガレットフラワーT,3990,https://www.dot-st.com/pageboy/disp/item/669937/,https://pdimg.dot-st.com/images/pageboy/goods/itemImg66/669937/item_669937_main_05_1781171056.jpg,SALE,https://www.dot-st.com/disp/ranking/?dispNo=001001003&periodTp=3&ageRange=25-29
2026-07-11,30代前半,30-34,1,Chaos,【追加】マチュータンク,22000,https://www.dot-st.com/chaos/disp/item/668401/,https://pdimg.dot-st.com/images/chaos/goods/itemImg66/668401/item_668401_main_02_1782800973.jpg,NEW,https://www.dot-st.com/disp/ranking/?dispNo=001001003&periodTp=3&ageRange=30-34
2026-07-11,30代前半,30-34,2,30%OFF,LOWRYS FARM ヨウリュウシャーリングショートフレンチスリーブ,3811,https://www.dot-st.com/lowrysfarm/disp/item/661674/,https://pdimg.dot-st.com/images/lowrysfarm/goods/itemImg66/661674/item_661674_main_10_1781774961.jpg,SALE,https://www.dot-st.com/disp/ranking/?dispNo=001001003&periodTp=3&ageRange=30-34
2026-07-11,30代前半,30-34,3,28%OFF,LOWRYS FARM シアーシャツＬＳ／接触冷感・吸水速乾,3960,https://www.dot-st.com/lowrysfarm/disp/item/605853/,https://pdimg.dot-st.com/images/lowrysfarm/goods/itemImg60/605853/item_605853_main_08_1783646299.jpg,SALE,https://www.dot-st.com/disp/ranking/?dispNo=001001003&periodTp=3&ageRange=30-34
2026-07-11,30代前半,30-34,4,20%OFF,LOWRYS FARM シャーリングチュニックフレンチスリーブ,4791,https://www.dot-st.com/lowrysfarm/disp/item/581468/,https://pdimg.dot-st.com/images/lowrysfarm/goods/itemImg58/581468/item_581468_main_08_1776892278.jpg,SALE,https://www.dot-st.com/disp/ranking/?dispNo=001001003&periodTp=3&ageRange=30-34
2026-07-11,30代前半,30-34,5,27%OFF,PAGEBOY 【PBLIM】マーガレットフラワーT,3990,https://www.dot-st.com/pageboy/disp/item/669937/,https://pdimg.dot-st.com/images/pageboy/goods/itemImg66/669937/item_669937_main_05_1781171056.jpg,SALE,https://www.dot-st.com/disp/ranking/?dispNo=001001003&periodTp=3&ageRange=30-34
2026-07-11,30代前半,30-34,6,25%OFF,LEPSIM 異素材フリルドッキングT2,3711,https://www.dot-st.com/lepsim/disp/item/667510/,https://pdimg.dot-st.com/images/lepsim/goods/itemImg66/667510/item_667510_main_05_1774510009.jpg,SALE,https://www.dot-st.com/disp/ranking/?dispNo=001001003&periodTp=3&ageRange=30-34
2026-07-11,30代前半,30-34,7,niko,and ... 【Lucky Fes'26】ベースボールシャツ,4500,https://www.dot-st.com/nikoand/disp/item/841035/,https://pdimg.dot-st.com/images/nikoand/goods/itemImg84/841035/item_841035_main_60_1781605241.jpg,,https://www.dot-st.com/disp/ranking/?dispNo=001001003&periodTp=3&ageRange=30-34
2026-07-11,30代前半,30-34,8,LOWRYS,FARM ペプラムチュニックＳＳ,6050,https://www.dot-st.com/lowrysfarm/disp/item/660871/,https://pdimg.dot-st.com/images/lowrysfarm/goods/itemImg66/660871/item_660871_main_06_1783645877.jpg,,https://www.dot-st.com/disp/ranking/?dispNo=001001003&periodTp=3&ageRange=30-34
2026-07-11,30代前半,30-34,9,15%OFF,mysty woman 【復刻】ラッセルレースアンサンブル半袖,5890,https://www.dot-st.com/mystywoman/disp/item/104216/,https://pdimg.dot-st.com/images/mystywoman/goods/itemImg10/104216/item_104216_main_09_1777539562.jpg,SALE / WEB限定,https://www.dot-st.com/disp/ranking/?dispNo=001001003&periodTp=3&ageRange=30-34
2026-07-11,30代前半,30-34,10,niko,and ... ハイカロリーラグランTシャツ,4000,https://www.dot-st.com/nikoand/disp/item/654215/,https://pdimg.dot-st.com/images/nikoand/goods/itemImg65/654215/item_654215_main_81_1781836741.jpg,SALE,https://www.dot-st.com/disp/ranking/?dispNo=001001003&periodTp=3&ageRange=30-34
2026-07-11,30代後半,35-39,1,30%OFF,LOWRYS FARM ヨウリュウシャーリングショートフレンチスリーブ,3811,https://www.dot-st.com/lowrysfarm/disp/item/661674/,https://pdimg.dot-st.com/images/lowrysfarm/goods/itemImg66/661674/item_661674_main_10_1781774961.jpg,SALE,https://www.dot-st.com/disp/ranking/?dispNo=001001003&periodTp=3&ageRange=35-39
2026-07-11,30代後半,35-39,2,25%OFF,LEPSIM 異素材フリルドッキングT2,3711,https://www.dot-st.com/lepsim/disp/item/667510/,https://pdimg.dot-st.com/images/lepsim/goods/itemImg66/667510/item_667510_main_05_1774510009.jpg,SALE,https://www.dot-st.com/disp/ranking/?dispNo=001001003&periodTp=3&ageRange=35-39
2026-07-11,30代後半,35-39,3,20%OFF,LOWRYS FARM シャーリングチュニックフレンチスリーブ,4791,https://www.dot-st.com/lowrysfarm/disp/item/581468/,https://pdimg.dot-st.com/images/lowrysfarm/goods/itemImg58/581468/item_581468_main_08_1776892278.jpg,SALE,https://www.dot-st.com/disp/ranking/?dispNo=001001003&periodTp=3&ageRange=35-39
2026-07-11,30代後半,35-39,4,LEPSIM,裾ドロストアソートシャツSS,5990,https://www.dot-st.com/lepsim/disp/item/1023535/,https://pdimg.dot-st.com/images/lepsim/goods/itemImg102/1023535/item_1023535_main_09_1781962775.jpg,NEW,https://www.dot-st.com/disp/ranking/?dispNo=001001003&periodTp=3&ageRange=35-39
2026-07-11,30代後半,35-39,5,25%OFF,LEPSIM パネルレースレイヤーベスト,4092,https://www.dot-st.com/lepsim/disp/item/670543/,https://pdimg.dot-st.com/images/lepsim/goods/itemImg67/670543/item_670543_main_09_1779440314.jpg,SALE,https://www.dot-st.com/disp/ranking/?dispNo=001001003&periodTp=3&ageRange=35-39
2026-07-11,30代後半,35-39,6,niko,and ... ハイカロリーラグランTシャツ,4000,https://www.dot-st.com/nikoand/disp/item/654215/,https://pdimg.dot-st.com/images/nikoand/goods/itemImg65/654215/item_654215_main_81_1781836741.jpg,SALE,https://www.dot-st.com/disp/ranking/?dispNo=001001003&periodTp=3&ageRange=35-39
2026-07-11,30代後半,35-39,7,37%OFF,Classical Elf ラフなのに品よく見える。軽やかぽこぽこフクレジャガードトップス（半袖）ce1260557,2499,https://www.dot-st.com/classicalelf/disp/item/648357/,https://pdimg.dot-st.com/images/classicalelf/goods/itemImg64/648357/item_648357_main_05_1774235459.jpg,,https://www.dot-st.com/disp/ranking/?dispNo=001001003&periodTp=3&ageRange=35-39
2026-07-11,30代後半,35-39,8,44%OFF,Classical Elf 綿100％ユニセックスレシピ刺繍ビッグロゴロックTシャツjv1050170,2798,https://www.dot-st.com/classicalelf/disp/item/293421/,https://pdimg.dot-st.com/images/classicalelf/goods/itemImg29/293421/item_293421_main_19_1741851087.jpg,,https://www.dot-st.com/disp/ranking/?dispNo=001001003&periodTp=3&ageRange=35-39
2026-07-11,30代後半,35-39,9,GLOBAL,WORK GOODデニムシャツ半袖/655908,4990,https://www.dot-st.com/globalwork/disp/item/655908/,https://pdimg.dot-st.com/images/globalwork/goods/itemImg65/655908/item_655908_main_86_1777600034.jpg,NEW,https://www.dot-st.com/disp/ranking/?dispNo=001001003&periodTp=3&ageRange=35-39
2026-07-11,30代後半,35-39,10,25%OFF,LEPSIM 2WAYレースキャミT,3711,https://www.dot-st.com/lepsim/disp/item/816421/,https://pdimg.dot-st.com/images/lepsim/goods/itemImg81/816421/item_816421_main_18_1780030552.jpg,SALE,https://www.dot-st.com/disp/ranking/?dispNo=001001003&periodTp=3&ageRange=35-39
2026-07-12,20代後半,25-29,1,30%OFF,LOWRYS FARM ヨウリュウシャーリングショートフレンチスリーブ,3811,https://www.dot-st.com/lowrysfarm/disp/item/661674/,https://pdimg.dot-st.com/images/lowrysfarm/goods/itemImg66/661674/item_661674_main_10_1781774961.jpg,SALE,https://www.dot-st.com/disp/ranking/?dispNo=001001003&periodTp=3&ageRange=25-29
2026-07-12,20代後半,25-29,2,28%OFF,LOWRYS FARM シアーシャツＬＳ／接触冷感・吸水速乾,3960,https://www.dot-st.com/lowrysfarm/disp/item/605853/,https://pdimg.dot-st.com/images/lowrysfarm/goods/itemImg60/605853/item_605853_main_08_1783646299.jpg,SALE,https://www.dot-st.com/disp/ranking/?dispNo=001001003&periodTp=3&ageRange=25-29
2026-07-12,20代後半,25-29,3,RAGEBLUE,【ハローキティ】マルチボーダーポロセットアップ,7990,https://www.dot-st.com/rageblue/disp/item/1041983/,https://pdimg.dot-st.com/images/rageblue/goods/itemImg104/1041983/item_1041983_main_23_1780564949.jpg,NEW,https://www.dot-st.com/disp/ranking/?dispNo=001001003&periodTp=3&ageRange=25-29
2026-07-12,20代後半,25-29,4,LOWRYS,FARM 【WEB】シャーリングブラウスフレンチスリーブ,6600,https://www.dot-st.com/lowrysfarm/disp/item/1046442/,https://pdimg.dot-st.com/images/lowrysfarm/goods/itemImg104/1046442/item_1046442_main_52_1781769038.jpg,予約,https://www.dot-st.com/disp/ranking/?dispNo=001001003&periodTp=3&ageRange=25-29
2026-07-12,20代後半,25-29,5,LOWRYS,FARM ペプラムチュニックＳＳ,6050,https://www.dot-st.com/lowrysfarm/disp/item/660871/,https://pdimg.dot-st.com/images/lowrysfarm/goods/itemImg66/660871/item_660871_main_06_1783645877.jpg,,https://www.dot-st.com/disp/ranking/?dispNo=001001003&periodTp=3&ageRange=25-29
2026-07-12,20代後半,25-29,6,15%OFF,mysty woman 【復刻】ラッセルレースアンサンブル半袖,5890,https://www.dot-st.com/mystywoman/disp/item/104216/,https://pdimg.dot-st.com/images/mystywoman/goods/itemImg10/104216/item_104216_main_09_1777539562.jpg,SALE / WEB限定,https://www.dot-st.com/disp/ranking/?dispNo=001001003&periodTp=3&ageRange=25-29
2026-07-12,20代後半,25-29,7,LOWRYS,FARM パターンメッシュポロカーディガン,5500,https://www.dot-st.com/lowrysfarm/disp/item/1043039/,https://pdimg.dot-st.com/images/lowrysfarm/goods/itemImg104/1043039/item_1043039_main_35_1781689428.jpg,NEW,https://www.dot-st.com/disp/ranking/?dispNo=001001003&periodTp=3&ageRange=25-29
2026-07-12,20代後半,25-29,8,20%OFF,LOWRYS FARM シャーリングチュニックフレンチスリーブ,4791,https://www.dot-st.com/lowrysfarm/disp/item/581468/,https://pdimg.dot-st.com/images/lowrysfarm/goods/itemImg58/581468/item_581468_main_08_1776892278.jpg,SALE,https://www.dot-st.com/disp/ranking/?dispNo=001001003&periodTp=3&ageRange=25-29
2026-07-12,20代後半,25-29,9,20%OFF,PAGEBOY 【】レースカイキンシャツ (半袖),5280,https://www.dot-st.com/pageboy/disp/item/492982/,https://pdimg.dot-st.com/images/pageboy/goods/itemImg49/492982/item_492982_main_89_1745384690.jpg,WEB限定,https://www.dot-st.com/disp/ranking/?dispNo=001001003&periodTp=3&ageRange=25-29
2026-07-12,20代後半,25-29,10,10%OFF,HARE ストリングリブタンクトップ,2970,https://www.dot-st.com/hare/disp/item/636796/,https://pdimg.dot-st.com/images/hare/goods/itemImg63/636796/item_636796_main_09_1772767891.jpg,,https://www.dot-st.com/disp/ranking/?dispNo=001001003&periodTp=3&ageRange=25-29
2026-07-12,30代前半,30-34,1,30%OFF,LOWRYS FARM ヨウリュウシャーリングショートフレンチスリーブ,3811,https://www.dot-st.com/lowrysfarm/disp/item/661674/,https://pdimg.dot-st.com/images/lowrysfarm/goods/itemImg66/661674/item_661674_main_10_1781774961.jpg,SALE,https://www.dot-st.com/disp/ranking/?dispNo=001001003&periodTp=3&ageRange=30-34
2026-07-12,30代前半,30-34,2,25%OFF,LEPSIM 異素材フリルドッキングT2,3711,https://www.dot-st.com/lepsim/disp/item/667510/,https://pdimg.dot-st.com/images/lepsim/goods/itemImg66/667510/item_667510_main_05_1774510009.jpg,SALE,https://www.dot-st.com/disp/ranking/?dispNo=001001003&periodTp=3&ageRange=30-34
2026-07-12,30代前半,30-34,3,50%OFF,JEANASIS ギャザーヘムフリルTEE,2494,https://www.dot-st.com/jeanasis/disp/item/862531/,https://pdimg.dot-st.com/images/jeanasis/goods/itemImg86/862531/item_862531_main_05_1779960387.jpg,SALE,https://www.dot-st.com/disp/ranking/?dispNo=001001003&periodTp=3&ageRange=30-34
2026-07-12,30代前半,30-34,4,20%OFF,LOWRYS FARM フライスチビＴＥＥ,3168,https://www.dot-st.com/lowrysfarm/disp/item/637055/,https://pdimg.dot-st.com/images/lowrysfarm/goods/itemImg63/637055/item_637055_main_58_1776131816.jpg,,https://www.dot-st.com/disp/ranking/?dispNo=001001003&periodTp=3&ageRange=30-34
2026-07-12,30代前半,30-34,5,28%OFF,LOWRYS FARM シアーシャツＬＳ／接触冷感・吸水速乾,3960,https://www.dot-st.com/lowrysfarm/disp/item/605853/,https://pdimg.dot-st.com/images/lowrysfarm/goods/itemImg60/605853/item_605853_main_08_1783646299.jpg,SALE,https://www.dot-st.com/disp/ranking/?dispNo=001001003&periodTp=3&ageRange=30-34
2026-07-12,30代前半,30-34,6,20%OFF,LOWRYS FARM シャーリングチュニックフレンチスリーブ,4791,https://www.dot-st.com/lowrysfarm/disp/item/581468/,https://pdimg.dot-st.com/images/lowrysfarm/goods/itemImg58/581468/item_581468_main_08_1776892278.jpg,SALE,https://www.dot-st.com/disp/ranking/?dispNo=001001003&periodTp=3&ageRange=30-34
2026-07-12,30代前半,30-34,7,GLOBAL,WORK 【HELLO KITTY】ヘビロッTEE/871909,3990,https://www.dot-st.com/globalwork/disp/item/871909/,https://pdimg.dot-st.com/images/globalwork/goods/itemImg87/871909/item_871909_main_05_1783647003.jpg,NEW,https://www.dot-st.com/disp/ranking/?dispNo=001001003&periodTp=3&ageRange=30-34
2026-07-12,30代前半,30-34,8,LOWRYS,FARM ソウバリスクエアタンクトップ,3850,https://www.dot-st.com/lowrysfarm/disp/item/294378/,https://pdimg.dot-st.com/images/lowrysfarm/goods/itemImg29/294378/item_294378_main_02_1776846779.jpg,,https://www.dot-st.com/disp/ranking/?dispNo=001001003&periodTp=3&ageRange=30-34
2026-07-12,30代前半,30-34,9,LOWRYS,FARM メランジポロフレンチスリーブ,4950,https://www.dot-st.com/lowrysfarm/disp/item/1045953/,https://pdimg.dot-st.com/images/lowrysfarm/goods/itemImg104/1045953/item_1045953_main_10_1781836083.jpg,NEW,https://www.dot-st.com/disp/ranking/?dispNo=001001003&periodTp=3&ageRange=30-34
2026-07-12,30代前半,30-34,10,37%OFF,Classical Elf ラフなのに品よく見える。軽やかぽこぽこフクレジャガードトップス（半袖）ce1260557,2499,https://www.dot-st.com/classicalelf/disp/item/648357/,https://pdimg.dot-st.com/images/classicalelf/goods/itemImg64/648357/item_648357_main_05_1774235459.jpg,,https://www.dot-st.com/disp/ranking/?dispNo=001001003&periodTp=3&ageRange=30-34
2026-07-12,30代後半,35-39,1,30%OFF,LOWRYS FARM ヨウリュウシャーリングショートフレンチスリーブ,3811,https://www.dot-st.com/lowrysfarm/disp/item/661674/,https://pdimg.dot-st.com/images/lowrysfarm/goods/itemImg66/661674/item_661674_main_10_1781774961.jpg,SALE,https://www.dot-st.com/disp/ranking/?dispNo=001001003&periodTp=3&ageRange=35-39
2026-07-12,30代後半,35-39,2,37%OFF,Classical Elf ラフなのに品よく見える。軽やかぽこぽこフクレジャガードトップス（半袖）ce1260557,2499,https://www.dot-st.com/classicalelf/disp/item/648357/,https://pdimg.dot-st.com/images/classicalelf/goods/itemImg64/648357/item_648357_main_05_1774235459.jpg,,https://www.dot-st.com/disp/ranking/?dispNo=001001003&periodTp=3&ageRange=35-39
2026-07-12,30代後半,35-39,3,LEPSIM,裾ドロストアソートシャツSS,5990,https://www.dot-st.com/lepsim/disp/item/1023535/,https://pdimg.dot-st.com/images/lepsim/goods/itemImg102/1023535/item_1023535_main_09_1781962775.jpg,NEW,https://www.dot-st.com/disp/ranking/?dispNo=001001003&periodTp=3&ageRange=35-39
2026-07-12,30代後半,35-39,4,GLOBAL,WORK 【HELLO KITTY】ヘビロッTEE/871909,3990,https://www.dot-st.com/globalwork/disp/item/871909/,https://pdimg.dot-st.com/images/globalwork/goods/itemImg87/871909/item_871909_main_05_1783647003.jpg,NEW,https://www.dot-st.com/disp/ranking/?dispNo=001001003&periodTp=3&ageRange=35-39
2026-07-12,30代後半,35-39,5,JEANASIS,【ハローキティ】カットカーディガンSS,4950,https://www.dot-st.com/jeanasis/disp/item/1044339/,https://pdimg.dot-st.com/images/jeanasis/goods/itemImg104/1044339/item_1044339_main_01_1782718323.jpg,NEW,https://www.dot-st.com/disp/ranking/?dispNo=001001003&periodTp=3&ageRange=35-39
2026-07-12,30代後半,35-39,6,25%OFF,LEPSIM 異素材フリルドッキングT2,3711,https://www.dot-st.com/lepsim/disp/item/667510/,https://pdimg.dot-st.com/images/lepsim/goods/itemImg66/667510/item_667510_main_05_1774510009.jpg,SALE,https://www.dot-st.com/disp/ranking/?dispNo=001001003&periodTp=3&ageRange=35-39
2026-07-12,30代後半,35-39,7,25%OFF,LEPSIM パネルレースレイヤーベスト,4092,https://www.dot-st.com/lepsim/disp/item/670543/,https://pdimg.dot-st.com/images/lepsim/goods/itemImg67/670543/item_670543_main_09_1779440314.jpg,SALE,https://www.dot-st.com/disp/ranking/?dispNo=001001003&periodTp=3&ageRange=35-39
2026-07-12,30代後半,35-39,8,35%OFF,LEPSIM サラキレポンチョチュニックSS,3542,https://www.dot-st.com/lepsim/disp/item/290265/,https://pdimg.dot-st.com/images/lepsim/goods/itemImg29/290265/item_290265_main_75_1775533839.jpg,SALE,https://www.dot-st.com/disp/ranking/?dispNo=001001003&periodTp=3&ageRange=35-39
2026-07-12,30代後半,35-39,9,GLOBAL,WORK 【FRUITS ZIPPER 鎮西寿々歌さん着用】リッチクリーンプリントT半袖/636780,3490,https://www.dot-st.com/globalwork/disp/item/636780/,https://pdimg.dot-st.com/images/globalwork/goods/itemImg63/636780/item_636780_main_88_1782438635.jpg,,https://www.dot-st.com/disp/ranking/?dispNo=001001003&periodTp=3&ageRange=35-39
2026-07-12,30代後半,35-39,10,28%OFF,LOWRYS FARM シアーシャツＬＳ／接触冷感・吸水速乾,3960,https://www.dot-st.com/lowrysfarm/disp/item/605853/,https://pdimg.dot-st.com/images/lowrysfarm/goods/itemImg60/605853/item_605853_main_08_1783646299.jpg,SALE,https://www.dot-st.com/disp/ranking/?dispNo=001001003&periodTp=3&ageRange=35-39
2026-07-13,20代後半,25-29,1,30%OFF,LOWRYS FARM ヨウリュウシャーリングショートフレンチスリーブ,3811,https://www.dot-st.com/lowrysfarm/disp/item/661674/,https://pdimg.dot-st.com/images/lowrysfarm/goods/itemImg66/661674/item_661674_main_10_1781774961.jpg,SALE,https://www.dot-st.com/disp/ranking/?dispNo=001001003&periodTp=3&ageRange=25-29
2026-07-13,20代後半,25-29,2,20%OFF,LOWRYS FARM シャーリングチュニックフレンチスリーブ,4791,https://www.dot-st.com/lowrysfarm/disp/item/581468/,https://pdimg.dot-st.com/images/lowrysfarm/goods/itemImg58/581468/item_581468_main_08_1776892278.jpg,SALE,https://www.dot-st.com/disp/ranking/?dispNo=001001003&periodTp=3&ageRange=25-29
2026-07-13,20代後半,25-29,3,10%OFF,HARE ストリングリブタンクトップ,2970,https://www.dot-st.com/hare/disp/item/636796/,https://pdimg.dot-st.com/images/hare/goods/itemImg63/636796/item_636796_main_09_1772767891.jpg,,https://www.dot-st.com/disp/ranking/?dispNo=001001003&periodTp=3&ageRange=25-29
2026-07-13,20代後半,25-29,4,20%OFF,LOWRYS FARM フライスチビＴＥＥ,3168,https://www.dot-st.com/lowrysfarm/disp/item/637055/,https://pdimg.dot-st.com/images/lowrysfarm/goods/itemImg63/637055/item_637055_main_58_1776131816.jpg,,https://www.dot-st.com/disp/ranking/?dispNo=001001003&periodTp=3&ageRange=25-29
2026-07-13,20代後半,25-29,5,LOWRYS,FARM ソウバリスクエアタンクトップ,3850,https://www.dot-st.com/lowrysfarm/disp/item/294378/,https://pdimg.dot-st.com/images/lowrysfarm/goods/itemImg29/294378/item_294378_main_02_1776846779.jpg,,https://www.dot-st.com/disp/ranking/?dispNo=001001003&periodTp=3&ageRange=25-29
2026-07-13,20代後半,25-29,6,niko,and ... ハイカロリーラグランTシャツ,4000,https://www.dot-st.com/nikoand/disp/item/654215/,https://pdimg.dot-st.com/images/nikoand/goods/itemImg65/654215/item_654215_main_81_1781836741.jpg,SALE,https://www.dot-st.com/disp/ranking/?dispNo=001001003&periodTp=3&ageRange=25-29
2026-07-13,20代後半,25-29,7,15%OFF,mysty woman ラッセルレースアンサンブル2,6077,https://www.dot-st.com/mystywoman/disp/item/659886/,https://pdimg.dot-st.com/images/mystywoman/goods/itemImg65/659886/item_659886_main_09_1776233894.jpg,SALE,https://www.dot-st.com/disp/ranking/?dispNo=001001003&periodTp=3&ageRange=25-29
2026-07-13,20代後半,25-29,8,JEANASIS,シアージャガードシャーリングシャツSS,7190,https://www.dot-st.com/jeanasis/disp/item/859249/,https://pdimg.dot-st.com/images/jeanasis/goods/itemImg85/859249/item_859249_main_82_1778238768.jpg,,https://www.dot-st.com/disp/ranking/?dispNo=001001003&periodTp=3&ageRange=25-29
2026-07-13,20代後半,25-29,9,LOWRYS,FARM ヨウリュウシシュウノースリーブ,6990,https://www.dot-st.com/lowrysfarm/disp/item/867766/,https://pdimg.dot-st.com/images/lowrysfarm/goods/itemImg86/867766/item_867766_main_05_1779790204.jpg,NEW,https://www.dot-st.com/disp/ranking/?dispNo=001001003&periodTp=3&ageRange=25-29
2026-07-13,20代後半,25-29,10,LOWRYS,FARM メランジポロフレンチスリーブ,4950,https://www.dot-st.com/lowrysfarm/disp/item/1045953/,https://pdimg.dot-st.com/images/lowrysfarm/goods/itemImg104/1045953/item_1045953_main_10_1781836083.jpg,NEW,https://www.dot-st.com/disp/ranking/?dispNo=001001003&periodTp=3&ageRange=25-29
2026-07-13,30代前半,30-34,1,30%OFF,LOWRYS FARM ヨウリュウシャーリングショートフレンチスリーブ,3811,https://www.dot-st.com/lowrysfarm/disp/item/661674/,https://pdimg.dot-st.com/images/lowrysfarm/goods/itemImg66/661674/item_661674_main_10_1781774961.jpg,SALE,https://www.dot-st.com/disp/ranking/?dispNo=001001003&periodTp=3&ageRange=30-34
2026-07-13,30代前半,30-34,2,25%OFF,LEPSIM 異素材フリルドッキングT2,3711,https://www.dot-st.com/lepsim/disp/item/667510/,https://pdimg.dot-st.com/images/lepsim/goods/itemImg66/667510/item_667510_main_05_1774510009.jpg,SALE,https://www.dot-st.com/disp/ranking/?dispNo=001001003&periodTp=3&ageRange=30-34
2026-07-13,30代前半,30-34,3,20%OFF,LOWRYS FARM シャーリングチュニックフレンチスリーブ,4791,https://www.dot-st.com/lowrysfarm/disp/item/581468/,https://pdimg.dot-st.com/images/lowrysfarm/goods/itemImg58/581468/item_581468_main_08_1776892278.jpg,SALE,https://www.dot-st.com/disp/ranking/?dispNo=001001003&periodTp=3&ageRange=30-34
2026-07-13,30代前半,30-34,4,28%OFF,LOWRYS FARM シアーシャツＬＳ／接触冷感・吸水速乾,3960,https://www.dot-st.com/lowrysfarm/disp/item/605853/,https://pdimg.dot-st.com/images/lowrysfarm/goods/itemImg60/605853/item_605853_main_08_1783646299.jpg,SALE,https://www.dot-st.com/disp/ranking/?dispNo=001001003&periodTp=3&ageRange=30-34
2026-07-13,30代前半,30-34,5,44%OFF,niko and ... 【選べる着丈】アソートレーストリムキャミ,2799,https://www.dot-st.com/nikoand/disp/item/881664/,https://pdimg.dot-st.com/images/nikoand/goods/itemImg88/881664/item_881664_main_19_1780451372.jpg,SALE,https://www.dot-st.com/disp/ranking/?dispNo=001001003&periodTp=3&ageRange=30-34
2026-07-13,30代前半,30-34,6,60%OFF,Classical Elf 重ねてる風、が今っぽい。ビスチェ風チュールフリルドッキングTシャツce1010572,1998,https://www.dot-st.com/classicalelf/disp/item/644054/,https://pdimg.dot-st.com/images/classicalelf/goods/itemImg64/644054/item_644054_main_07_1774576857.jpg,,https://www.dot-st.com/disp/ranking/?dispNo=001001003&periodTp=3&ageRange=30-34
2026-07-13,30代前半,30-34,7,GLOBAL,WORK 【FRUITS ZIPPER 鎮西寿々歌さん着用】サラサラDRYスクエアタンク/636753,1980,https://www.dot-st.com/globalwork/disp/item/636753/,https://pdimg.dot-st.com/images/globalwork/goods/itemImg63/636753/item_636753_main_05_1782436061.jpg,,https://www.dot-st.com/disp/ranking/?dispNo=001001003&periodTp=3&ageRange=30-34
2026-07-13,30代前半,30-34,8,LOWRYS,FARM ソウバリスクエアタンクトップ,3850,https://www.dot-st.com/lowrysfarm/disp/item/294378/,https://pdimg.dot-st.com/images/lowrysfarm/goods/itemImg29/294378/item_294378_main_02_1776846779.jpg,,https://www.dot-st.com/disp/ranking/?dispNo=001001003&periodTp=3&ageRange=30-34
2026-07-13,30代前半,30-34,9,37%OFF,Classical Elf ラフなのに品よく見える。軽やかぽこぽこフクレジャガードトップス（半袖）ce1260557,2499,https://www.dot-st.com/classicalelf/disp/item/648357/,https://pdimg.dot-st.com/images/classicalelf/goods/itemImg64/648357/item_648357_main_05_1774235459.jpg,,https://www.dot-st.com/disp/ranking/?dispNo=001001003&periodTp=3&ageRange=30-34
2026-07-13,30代前半,30-34,10,GLOBAL,WORK 【HELLO KITTY】ヘビロッTEE/871909,3990,https://www.dot-st.com/globalwork/disp/item/871909/,https://pdimg.dot-st.com/images/globalwork/goods/itemImg87/871909/item_871909_main_05_1783647003.jpg,NEW,https://www.dot-st.com/disp/ranking/?dispNo=001001003&periodTp=3&ageRange=30-34
2026-07-13,30代後半,35-39,1,30%OFF,LOWRYS FARM ヨウリュウシャーリングショートフレンチスリーブ,3811,https://www.dot-st.com/lowrysfarm/disp/item/661674/,https://pdimg.dot-st.com/images/lowrysfarm/goods/itemImg66/661674/item_661674_main_10_1781774961.jpg,SALE,https://www.dot-st.com/disp/ranking/?dispNo=001001003&periodTp=3&ageRange=35-39
2026-07-13,30代後半,35-39,2,25%OFF,LEPSIM 異素材フリルドッキングT2,3711,https://www.dot-st.com/lepsim/disp/item/667510/,https://pdimg.dot-st.com/images/lepsim/goods/itemImg66/667510/item_667510_main_05_1774510009.jpg,SALE,https://www.dot-st.com/disp/ranking/?dispNo=001001003&periodTp=3&ageRange=35-39
2026-07-13,30代後半,35-39,3,GLOBAL,WORK 【HELLO KITTY】ヘビロッTEE/871909,3990,https://www.dot-st.com/globalwork/disp/item/871909/,https://pdimg.dot-st.com/images/globalwork/goods/itemImg87/871909/item_871909_main_05_1783647003.jpg,NEW,https://www.dot-st.com/disp/ranking/?dispNo=001001003&periodTp=3&ageRange=35-39
2026-07-13,30代後半,35-39,4,37%OFF,Classical Elf ラフなのに品よく見える。軽やかぽこぽこフクレジャガードトップス（半袖）ce1260557,2499,https://www.dot-st.com/classicalelf/disp/item/648357/,https://pdimg.dot-st.com/images/classicalelf/goods/itemImg64/648357/item_648357_main_05_1774235459.jpg,,https://www.dot-st.com/disp/ranking/?dispNo=001001003&periodTp=3&ageRange=35-39
2026-07-13,30代後半,35-39,5,24%OFF,BONJOUR SAGAN カレッジ刺繍ピグメントスウェットTシャツ,2999,https://www.dot-st.com/bonjoursagan/disp/item/674606/,https://pdimg.dot-st.com/images/bonjoursagan/goods/itemImg67/674606/item_674606_main_15_1773647629.jpg,,https://www.dot-st.com/disp/ranking/?dispNo=001001003&periodTp=3&ageRange=35-39
2026-07-13,30代後半,35-39,6,35%OFF,LEPSIM サラキレポンチョチュニックSS,3542,https://www.dot-st.com/lepsim/disp/item/290265/,https://pdimg.dot-st.com/images/lepsim/goods/itemImg29/290265/item_290265_main_75_1775533839.jpg,SALE,https://www.dot-st.com/disp/ranking/?dispNo=001001003&periodTp=3&ageRange=35-39
2026-07-13,30代後半,35-39,7,LEPSIM,シアーリブギャザーカーデチュニック,5990,https://www.dot-st.com/lepsim/disp/item/1046510/,https://pdimg.dot-st.com/images/lepsim/goods/itemImg104/1046510/item_1046510_main_18_1782273493.jpg,NEW,https://www.dot-st.com/disp/ranking/?dispNo=001001003&periodTp=3&ageRange=35-39
2026-07-13,30代後半,35-39,8,GLOBAL,WORK 【FRUITS ZIPPER 鎮西寿々歌さん着用】サラサラDRYスクエアタンク/636753,1980,https://www.dot-st.com/globalwork/disp/item/636753/,https://pdimg.dot-st.com/images/globalwork/goods/itemImg63/636753/item_636753_main_05_1782436061.jpg,,https://www.dot-st.com/disp/ranking/?dispNo=001001003&periodTp=3&ageRange=35-39
2026-07-13,30代後半,35-39,9,12%OFF,studio CLIP 【新色追加】2WAYレースタンクトップ[プラスサイズあり],2610,https://www.dot-st.com/studioclip/disp/item/647904/,https://pdimg.dot-st.com/images/studioclip/goods/itemImg64/647904/item_647904_main_12_1778224112.jpg,SALE,https://www.dot-st.com/disp/ranking/?dispNo=001001003&periodTp=3&ageRange=35-39
2026-07-13,30代後半,35-39,10,25%OFF,LEPSIM 2WAYレースキャミT,3711,https://www.dot-st.com/lepsim/disp/item/816421/,https://pdimg.dot-st.com/images/lepsim/goods/itemImg81/816421/item_816421_main_18_1780030552.jpg,SALE,https://www.dot-st.com/disp/ranking/?dispNo=001001003&periodTp=3&ageRange=35-39
2026-07-14,20代後半,25-29,1,30%OFF,LOWRYS FARM ヨウリュウシャーリングショートフレンチスリーブ,3850,https://www.dot-st.com/lowrysfarm/disp/item/661674/,https://pdimg.dot-st.com/images/lowrysfarm/goods/itemImg66/661674/item_661674_main_10_1781774961.jpg,SALE,https://www.dot-st.com/disp/ranking/?dispNo=001001003&periodTp=3&ageRange=25-29
2026-07-14,20代後半,25-29,2,20%OFF,LOWRYS FARM シャーリングチュニックフレンチスリーブ,4840,https://www.dot-st.com/lowrysfarm/disp/item/581468/,https://pdimg.dot-st.com/images/lowrysfarm/goods/itemImg58/581468/item_581468_main_08_1776892278.jpg,SALE,https://www.dot-st.com/disp/ranking/?dispNo=001001003&periodTp=3&ageRange=25-29
2026-07-14,20代後半,25-29,3,LOWRYS,FARM メランジポロフレンチスリーブ,4950,https://www.dot-st.com/lowrysfarm/disp/item/1045953/,https://pdimg.dot-st.com/images/lowrysfarm/goods/itemImg104/1045953/item_1045953_main_10_1781836083.jpg,NEW,https://www.dot-st.com/disp/ranking/?dispNo=001001003&periodTp=3&ageRange=25-29
2026-07-14,20代後半,25-29,4,HARE,【接触冷感】フラワーアートバックプリントカット,6930,https://www.dot-st.com/hare/disp/item/680063/,https://pdimg.dot-st.com/images/hare/goods/itemImg68/680063/item_680063_main_05_1776405828.jpg,NEW,https://www.dot-st.com/disp/ranking/?dispNo=001001003&periodTp=3&ageRange=25-29
2026-07-14,20代後半,25-29,5,HARE,【新色受付中 LADIES】チャイナカナグリブニット,7920,https://www.dot-st.com/hare/disp/item/647105/,https://pdimg.dot-st.com/images/hare/goods/itemImg64/647105/item_647105_main_85_1776311702.jpg,NEW / 予約,https://www.dot-st.com/disp/ranking/?dispNo=001001003&periodTp=3&ageRange=25-29
2026-07-14,20代後半,25-29,6,HARE,2WAYランダムリブラメタンクトップ,4950,https://www.dot-st.com/hare/disp/item/636820/,https://pdimg.dot-st.com/images/hare/goods/itemImg63/636820/item_636820_main_09_1775108366.jpg,NEW,https://www.dot-st.com/disp/ranking/?dispNo=001001003&periodTp=3&ageRange=25-29
2026-07-14,20代後半,25-29,7,LOWRYS,FARM ヨウリュウシシュウノースリーブ,6990,https://www.dot-st.com/lowrysfarm/disp/item/867766/,https://pdimg.dot-st.com/images/lowrysfarm/goods/itemImg86/867766/item_867766_main_05_1779790204.jpg,NEW,https://www.dot-st.com/disp/ranking/?dispNo=001001003&periodTp=3&ageRange=25-29
2026-07-14,20代後半,25-29,8,GLOBAL,WORK リッチクリーンTシャツ/半袖プリント/636394,3990,https://www.dot-st.com/globalwork/disp/item/636394/,https://pdimg.dot-st.com/images/globalwork/goods/itemImg63/636394/item_636394_main_05_1778238037.jpg,,https://www.dot-st.com/disp/ranking/?dispNo=001001003&periodTp=3&ageRange=25-29
2026-07-14,20代後半,25-29,9,20%OFF,LOWRYS FARM シアーシャツＬＳ／接触冷感・吸水速乾,4400,https://www.dot-st.com/lowrysfarm/disp/item/605853/,https://pdimg.dot-st.com/images/lowrysfarm/goods/itemImg60/605853/item_605853_main_08_1783646299.jpg,SALE,https://www.dot-st.com/disp/ranking/?dispNo=001001003&periodTp=3&ageRange=25-29
2026-07-14,20代後半,25-29,10,Heather,【大好評追加受付中】ボリュームチュールキャミ,7700,https://www.dot-st.com/heather/disp/item/659558/,https://pdimg.dot-st.com/images/heather/goods/itemImg65/659558/item_659558_main_08_1772534057.jpg,予約,https://www.dot-st.com/disp/ranking/?dispNo=001001003&periodTp=3&ageRange=25-29
2026-07-14,30代前半,30-34,1,30%OFF,LOWRYS FARM ヨウリュウシャーリングショートフレンチスリーブ,3850,https://www.dot-st.com/lowrysfarm/disp/item/661674/,https://pdimg.dot-st.com/images/lowrysfarm/goods/itemImg66/661674/item_661674_main_10_1781774961.jpg,SALE,https://www.dot-st.com/disp/ranking/?dispNo=001001003&periodTp=3&ageRange=30-34
2026-07-14,30代前半,30-34,2,20%OFF,LOWRYS FARM シャーリングチュニックフレンチスリーブ,4840,https://www.dot-st.com/lowrysfarm/disp/item/581468/,https://pdimg.dot-st.com/images/lowrysfarm/goods/itemImg58/581468/item_581468_main_08_1776892278.jpg,SALE,https://www.dot-st.com/disp/ranking/?dispNo=001001003&periodTp=3&ageRange=30-34
2026-07-14,30代前半,30-34,3,20%OFF,LEPSIM 異素材フリルドッキングT2,3991,https://www.dot-st.com/lepsim/disp/item/667510/,https://pdimg.dot-st.com/images/lepsim/goods/itemImg66/667510/item_667510_main_05_1774510009.jpg,SALE,https://www.dot-st.com/disp/ranking/?dispNo=001001003&periodTp=3&ageRange=30-34
2026-07-14,30代前半,30-34,4,GLOBAL,WORK 【HELLO KITTY】ヘビロッTEE/871909,3990,https://www.dot-st.com/globalwork/disp/item/871909/,https://pdimg.dot-st.com/images/globalwork/goods/itemImg87/871909/item_871909_main_05_1783647003.jpg,NEW,https://www.dot-st.com/disp/ranking/?dispNo=001001003&periodTp=3&ageRange=30-34
2026-07-14,30代前半,30-34,5,Classical,Elf ラフなのに品よく見える。軽やかぽこぽこフクレジャガードトップス（半袖）ce1260557,3998,https://www.dot-st.com/classicalelf/disp/item/648357/,https://pdimg.dot-st.com/images/classicalelf/goods/itemImg64/648357/item_648357_main_05_1774235459.jpg,,https://www.dot-st.com/disp/ranking/?dispNo=001001003&periodTp=3&ageRange=30-34
2026-07-14,30代前半,30-34,6,20%OFF,LEPSIM パネルレースレイヤーベスト,4400,https://www.dot-st.com/lepsim/disp/item/670543/,https://pdimg.dot-st.com/images/lepsim/goods/itemImg67/670543/item_670543_main_09_1779440314.jpg,SALE,https://www.dot-st.com/disp/ranking/?dispNo=001001003&periodTp=3&ageRange=30-34
2026-07-14,30代前半,30-34,7,HARE,ストリングリブタンクトップ,3300,https://www.dot-st.com/hare/disp/item/636796/,https://pdimg.dot-st.com/images/hare/goods/itemImg63/636796/item_636796_main_09_1772767891.jpg,,https://www.dot-st.com/disp/ranking/?dispNo=001001003&periodTp=3&ageRange=30-34
2026-07-14,30代前半,30-34,8,GLOBAL,WORK 【FRUITS ZIPPER 鎮西寿々歌さん着用】リッチクリーンプリントT半袖/636780,3490,https://www.dot-st.com/globalwork/disp/item/636780/,https://pdimg.dot-st.com/images/globalwork/goods/itemImg63/636780/item_636780_main_88_1782438635.jpg,,https://www.dot-st.com/disp/ranking/?dispNo=001001003&periodTp=3&ageRange=30-34
2026-07-14,30代前半,30-34,9,LOWRYS,FARM ソウバリスクエアタンクトップ,3850,https://www.dot-st.com/lowrysfarm/disp/item/294378/,https://pdimg.dot-st.com/images/lowrysfarm/goods/itemImg29/294378/item_294378_main_02_1776846779.jpg,,https://www.dot-st.com/disp/ranking/?dispNo=001001003&periodTp=3&ageRange=30-34
2026-07-14,30代前半,30-34,10,LOWRYS,FARM ドッキングペプラムノースリーブ,5500,https://www.dot-st.com/lowrysfarm/disp/item/1032148/,https://pdimg.dot-st.com/images/lowrysfarm/goods/itemImg103/1032148/item_1032148_main_88_1782872452.jpg,NEW,https://www.dot-st.com/disp/ranking/?dispNo=001001003&periodTp=3&ageRange=30-34
2026-07-14,30代後半,35-39,1,30%OFF,LOWRYS FARM ヨウリュウシャーリングショートフレンチスリーブ,3850,https://www.dot-st.com/lowrysfarm/disp/item/661674/,https://pdimg.dot-st.com/images/lowrysfarm/goods/itemImg66/661674/item_661674_main_10_1781774961.jpg,SALE,https://www.dot-st.com/disp/ranking/?dispNo=001001003&periodTp=3&ageRange=35-39
2026-07-14,30代後半,35-39,2,20%OFF,LEPSIM 異素材フリルドッキングT2,3991,https://www.dot-st.com/lepsim/disp/item/667510/,https://pdimg.dot-st.com/images/lepsim/goods/itemImg66/667510/item_667510_main_05_1774510009.jpg,SALE,https://www.dot-st.com/disp/ranking/?dispNo=001001003&periodTp=3&ageRange=35-39
2026-07-14,30代後半,35-39,3,50%OFF,LOWRYS FARM シアーチェックシャツロング,3025,https://www.dot-st.com/lowrysfarm/disp/item/647623/,https://pdimg.dot-st.com/images/lowrysfarm/goods/itemImg64/647623/item_647623_main_58_1771659213.jpg,SALE,https://www.dot-st.com/disp/ranking/?dispNo=001001003&periodTp=3&ageRange=35-39
2026-07-14,30代後半,35-39,4,20%OFF,LEPSIM パネルレースレイヤーベスト,4400,https://www.dot-st.com/lepsim/disp/item/670543/,https://pdimg.dot-st.com/images/lepsim/goods/itemImg67/670543/item_670543_main_09_1779440314.jpg,SALE,https://www.dot-st.com/disp/ranking/?dispNo=001001003&periodTp=3&ageRange=35-39
2026-07-14,30代後半,35-39,5,30%OFF,LOWRYS FARM レイヤードヘンリーSS,3080,https://www.dot-st.com/lowrysfarm/disp/item/638392/,https://pdimg.dot-st.com/images/lowrysfarm/goods/itemImg63/638392/item_638392_main_09_1778487359.jpg,SALE,https://www.dot-st.com/disp/ranking/?dispNo=001001003&periodTp=3&ageRange=35-39
2026-07-14,30代後半,35-39,6,50%OFF,LOWRYS FARM シャーリングフリルブラウス６Ｓ,3025,https://www.dot-st.com/lowrysfarm/disp/item/638501/,https://pdimg.dot-st.com/images/lowrysfarm/goods/itemImg63/638501/item_638501_main_62_1776843999.jpg,SALE,https://www.dot-st.com/disp/ranking/?dispNo=001001003&periodTp=3&ageRange=35-39
2026-07-14,30代後半,35-39,7,20%OFF,LOWRYS FARM シャーリングチュニックフレンチスリーブ,4840,https://www.dot-st.com/lowrysfarm/disp/item/581468/,https://pdimg.dot-st.com/images/lowrysfarm/goods/itemImg58/581468/item_581468_main_08_1776892278.jpg,SALE,https://www.dot-st.com/disp/ranking/?dispNo=001001003&periodTp=3&ageRange=35-39
2026-07-14,30代後半,35-39,8,LEPSIM,シアーリブギャザーカーデチュニック,5990,https://www.dot-st.com/lepsim/disp/item/1046510/,https://pdimg.dot-st.com/images/lepsim/goods/itemImg104/1046510/item_1046510_main_18_1782273493.jpg,NEW,https://www.dot-st.com/disp/ranking/?dispNo=001001003&periodTp=3&ageRange=35-39
2026-07-14,30代後半,35-39,9,Classical,Elf ラフなのに品よく見える。軽やかぽこぽこフクレジャガードトップス（半袖）ce1260557,3998,https://www.dot-st.com/classicalelf/disp/item/648357/,https://pdimg.dot-st.com/images/classicalelf/goods/itemImg64/648357/item_648357_main_05_1774235459.jpg,,https://www.dot-st.com/disp/ranking/?dispNo=001001003&periodTp=3&ageRange=35-39
2026-07-14,30代後半,35-39,10,30%OFF,LEPSIM サラキレポンチョチュニックSS,3850,https://www.dot-st.com/lepsim/disp/item/290265/,https://pdimg.dot-st.com/images/lepsim/goods/itemImg29/290265/item_290265_main_75_1775533839.jpg,SALE,https://www.dot-st.com/disp/ranking/?dispNo=001001003&periodTp=3&ageRange=35-39
2026-07-15,20代後半,25-29,1,30%OFF,LOWRYS FARM ヨウリュウシャーリングショートフレンチスリーブ,3850,https://www.dot-st.com/lowrysfarm/disp/item/661674/,https://pdimg.dot-st.com/images/lowrysfarm/goods/itemImg66/661674/item_661674_main_10_1781774961.jpg,SALE,https://www.dot-st.com/disp/ranking/?dispNo=001001003&periodTp=3&ageRange=25-29
2026-07-15,20代後半,25-29,2,LOWRYS,FARM ヨウリュウシシュウキャミチュニック,6990,https://www.dot-st.com/lowrysfarm/disp/item/903513/,https://pdimg.dot-st.com/images/lowrysfarm/goods/itemImg90/903513/item_903513_main_05_1779789378.jpg,NEW,https://www.dot-st.com/disp/ranking/?dispNo=001001003&periodTp=3&ageRange=25-29
2026-07-15,20代後半,25-29,3,10%OFF,JEANASIS 【期間限定価格】シアージャガードシャーリングシャツSS,6471,https://www.dot-st.com/jeanasis/disp/item/859249/,https://pdimg.dot-st.com/images/jeanasis/goods/itemImg85/859249/item_859249_main_82_1778238768.jpg,SALE,https://www.dot-st.com/disp/ranking/?dispNo=001001003&periodTp=3&ageRange=25-29
2026-07-15,20代後半,25-29,4,20%OFF,LOWRYS FARM シャーリングチュニックフレンチスリーブ,4840,https://www.dot-st.com/lowrysfarm/disp/item/581468/,https://pdimg.dot-st.com/images/lowrysfarm/goods/itemImg58/581468/item_581468_main_08_1776892278.jpg,SALE,https://www.dot-st.com/disp/ranking/?dispNo=001001003&periodTp=3&ageRange=25-29
2026-07-15,20代後半,25-29,5,PAGEBOY,【】スカシリーフニットボレロ,6990,https://www.dot-st.com/pageboy/disp/item/414159/,https://pdimg.dot-st.com/images/pageboy/goods/itemImg41/414159/item_414159_main_09_1780305257.jpg,再入荷,https://www.dot-st.com/disp/ranking/?dispNo=001001003&periodTp=3&ageRange=25-29
2026-07-15,20代後半,25-29,6,LOWRYS,FARM ヨウリュウシシュウノースリーブ,6990,https://www.dot-st.com/lowrysfarm/disp/item/867766/,https://pdimg.dot-st.com/images/lowrysfarm/goods/itemImg86/867766/item_867766_main_05_1779790204.jpg,NEW,https://www.dot-st.com/disp/ranking/?dispNo=001001003&periodTp=3&ageRange=25-29
2026-07-15,20代後半,25-29,7,HARE,ストリングリブタンクトップ,3300,https://www.dot-st.com/hare/disp/item/636796/,https://pdimg.dot-st.com/images/hare/goods/itemImg63/636796/item_636796_main_09_1772767891.jpg,,https://www.dot-st.com/disp/ranking/?dispNo=001001003&periodTp=3&ageRange=25-29
2026-07-15,20代後半,25-29,8,10%OFF,JEANASIS 【期間限定価格】2WAYソウバリタンク,3960,https://www.dot-st.com/jeanasis/disp/item/650681/,https://pdimg.dot-st.com/images/jeanasis/goods/itemImg65/650681/item_650681_main_09_1770350223.jpg,SALE,https://www.dot-st.com/disp/ranking/?dispNo=001001003&periodTp=3&ageRange=25-29
2026-07-15,20代後半,25-29,9,Wpc.,《公式限定》 最強の日傘「UVO」 UVパーカー ラッシュガード UVグッズ Wpc.,9900,https://www.dot-st.com/wpc-store/disp/item/666986/,https://pdimg.dot-st.com/images/wpc-store/goods/itemImg66/666986/item_666986_main_05_1771118534.jpg,,https://www.dot-st.com/disp/ranking/?dispNo=001001003&periodTp=3&ageRange=25-29
2026-07-15,20代後半,25-29,10,niko,and ... ハイカロリーラグランTシャツ,4000,https://www.dot-st.com/nikoand/disp/item/654215/,https://pdimg.dot-st.com/images/nikoand/goods/itemImg65/654215/item_654215_main_81_1781836741.jpg,SALE,https://www.dot-st.com/disp/ranking/?dispNo=001001003&periodTp=3&ageRange=25-29
2026-07-15,30代前半,30-34,1,30%OFF,LOWRYS FARM ヨウリュウシャーリングショートフレンチスリーブ,3850,https://www.dot-st.com/lowrysfarm/disp/item/661674/,https://pdimg.dot-st.com/images/lowrysfarm/goods/itemImg66/661674/item_661674_main_10_1781774961.jpg,SALE,https://www.dot-st.com/disp/ranking/?dispNo=001001003&periodTp=3&ageRange=30-34
2026-07-15,30代前半,30-34,2,20%OFF,LOWRYS FARM シャーリングチュニックフレンチスリーブ,4840,https://www.dot-st.com/lowrysfarm/disp/item/581468/,https://pdimg.dot-st.com/images/lowrysfarm/goods/itemImg58/581468/item_581468_main_08_1776892278.jpg,SALE,https://www.dot-st.com/disp/ranking/?dispNo=001001003&periodTp=3&ageRange=30-34
2026-07-15,30代前半,30-34,3,20%OFF,LEPSIM 異素材フリルドッキングT2,3991,https://www.dot-st.com/lepsim/disp/item/667510/,https://pdimg.dot-st.com/images/lepsim/goods/itemImg66/667510/item_667510_main_05_1774510009.jpg,SALE,https://www.dot-st.com/disp/ranking/?dispNo=001001003&periodTp=3&ageRange=30-34
2026-07-15,30代前半,30-34,4,LEPSIM,シアーレースレイヤードT,4990,https://www.dot-st.com/lepsim/disp/item/887658/,https://pdimg.dot-st.com/images/lepsim/goods/itemImg88/887658/item_887658_main_19_1780017522.jpg,,https://www.dot-st.com/disp/ranking/?dispNo=001001003&periodTp=3&ageRange=30-34
2026-07-15,30代前半,30-34,5,LOWRYS,FARM ソウバリスクエアタンクトップ,3850,https://www.dot-st.com/lowrysfarm/disp/item/294378/,https://pdimg.dot-st.com/images/lowrysfarm/goods/itemImg29/294378/item_294378_main_02_1776846779.jpg,,https://www.dot-st.com/disp/ranking/?dispNo=001001003&periodTp=3&ageRange=30-34
2026-07-15,30代前半,30-34,6,Curensology,コットンシルクニットタンクトップ,15400,https://www.dot-st.com/curensology/disp/item/102800/,https://pdimg.dot-st.com/images/curensology/goods/itemImg10/102800/item_102800_main_02_1711516250.jpg,,https://www.dot-st.com/disp/ranking/?dispNo=001001003&periodTp=3&ageRange=30-34
2026-07-15,30代前半,30-34,7,LOWRYS,FARM ペプラムチュニックＳＳ,6050,https://www.dot-st.com/lowrysfarm/disp/item/660871/,https://pdimg.dot-st.com/images/lowrysfarm/goods/itemImg66/660871/item_660871_main_06_1783645877.jpg,,https://www.dot-st.com/disp/ranking/?dispNo=001001003&periodTp=3&ageRange=30-34
2026-07-15,30代前半,30-34,8,GLOBAL,WORK 裾レースシャツ半袖無地/805193,4490,https://www.dot-st.com/globalwork/disp/item/805193/,https://pdimg.dot-st.com/images/globalwork/goods/itemImg80/805193/item_805193_main_05_1782963257.jpg,NEW,https://www.dot-st.com/disp/ranking/?dispNo=001001003&periodTp=3&ageRange=30-34
2026-07-15,30代前半,30-34,9,20%OFF,LOWRYS FARM シアーシャツＬＳ／接触冷感・吸水速乾,4400,https://www.dot-st.com/lowrysfarm/disp/item/605853/,https://pdimg.dot-st.com/images/lowrysfarm/goods/itemImg60/605853/item_605853_main_08_1783646299.jpg,SALE,https://www.dot-st.com/disp/ranking/?dispNo=001001003&periodTp=3&ageRange=30-34
2026-07-15,30代前半,30-34,10,20%OFF,LEPSIM 裾アソートレイヤードキャミ,2640,https://www.dot-st.com/lepsim/disp/item/639411/,https://pdimg.dot-st.com/images/lepsim/goods/itemImg63/639411/item_639411_main_05_1775540708.jpg,SALE,https://www.dot-st.com/disp/ranking/?dispNo=001001003&periodTp=3&ageRange=30-34
2026-07-15,30代後半,35-39,1,30%OFF,LOWRYS FARM ヨウリュウシャーリングショートフレンチスリーブ,3850,https://www.dot-st.com/lowrysfarm/disp/item/661674/,https://pdimg.dot-st.com/images/lowrysfarm/goods/itemImg66/661674/item_661674_main_10_1781774961.jpg,SALE,https://www.dot-st.com/disp/ranking/?dispNo=001001003&periodTp=3&ageRange=35-39
2026-07-15,30代後半,35-39,2,20%OFF,LEPSIM 異素材フリルドッキングT2,3991,https://www.dot-st.com/lepsim/disp/item/667510/,https://pdimg.dot-st.com/images/lepsim/goods/itemImg66/667510/item_667510_main_05_1774510009.jpg,SALE,https://www.dot-st.com/disp/ranking/?dispNo=001001003&periodTp=3&ageRange=35-39
2026-07-15,30代後半,35-39,3,LEPSIM,シアーリブギャザーカーデチュニック,5990,https://www.dot-st.com/lepsim/disp/item/1046510/,https://pdimg.dot-st.com/images/lepsim/goods/itemImg104/1046510/item_1046510_main_18_1782273493.jpg,NEW,https://www.dot-st.com/disp/ranking/?dispNo=001001003&periodTp=3&ageRange=35-39
2026-07-15,30代後半,35-39,4,20%OFF,GLOBAL WORK ひんやり涼しい/フローズン裾フリル切り替えTシャツ/872700,3192,https://www.dot-st.com/globalwork/disp/item/872700/,https://pdimg.dot-st.com/images/globalwork/goods/itemImg87/872700/item_872700_main_09_1782973903.jpg,NEW / SALE,https://www.dot-st.com/disp/ranking/?dispNo=001001003&periodTp=3&ageRange=35-39
2026-07-15,30代後半,35-39,5,GLOBAL,WORK エアリーリラックスペプラム刺繍半袖/806465,4990,https://www.dot-st.com/globalwork/disp/item/806465/,https://pdimg.dot-st.com/images/globalwork/goods/itemImg80/806465/item_806465_main_09_1782958404.jpg,NEW,https://www.dot-st.com/disp/ranking/?dispNo=001001003&periodTp=3&ageRange=35-39
2026-07-15,30代後半,35-39,6,GLOBAL,WORK 【FRUITS ZIPPER 鎮西寿々歌さん着用】シルキータッチシアーシャツ5分袖/636672,4490,https://www.dot-st.com/globalwork/disp/item/636672/,https://pdimg.dot-st.com/images/globalwork/goods/itemImg63/636672/item_636672_main_85_1782383032.jpg,,https://www.dot-st.com/disp/ranking/?dispNo=001001003&periodTp=3&ageRange=35-39
2026-07-15,30代後半,35-39,7,20%OFF,LEPSIM パネルレースレイヤーベスト,4400,https://www.dot-st.com/lepsim/disp/item/670543/,https://pdimg.dot-st.com/images/lepsim/goods/itemImg67/670543/item_670543_main_09_1779440314.jpg,SALE,https://www.dot-st.com/disp/ranking/?dispNo=001001003&periodTp=3&ageRange=35-39
2026-07-15,30代後半,35-39,8,GLOBAL,WORK UVプロテクトフードシャツ/646416,3990,https://www.dot-st.com/globalwork/disp/item/646416/,https://pdimg.dot-st.com/images/globalwork/goods/itemImg64/646416/item_646416_main_05_1772535514.jpg,NEW,https://www.dot-st.com/disp/ranking/?dispNo=001001003&periodTp=3&ageRange=35-39
2026-07-15,30代後半,35-39,9,GLOBAL,WORK 【FRUITS ZIPPER 鎮西寿々歌さん着用】リッチクリーンプリントT半袖/636780,3490,https://www.dot-st.com/globalwork/disp/item/636780/,https://pdimg.dot-st.com/images/globalwork/goods/itemImg63/636780/item_636780_main_88_1782438635.jpg,,https://www.dot-st.com/disp/ranking/?dispNo=001001003&periodTp=3&ageRange=35-39
2026-07-15,30代後半,35-39,10,30%OFF,GLOBAL WORK ひんやり涼しい/フローズン袖フレアプルオーバー半袖/680557,2792,https://www.dot-st.com/globalwork/disp/item/680557/,https://pdimg.dot-st.com/images/globalwork/goods/itemImg68/680557/item_680557_main_08_1779950817.jpg,SALE,https://www.dot-st.com/disp/ranking/?dispNo=001001003&periodTp=3&ageRange=35-39
2026-07-16,20代後半,25-29,1,30%OFF,LOWRYS FARM ヨウリュウシャーリングショートフレンチスリーブ,3850,https://www.dot-st.com/lowrysfarm/disp/item/661674/,https://pdimg.dot-st.com/images/lowrysfarm/goods/itemImg66/661674/item_661674_main_10_1781774961.jpg,SALE,https://www.dot-st.com/disp/ranking/?dispNo=001001003&periodTp=3&ageRange=25-29
2026-07-16,20代後半,25-29,2,10%OFF,JEANASIS 【期間限定価格】シアージャガードシャーリングシャツSS,6471,https://www.dot-st.com/jeanasis/disp/item/859249/,https://pdimg.dot-st.com/images/jeanasis/goods/itemImg85/859249/item_859249_main_82_1778238768.jpg,SALE,https://www.dot-st.com/disp/ranking/?dispNo=001001003&periodTp=3&ageRange=25-29
2026-07-16,20代後半,25-29,3,JEANASIS,【ミユキ企画】レースキャミチュニック,8250,https://www.dot-st.com/jeanasis/disp/item/664279/,https://pdimg.dot-st.com/images/jeanasis/goods/itemImg66/664279/item_664279_main_78_1774502444.jpg,,https://www.dot-st.com/disp/ranking/?dispNo=001001003&periodTp=3&ageRange=25-29
2026-07-16,20代後半,25-29,4,10%OFF,JEANASIS 【期間限定価格】2WAYソウバリタンク,3960,https://www.dot-st.com/jeanasis/disp/item/650681/,https://pdimg.dot-st.com/images/jeanasis/goods/itemImg65/650681/item_650681_main_09_1770350223.jpg,SALE,https://www.dot-st.com/disp/ranking/?dispNo=001001003&periodTp=3&ageRange=25-29
2026-07-16,20代後半,25-29,5,10%OFF,mysty woman ラッセルレースアンサンブル2,6435,https://www.dot-st.com/mystywoman/disp/item/659886/,https://pdimg.dot-st.com/images/mystywoman/goods/itemImg65/659886/item_659886_main_09_1776233894.jpg,SALE,https://www.dot-st.com/disp/ranking/?dispNo=001001003&periodTp=3&ageRange=25-29
2026-07-16,20代後半,25-29,6,LOWRYS,FARM ヨウリュウシシュウノースリーブ,6990,https://www.dot-st.com/lowrysfarm/disp/item/867766/,https://pdimg.dot-st.com/images/lowrysfarm/goods/itemImg86/867766/item_867766_main_05_1779790204.jpg,NEW,https://www.dot-st.com/disp/ranking/?dispNo=001001003&periodTp=3&ageRange=25-29
2026-07-16,20代後半,25-29,7,LOWRYS,FARM ソウバリスクエアタンクトップ,3850,https://www.dot-st.com/lowrysfarm/disp/item/294378/,https://pdimg.dot-st.com/images/lowrysfarm/goods/itemImg29/294378/item_294378_main_02_1776846779.jpg,,https://www.dot-st.com/disp/ranking/?dispNo=001001003&periodTp=3&ageRange=25-29
2026-07-16,20代後半,25-29,8,niko,and ... ハイカロリーラグランTシャツ,4000,https://www.dot-st.com/nikoand/disp/item/654215/,https://pdimg.dot-st.com/images/nikoand/goods/itemImg65/654215/item_654215_main_81_1781836741.jpg,SALE,https://www.dot-st.com/disp/ranking/?dispNo=001001003&periodTp=3&ageRange=25-29
2026-07-16,20代後半,25-29,9,HARE,【接触冷感】ポケットミニロゴカットソー,4400,https://www.dot-st.com/hare/disp/item/639076/,https://pdimg.dot-st.com/images/hare/goods/itemImg63/639076/item_639076_main_05_1777002916.jpg,,https://www.dot-st.com/disp/ranking/?dispNo=001001003&periodTp=3&ageRange=25-29
2026-07-16,20代後半,25-29,10,LOWRYS,FARM ヨウリュウシシュウキャミチュニック,6990,https://www.dot-st.com/lowrysfarm/disp/item/903513/,https://pdimg.dot-st.com/images/lowrysfarm/goods/itemImg90/903513/item_903513_main_05_1779789378.jpg,NEW,https://www.dot-st.com/disp/ranking/?dispNo=001001003&periodTp=3&ageRange=25-29
2026-07-16,30代前半,30-34,1,30%OFF,LOWRYS FARM ヨウリュウシャーリングショートフレンチスリーブ,3850,https://www.dot-st.com/lowrysfarm/disp/item/661674/,https://pdimg.dot-st.com/images/lowrysfarm/goods/itemImg66/661674/item_661674_main_10_1781774961.jpg,SALE,https://www.dot-st.com/disp/ranking/?dispNo=001001003&periodTp=3&ageRange=30-34
2026-07-16,30代前半,30-34,2,LOWRYS,FARM ペプラムチュニックＳＳ,6050,https://www.dot-st.com/lowrysfarm/disp/item/660871/,https://pdimg.dot-st.com/images/lowrysfarm/goods/itemImg66/660871/item_660871_main_06_1783645877.jpg,,https://www.dot-st.com/disp/ranking/?dispNo=001001003&periodTp=3&ageRange=30-34
2026-07-16,30代前半,30-34,3,PAGEBOY,【PBLIM/まるでデニム見え/紫外線カット/接触冷感】マルデニポロ,6990,https://www.dot-st.com/pageboy/disp/item/910543/,https://pdimg.dot-st.com/images/pageboy/goods/itemImg91/910543/item_910543_main_09_1780897543.jpg,NEW,https://www.dot-st.com/disp/ranking/?dispNo=001001003&periodTp=3&ageRange=30-34
2026-07-16,30代前半,30-34,4,LOWRYS,FARM ドッキングペプラムノースリーブ,5500,https://www.dot-st.com/lowrysfarm/disp/item/1032148/,https://pdimg.dot-st.com/images/lowrysfarm/goods/itemImg103/1032148/item_1032148_main_88_1782872452.jpg,NEW,https://www.dot-st.com/disp/ranking/?dispNo=001001003&periodTp=3&ageRange=30-34
2026-07-16,30代前半,30-34,5,LOWRYS,FARM フライスチビＴＥＥ,3960,https://www.dot-st.com/lowrysfarm/disp/item/637055/,https://pdimg.dot-st.com/images/lowrysfarm/goods/itemImg63/637055/item_637055_main_58_1776131816.jpg,,https://www.dot-st.com/disp/ranking/?dispNo=001001003&periodTp=3&ageRange=30-34
2026-07-16,30代前半,30-34,6,Curensology,シアーギャザーブラウス,29700,https://www.dot-st.com/curensology/disp/item/572269/,https://pdimg.dot-st.com/images/curensology/goods/itemImg57/572269/item_572269_main_15_1748497923.jpg,NEW,https://www.dot-st.com/disp/ranking/?dispNo=001001003&periodTp=3&ageRange=30-34
2026-07-16,30代前半,30-34,7,GLOBAL,WORK 【FRUITS ZIPPER 鎮西寿々歌さん着用】サラサラDRYスクエアタンク/636753,1980,https://www.dot-st.com/globalwork/disp/item/636753/,https://pdimg.dot-st.com/images/globalwork/goods/itemImg63/636753/item_636753_main_05_1782436061.jpg,,https://www.dot-st.com/disp/ranking/?dispNo=001001003&periodTp=3&ageRange=30-34
2026-07-16,30代前半,30-34,8,Chaos,【一部追加】【4/10金子綾さんYouTube紹介】アイアスロータシャツ,28600,https://www.dot-st.com/chaos/disp/item/452414/,https://pdimg.dot-st.com/images/chaos/goods/itemImg45/452414/item_452414_main_88_1775181258.jpg,,https://www.dot-st.com/disp/ranking/?dispNo=001001003&periodTp=3&ageRange=30-34
2026-07-16,30代前半,30-34,9,niko,and ... ハイカロリーラグランTシャツ,4000,https://www.dot-st.com/nikoand/disp/item/654215/,https://pdimg.dot-st.com/images/nikoand/goods/itemImg65/654215/item_654215_main_81_1781836741.jpg,SALE,https://www.dot-st.com/disp/ranking/?dispNo=001001003&periodTp=3&ageRange=30-34
2026-07-16,30代前半,30-34,10,HARE,【接触冷感】フラワーアートバックプリントカット,6930,https://www.dot-st.com/hare/disp/item/680063/,https://pdimg.dot-st.com/images/hare/goods/itemImg68/680063/item_680063_main_05_1776405828.jpg,NEW,https://www.dot-st.com/disp/ranking/?dispNo=001001003&periodTp=3&ageRange=30-34
2026-07-16,30代後半,35-39,1,30%OFF,LOWRYS FARM ヨウリュウシャーリングショートフレンチスリーブ,3850,https://www.dot-st.com/lowrysfarm/disp/item/661674/,https://pdimg.dot-st.com/images/lowrysfarm/goods/itemImg66/661674/item_661674_main_10_1781774961.jpg,SALE,https://www.dot-st.com/disp/ranking/?dispNo=001001003&periodTp=3&ageRange=35-39
2026-07-16,30代後半,35-39,2,LEPSIM,シアーリブギャザーカーデチュニック,5990,https://www.dot-st.com/lepsim/disp/item/1046510/,https://pdimg.dot-st.com/images/lepsim/goods/itemImg104/1046510/item_1046510_main_18_1782273493.jpg,NEW,https://www.dot-st.com/disp/ranking/?dispNo=001001003&periodTp=3&ageRange=35-39
2026-07-16,30代後半,35-39,3,GLOBAL,WORK UVプロテクトフードシャツ/646416,3990,https://www.dot-st.com/globalwork/disp/item/646416/,https://pdimg.dot-st.com/images/globalwork/goods/itemImg64/646416/item_646416_main_05_1772535514.jpg,NEW,https://www.dot-st.com/disp/ranking/?dispNo=001001003&periodTp=3&ageRange=35-39
2026-07-16,30代後半,35-39,4,GLOBAL,WORK 【FRUITS ZIPPER 鎮西寿々歌さん着用】サラサラDRYスクエアタンク/636753,1980,https://www.dot-st.com/globalwork/disp/item/636753/,https://pdimg.dot-st.com/images/globalwork/goods/itemImg63/636753/item_636753_main_05_1782436061.jpg,,https://www.dot-st.com/disp/ranking/?dispNo=001001003&periodTp=3&ageRange=35-39
2026-07-16,30代後半,35-39,5,20%OFF,GLOBAL WORK ひんやり涼しい/フローズン切り替えペプラム/647529,2791,https://www.dot-st.com/globalwork/disp/item/647529/,https://pdimg.dot-st.com/images/globalwork/goods/itemImg64/647529/item_647529_main_38_1779931507.jpg,SALE,https://www.dot-st.com/disp/ranking/?dispNo=001001003&periodTp=3&ageRange=35-39
2026-07-16,30代後半,35-39,6,Classical,Elf ラフなのに品よく見える。軽やかぽこぽこフクレジャガードトップス（半袖）ce1260557,3998,https://www.dot-st.com/classicalelf/disp/item/648357/,https://pdimg.dot-st.com/images/classicalelf/goods/itemImg64/648357/item_648357_main_05_1774235459.jpg,,https://www.dot-st.com/disp/ranking/?dispNo=001001003&periodTp=3&ageRange=35-39
2026-07-16,30代後半,35-39,7,30%OFF,GLOBAL WORK ひんやり涼しい/フローズン袖フレアプルオーバー半袖/680557,2792,https://www.dot-st.com/globalwork/disp/item/680557/,https://pdimg.dot-st.com/images/globalwork/goods/itemImg68/680557/item_680557_main_08_1779950817.jpg,SALE,https://www.dot-st.com/disp/ranking/?dispNo=001001003&periodTp=3&ageRange=35-39
2026-07-16,30代後半,35-39,8,20%OFF,GLOBAL WORK ひんやり涼しい/フローズン裾フリル切り替えTシャツ/872700,3192,https://www.dot-st.com/globalwork/disp/item/872700/,https://pdimg.dot-st.com/images/globalwork/goods/itemImg87/872700/item_872700_main_09_1782973903.jpg,NEW / SALE,https://www.dot-st.com/disp/ranking/?dispNo=001001003&periodTp=3&ageRange=35-39
2026-07-16,30代後半,35-39,9,20%OFF,LEPSIM 異素材フリルドッキングT2,3991,https://www.dot-st.com/lepsim/disp/item/667510/,https://pdimg.dot-st.com/images/lepsim/goods/itemImg66/667510/item_667510_main_05_1774510009.jpg,SALE,https://www.dot-st.com/disp/ranking/?dispNo=001001003&periodTp=3&ageRange=35-39
2026-07-16,30代後半,35-39,10,GLOBAL,WORK 【FRUITS ZIPPER 鎮西寿々歌さん着用】リッチクリーンプリントT半袖/636780,3490,https://www.dot-st.com/globalwork/disp/item/636780/,https://pdimg.dot-st.com/images/globalwork/goods/itemImg63/636780/item_636780_main_88_1782438635.jpg,,https://www.dot-st.com/disp/ranking/?dispNo=001001003&periodTp=3&ageRange=35-39
2026-07-17,20代後半,25-29,1,33%OFF,LOWRYS FARM ヨウリュウシャーリングショートフレンチスリーブ,3657,https://www.dot-st.com/lowrysfarm/disp/item/661674/,https://pdimg.dot-st.com/images/lowrysfarm/goods/itemImg66/661674/item_661674_main_10_1781774961.jpg,SALE,https://www.dot-st.com/disp/ranking/?dispNo=001001003&periodTp=3&ageRange=25-29
2026-07-17,20代後半,25-29,2,HARE,【SETUP対応】アートフラワーガラシアーシャツ,11000,https://www.dot-st.com/hare/disp/item/664774/,https://pdimg.dot-st.com/images/hare/goods/itemImg66/664774/item_664774_main_38_1779940137.jpg,NEW,https://www.dot-st.com/disp/ranking/?dispNo=001001003&periodTp=3&ageRange=25-29
2026-07-17,20代後半,25-29,3,niko,and ... ハイカロリーラグランTシャツ,4000,https://www.dot-st.com/nikoand/disp/item/654215/,https://pdimg.dot-st.com/images/nikoand/goods/itemImg65/654215/item_654215_main_81_1781836741.jpg,SALE,https://www.dot-st.com/disp/ranking/?dispNo=001001003&periodTp=3&ageRange=25-29
2026-07-17,20代後半,25-29,4,apres,jour 肩リボンバルーン袖ブラウス,4995,https://www.dot-st.com/apres_jour/disp/item/1048514/,https://pdimg.dot-st.com/images/apres_jour/goods/itemImg104/1048514/item_1048514_main_72_1784029719.jpg,NEW,https://www.dot-st.com/disp/ranking/?dispNo=001001003&periodTp=3&ageRange=25-29
2026-07-17,20代後半,25-29,5,27%OFF,PAGEBOY 【PBLIM】マーガレットフラワーT,3990,https://www.dot-st.com/pageboy/disp/item/669937/,https://pdimg.dot-st.com/images/pageboy/goods/itemImg66/669937/item_669937_main_05_1781171056.jpg,SALE,https://www.dot-st.com/disp/ranking/?dispNo=001001003&periodTp=3&ageRange=25-29
2026-07-17,20代後半,25-29,6,PAGEBOY,【前後2WAY/マシンウォッシャブル】レースアップリブ×タンクSET,7990,https://www.dot-st.com/pageboy/disp/item/1046789/,https://pdimg.dot-st.com/images/pageboy/goods/itemImg104/1046789/item_1046789_main_85_1780048984.jpg,NEW,https://www.dot-st.com/disp/ranking/?dispNo=001001003&periodTp=3&ageRange=25-29
2026-07-17,20代後半,25-29,7,10%OFF,Heather ボリュームチュールキャミ,6930,https://www.dot-st.com/heather/disp/item/659558/,https://pdimg.dot-st.com/images/heather/goods/itemImg65/659558/item_659558_main_08_1772534057.jpg,,https://www.dot-st.com/disp/ranking/?dispNo=001001003&periodTp=3&ageRange=25-29
2026-07-17,20代後半,25-29,8,HARE,【新色WEB】パーツツキコンパクトネクタイシャツ,11000,https://www.dot-st.com/hare/disp/item/1042101/,https://pdimg.dot-st.com/images/hare/goods/itemImg104/1042101/item_1042101_main_81_1780383155.jpg,予約,https://www.dot-st.com/disp/ranking/?dispNo=001001003&periodTp=3&ageRange=25-29
2026-07-17,20代後半,25-29,9,LOWRYS,FARM ギャザーポロＳＳ,5500,https://www.dot-st.com/lowrysfarm/disp/item/794100/,https://pdimg.dot-st.com/images/lowrysfarm/goods/itemImg79/794100/item_794100_main_58_1779758194.jpg,NEW,https://www.dot-st.com/disp/ranking/?dispNo=001001003&periodTp=3&ageRange=25-29
2026-07-17,20代後半,25-29,10,LOWRYS,FARM ヨウリュウシシュウノースリーブ,6990,https://www.dot-st.com/lowrysfarm/disp/item/867766/,https://pdimg.dot-st.com/images/lowrysfarm/goods/itemImg86/867766/item_867766_main_05_1779790204.jpg,NEW,https://www.dot-st.com/disp/ranking/?dispNo=001001003&periodTp=3&ageRange=25-29
2026-07-17,30代前半,30-34,1,33%OFF,LOWRYS FARM ヨウリュウシャーリングショートフレンチスリーブ,3657,https://www.dot-st.com/lowrysfarm/disp/item/661674/,https://pdimg.dot-st.com/images/lowrysfarm/goods/itemImg66/661674/item_661674_main_10_1781774961.jpg,SALE,https://www.dot-st.com/disp/ranking/?dispNo=001001003&periodTp=3&ageRange=30-34
2026-07-17,30代前半,30-34,2,studio,CLIP アソートプリントTシャツ[クリィミーマミコラボ],4490,https://www.dot-st.com/studioclip/disp/item/884267/,https://pdimg.dot-st.com/images/studioclip/goods/itemImg88/884267/item_884267_main_07_1781080700.jpg,,https://www.dot-st.com/disp/ranking/?dispNo=001001003&periodTp=3&ageRange=30-34
2026-07-17,30代前半,30-34,3,24%OFF,LOWRYS FARM シャーリングチュニックフレンチスリーブ,4598,https://www.dot-st.com/lowrysfarm/disp/item/581468/,https://pdimg.dot-st.com/images/lowrysfarm/goods/itemImg58/581468/item_581468_main_08_1776892278.jpg,SALE,https://www.dot-st.com/disp/ranking/?dispNo=001001003&periodTp=3&ageRange=30-34
2026-07-17,30代前半,30-34,4,LEPSIM,【Jagabee】アソートTシャツ,4990,https://www.dot-st.com/lepsim/disp/item/1054239/,https://pdimg.dot-st.com/images/lepsim/goods/itemImg105/1054239/item_1054239_main_19_1783492748.jpg,NEW,https://www.dot-st.com/disp/ranking/?dispNo=001001003&periodTp=3&ageRange=30-34
2026-07-17,30代前半,30-34,5,niko,and ... ハイカロリーラグランTシャツ,4000,https://www.dot-st.com/nikoand/disp/item/654215/,https://pdimg.dot-st.com/images/nikoand/goods/itemImg65/654215/item_654215_main_81_1781836741.jpg,SALE,https://www.dot-st.com/disp/ranking/?dispNo=001001003&periodTp=3&ageRange=30-34
2026-07-17,30代前半,30-34,6,HARE,【SET UP対応 接触冷感】カタアキトロミショートシャツ,7920,https://www.dot-st.com/hare/disp/item/646515/,https://pdimg.dot-st.com/images/hare/goods/itemImg64/646515/item_646515_main_75_1777002642.jpg,SALE,https://www.dot-st.com/disp/ranking/?dispNo=001001003&periodTp=3&ageRange=30-34
2026-07-17,30代前半,30-34,7,10%OFF,JEANASIS 【期間限定価格】シアージャガードシャーリングシャツSS,6471,https://www.dot-st.com/jeanasis/disp/item/859249/,https://pdimg.dot-st.com/images/jeanasis/goods/itemImg85/859249/item_859249_main_82_1778238768.jpg,SALE,https://www.dot-st.com/disp/ranking/?dispNo=001001003&periodTp=3&ageRange=30-34
2026-07-17,30代前半,30-34,8,20%OFF,GLOBAL WORK ひんやり涼しい/フローズン切り替えペプラム/647529,2791,https://www.dot-st.com/globalwork/disp/item/647529/,https://pdimg.dot-st.com/images/globalwork/goods/itemImg64/647529/item_647529_main_38_1779931507.jpg,SALE,https://www.dot-st.com/disp/ranking/?dispNo=001001003&periodTp=3&ageRange=30-34
2026-07-17,30代前半,30-34,9,20%OFF,GLOBAL WORK ひんやり涼しい/フローズン裾フリル切り替えTシャツ/872700,3192,https://www.dot-st.com/globalwork/disp/item/872700/,https://pdimg.dot-st.com/images/globalwork/goods/itemImg87/872700/item_872700_main_09_1782973903.jpg,SALE,https://www.dot-st.com/disp/ranking/?dispNo=001001003&periodTp=3&ageRange=30-34
2026-07-17,30代前半,30-34,10,30%OFF,GLOBAL WORK ひんやり涼しい/フローズン袖フレアプルオーバー半袖/680557,2792,https://www.dot-st.com/globalwork/disp/item/680557/,https://pdimg.dot-st.com/images/globalwork/goods/itemImg68/680557/item_680557_main_08_1779950817.jpg,SALE,https://www.dot-st.com/disp/ranking/?dispNo=001001003&periodTp=3&ageRange=30-34
2026-07-17,30代後半,35-39,1,33%OFF,LOWRYS FARM ヨウリュウシャーリングショートフレンチスリーブ,3657,https://www.dot-st.com/lowrysfarm/disp/item/661674/,https://pdimg.dot-st.com/images/lowrysfarm/goods/itemImg66/661674/item_661674_main_10_1781774961.jpg,SALE,https://www.dot-st.com/disp/ranking/?dispNo=001001003&periodTp=3&ageRange=35-39
2026-07-17,30代後半,35-39,2,GLOBAL,WORK 【FRUITS ZIPPER 鎮西寿々歌さん着用】リッチクリーンプリントT半袖/636780,3490,https://www.dot-st.com/globalwork/disp/item/636780/,https://pdimg.dot-st.com/images/globalwork/goods/itemImg63/636780/item_636780_main_88_1782438635.jpg,,https://www.dot-st.com/disp/ranking/?dispNo=001001003&periodTp=3&ageRange=35-39
2026-07-17,30代後半,35-39,3,GLOBAL,WORK 【FRUITS ZIPPER 鎮西寿々歌さん着用】サラサラDRYスクエアタンク/636753,1980,https://www.dot-st.com/globalwork/disp/item/636753/,https://pdimg.dot-st.com/images/globalwork/goods/itemImg63/636753/item_636753_main_05_1782436061.jpg,,https://www.dot-st.com/disp/ranking/?dispNo=001001003&periodTp=3&ageRange=35-39
2026-07-17,30代後半,35-39,4,GLOBAL,WORK 【HELLO KITTY】ヘビロッTEE/871909,3990,https://www.dot-st.com/globalwork/disp/item/871909/,https://pdimg.dot-st.com/images/globalwork/goods/itemImg87/871909/item_871909_main_05_1783647003.jpg,NEW,https://www.dot-st.com/disp/ranking/?dispNo=001001003&periodTp=3&ageRange=35-39
2026-07-17,30代後半,35-39,5,30%OFF,GLOBAL WORK ひんやり涼しい/フローズン袖フレアプルオーバー半袖/680557,2792,https://www.dot-st.com/globalwork/disp/item/680557/,https://pdimg.dot-st.com/images/globalwork/goods/itemImg68/680557/item_680557_main_08_1779950817.jpg,SALE,https://www.dot-st.com/disp/ranking/?dispNo=001001003&periodTp=3&ageRange=35-39
2026-07-17,30代後半,35-39,6,GLOBAL,WORK エアリーリラックス切り替えペプラム半袖/718860,4490,https://www.dot-st.com/globalwork/disp/item/718860/,https://pdimg.dot-st.com/images/globalwork/goods/itemImg71/718860/item_718860_main_93_1779959311.jpg,NEW,https://www.dot-st.com/disp/ranking/?dispNo=001001003&periodTp=3&ageRange=35-39
2026-07-17,30代後半,35-39,7,GLOBAL,WORK エアリーリラックスペプラム刺繍半袖/806465,4990,https://www.dot-st.com/globalwork/disp/item/806465/,https://pdimg.dot-st.com/images/globalwork/goods/itemImg80/806465/item_806465_main_09_1782958404.jpg,,https://www.dot-st.com/disp/ranking/?dispNo=001001003&periodTp=3&ageRange=35-39
2026-07-17,30代後半,35-39,8,GLOBAL,WORK UVプロテクトフードシャツ/646416,3990,https://www.dot-st.com/globalwork/disp/item/646416/,https://pdimg.dot-st.com/images/globalwork/goods/itemImg64/646416/item_646416_main_05_1772535514.jpg,NEW,https://www.dot-st.com/disp/ranking/?dispNo=001001003&periodTp=3&ageRange=35-39
2026-07-17,30代後半,35-39,9,37%OFF,BARNYARDSTORM コットンガーゼシャツ【】,7276,https://www.dot-st.com/barnyardstorm/disp/item/865831/,https://pdimg.dot-st.com/images/barnyardstorm/goods/itemImg86/865831/item_865831_main_81_1781612835.jpg,SALE / WEB限定,https://www.dot-st.com/disp/ranking/?dispNo=001001003&periodTp=3&ageRange=35-39
2026-07-17,30代後半,35-39,10,LEPSIM,裾ドロストアソートシャツSS,5990,https://www.dot-st.com/lepsim/disp/item/1023535/,https://pdimg.dot-st.com/images/lepsim/goods/itemImg102/1023535/item_1023535_main_09_1781962775.jpg,,https://www.dot-st.com/disp/ranking/?dispNo=001001003&periodTp=3&ageRange=35-39
2026-07-18,20代後半,25-29,1,33%OFF,LOWRYS FARM ヨウリュウシャーリングショートフレンチスリーブ,3657,https://www.dot-st.com/lowrysfarm/disp/item/661674/,https://pdimg.dot-st.com/images/lowrysfarm/goods/itemImg66/661674/item_661674_main_10_1781774961.jpg,SALE,https://www.dot-st.com/disp/ranking/?dispNo=001001003&periodTp=3&ageRange=25-29
2026-07-18,20代後半,25-29,2,kutir,【クティールとレトロ】SWIMMER／フリルリボンブラウス,5995,https://www.dot-st.com/kutir/disp/item/1049234/,https://pdimg.dot-st.com/images/kutir/goods/itemImg104/1049234/item_1049234_main_35_1784261183.jpg,NEW,https://www.dot-st.com/disp/ranking/?dispNo=001001003&periodTp=3&ageRange=25-29
2026-07-18,20代後半,25-29,3,HARE,【接触冷感】フラワーアートバックプリントカット,6930,https://www.dot-st.com/hare/disp/item/680063/,https://pdimg.dot-st.com/images/hare/goods/itemImg68/680063/item_680063_main_05_1776405828.jpg,,https://www.dot-st.com/disp/ranking/?dispNo=001001003&periodTp=3&ageRange=25-29
2026-07-18,20代後半,25-29,4,LOWRYS,FARM ペプラムチュニックＳＳ,6050,https://www.dot-st.com/lowrysfarm/disp/item/660871/,https://pdimg.dot-st.com/images/lowrysfarm/goods/itemImg66/660871/item_660871_main_06_1783645877.jpg,,https://www.dot-st.com/disp/ranking/?dispNo=001001003&periodTp=3&ageRange=25-29
2026-07-18,20代後半,25-29,5,niko,and ... ハイカロリーラグランTシャツ,4000,https://www.dot-st.com/nikoand/disp/item/654215/,https://pdimg.dot-st.com/images/nikoand/goods/itemImg65/654215/item_654215_main_81_1781836741.jpg,SALE,https://www.dot-st.com/disp/ranking/?dispNo=001001003&periodTp=3&ageRange=25-29
2026-07-18,20代後半,25-29,6,27%OFF,PAGEBOY 【PBLIM】マーガレットフラワーT,3990,https://www.dot-st.com/pageboy/disp/item/669937/,https://pdimg.dot-st.com/images/pageboy/goods/itemImg66/669937/item_669937_main_05_1781171056.jpg,SALE,https://www.dot-st.com/disp/ranking/?dispNo=001001003&periodTp=3&ageRange=25-29
2026-07-18,20代後半,25-29,7,HARE,【SET UP対応 接触冷感/LADIES】トロミシシュウシャツ,8910,https://www.dot-st.com/hare/disp/item/646516/,https://pdimg.dot-st.com/images/hare/goods/itemImg64/646516/item_646516_main_75_1778582793.jpg,,https://www.dot-st.com/disp/ranking/?dispNo=001001003&periodTp=3&ageRange=25-29
2026-07-18,20代後半,25-29,8,10%OFF,PAGEBOY 【選べる着丈】カップ付きFITキャミソール,2690,https://www.dot-st.com/pageboy/disp/item/320001/,https://pdimg.dot-st.com/images/pageboy/goods/itemImg32/320001/item_320001_main_09_1781942559.jpg,,https://www.dot-st.com/disp/ranking/?dispNo=001001003&periodTp=3&ageRange=25-29
2026-07-18,20代後半,25-29,9,24%OFF,LOWRYS FARM シャーリングチュニックフレンチスリーブ,4598,https://www.dot-st.com/lowrysfarm/disp/item/581468/,https://pdimg.dot-st.com/images/lowrysfarm/goods/itemImg58/581468/item_581468_main_08_1776892278.jpg,SALE,https://www.dot-st.com/disp/ranking/?dispNo=001001003&periodTp=3&ageRange=25-29
2026-07-18,20代後半,25-29,10,niko,and ... [HAZY CLUB] てぃらシアーアノラックパーカー【】,7500,https://www.dot-st.com/nikoand/disp/item/639693/,https://pdimg.dot-st.com/images/nikoand/goods/itemImg63/639693/item_639693_main_50_1783503715.jpg,NEW / 予約,https://www.dot-st.com/disp/ranking/?dispNo=001001003&periodTp=3&ageRange=25-29
2026-07-18,30代前半,30-34,1,33%OFF,LOWRYS FARM ヨウリュウシャーリングショートフレンチスリーブ,3657,https://www.dot-st.com/lowrysfarm/disp/item/661674/,https://pdimg.dot-st.com/images/lowrysfarm/goods/itemImg66/661674/item_661674_main_10_1781774961.jpg,SALE,https://www.dot-st.com/disp/ranking/?dispNo=001001003&periodTp=3&ageRange=30-34
2026-07-18,30代前半,30-34,2,niko,and ... [HAZY CLUB] てぃらシアーアノラックパーカー【】,7500,https://www.dot-st.com/nikoand/disp/item/639693/,https://pdimg.dot-st.com/images/nikoand/goods/itemImg63/639693/item_639693_main_50_1783503715.jpg,NEW / 予約,https://www.dot-st.com/disp/ranking/?dispNo=001001003&periodTp=3&ageRange=30-34
2026-07-18,30代前半,30-34,3,niko,and ... 【P-kies Family】シュールフォトTEE,5500,https://www.dot-st.com/nikoand/disp/item/689510/,https://pdimg.dot-st.com/images/nikoand/goods/itemImg68/689510/item_689510_main_18_1781073878.jpg,NEW,https://www.dot-st.com/disp/ranking/?dispNo=001001003&periodTp=3&ageRange=30-34
2026-07-18,30代前半,30-34,4,kutir,【クティールとレトロ】SWIMMER／フリルリボンブラウス,5995,https://www.dot-st.com/kutir/disp/item/1049234/,https://pdimg.dot-st.com/images/kutir/goods/itemImg104/1049234/item_1049234_main_35_1784261183.jpg,NEW,https://www.dot-st.com/disp/ranking/?dispNo=001001003&periodTp=3&ageRange=30-34
2026-07-18,30代前半,30-34,5,LOWRYS,FARM ドッキングペプラムノースリーブ,5500,https://www.dot-st.com/lowrysfarm/disp/item/1032148/,https://pdimg.dot-st.com/images/lowrysfarm/goods/itemImg103/1032148/item_1032148_main_88_1782872452.jpg,NEW,https://www.dot-st.com/disp/ranking/?dispNo=001001003&periodTp=3&ageRange=30-34
2026-07-18,30代前半,30-34,6,36%OFF,niko and ... COLORマイスターTシャツ,1919,https://www.dot-st.com/nikoand/disp/item/621891/,https://pdimg.dot-st.com/images/nikoand/goods/itemImg62/621891/item_621891_main_40_1782877581.jpg,SALE,https://www.dot-st.com/disp/ranking/?dispNo=001001003&periodTp=3&ageRange=30-34
2026-07-18,30代前半,30-34,7,30%OFF,GLOBAL WORK エアリーリラックスギャザーブラウス/636648,3142,https://www.dot-st.com/globalwork/disp/item/636648/,https://pdimg.dot-st.com/images/globalwork/goods/itemImg63/636648/item_636648_main_09_1777598732.jpg,SALE,https://www.dot-st.com/disp/ranking/?dispNo=001001003&periodTp=3&ageRange=30-34
2026-07-18,30代前半,30-34,8,JEANASIS,レースキャミチュニック,8800,https://www.dot-st.com/jeanasis/disp/item/1046473/,https://pdimg.dot-st.com/images/jeanasis/goods/itemImg104/1046473/item_1046473_main_09_1782960757.jpg,再入荷,https://www.dot-st.com/disp/ranking/?dispNo=001001003&periodTp=3&ageRange=30-34
2026-07-18,30代前半,30-34,9,GLOBAL,WORK エアリーリラックス切り替えペプラム半袖/718860,4490,https://www.dot-st.com/globalwork/disp/item/718860/,https://pdimg.dot-st.com/images/globalwork/goods/itemImg71/718860/item_718860_main_93_1779959311.jpg,NEW,https://www.dot-st.com/disp/ranking/?dispNo=001001003&periodTp=3&ageRange=30-34
2026-07-18,30代前半,30-34,10,GLOBAL,WORK 【FRUITS ZIPPER 鎮西寿々歌さん着用】リッチクリーンプリントT半袖/636780,3490,https://www.dot-st.com/globalwork/disp/item/636780/,https://pdimg.dot-st.com/images/globalwork/goods/itemImg63/636780/item_636780_main_88_1782438635.jpg,,https://www.dot-st.com/disp/ranking/?dispNo=001001003&periodTp=3&ageRange=30-34
2026-07-18,30代後半,35-39,1,niko,and ... [HAZY CLUB] てぃらシアーアノラックパーカー【】,7500,https://www.dot-st.com/nikoand/disp/item/639693/,https://pdimg.dot-st.com/images/nikoand/goods/itemImg63/639693/item_639693_main_50_1783503715.jpg,NEW / 予約,https://www.dot-st.com/disp/ranking/?dispNo=001001003&periodTp=3&ageRange=35-39
2026-07-18,30代後半,35-39,2,33%OFF,LOWRYS FARM ヨウリュウシャーリングショートフレンチスリーブ,3657,https://www.dot-st.com/lowrysfarm/disp/item/661674/,https://pdimg.dot-st.com/images/lowrysfarm/goods/itemImg66/661674/item_661674_main_10_1781774961.jpg,SALE,https://www.dot-st.com/disp/ranking/?dispNo=001001003&periodTp=3&ageRange=35-39
2026-07-18,30代後半,35-39,3,50%OFF,Classical Elf ラフなのに品よく見える。軽やかぽこぽこフクレジャガードトップス（半袖）ce1260557,1998,https://www.dot-st.com/classicalelf/disp/item/648357/,https://pdimg.dot-st.com/images/classicalelf/goods/itemImg64/648357/item_648357_main_05_1774235459.jpg,,https://www.dot-st.com/disp/ranking/?dispNo=001001003&periodTp=3&ageRange=35-39
2026-07-18,30代後半,35-39,4,20%OFF,GLOBAL WORK ひんやり涼しい/フローズン切り替えペプラム/647529,2791,https://www.dot-st.com/globalwork/disp/item/647529/,https://pdimg.dot-st.com/images/globalwork/goods/itemImg64/647529/item_647529_main_38_1779931507.jpg,SALE,https://www.dot-st.com/disp/ranking/?dispNo=001001003&periodTp=3&ageRange=35-39
2026-07-18,30代後半,35-39,5,35%OFF,LEPSIM サラキレポンチョチュニックSS,3542,https://www.dot-st.com/lepsim/disp/item/290265/,https://pdimg.dot-st.com/images/lepsim/goods/itemImg29/290265/item_290265_main_75_1775533839.jpg,SALE,https://www.dot-st.com/disp/ranking/?dispNo=001001003&periodTp=3&ageRange=35-39
2026-07-18,30代後半,35-39,6,20%OFF,LEPSIM マルメリドルマン5分袖シャツ,4400,https://www.dot-st.com/lepsim/disp/item/681282/,https://pdimg.dot-st.com/images/lepsim/goods/itemImg68/681282/item_681282_main_53_1775533487.jpg,再入荷,https://www.dot-st.com/disp/ranking/?dispNo=001001003&periodTp=3&ageRange=35-39
2026-07-18,30代後半,35-39,7,45%OFF,LEPSIM デニムBIGシャツ/SS,3603,https://www.dot-st.com/lepsim/disp/item/639528/,https://pdimg.dot-st.com/images/lepsim/goods/itemImg63/639528/item_639528_main_84_1773395284.jpg,SALE,https://www.dot-st.com/disp/ranking/?dispNo=001001003&periodTp=3&ageRange=35-39
2026-07-18,30代後半,35-39,8,30%OFF,GLOBAL WORK ひんやり涼しい/フローズン袖フレアプルオーバー半袖/680557,2792,https://www.dot-st.com/globalwork/disp/item/680557/,https://pdimg.dot-st.com/images/globalwork/goods/itemImg68/680557/item_680557_main_08_1779950817.jpg,SALE,https://www.dot-st.com/disp/ranking/?dispNo=001001003&periodTp=3&ageRange=35-39
2026-07-18,30代後半,35-39,9,35%OFF,LEPSIM 《高橋愛さん着用アイテム》AIRデニム長袖シャツ,4250,https://www.dot-st.com/lepsim/disp/item/639492/,https://pdimg.dot-st.com/images/lepsim/goods/itemImg63/639492/item_639492_main_82_1777635881.jpg,SALE,https://www.dot-st.com/disp/ranking/?dispNo=001001003&periodTp=3&ageRange=35-39
2026-07-18,30代後半,35-39,10,24%OFF,LOWRYS FARM シャーリングチュニックフレンチスリーブ,4598,https://www.dot-st.com/lowrysfarm/disp/item/581468/,https://pdimg.dot-st.com/images/lowrysfarm/goods/itemImg58/581468/item_581468_main_08_1776892278.jpg,SALE,https://www.dot-st.com/disp/ranking/?dispNo=001001003&periodTp=3&ageRange=35-39
2026-07-19,20代後半,25-29,1,33%OFF,LOWRYS FARM ヨウリュウシャーリングショートフレンチスリーブ,3657,https://www.dot-st.com/lowrysfarm/disp/item/661674/,https://pdimg.dot-st.com/images/lowrysfarm/goods/itemImg66/661674/item_661674_main_10_1781774961.jpg,SALE,https://www.dot-st.com/disp/ranking/?dispNo=001001003&periodTp=3&ageRange=25-29
2026-07-19,20代後半,25-29,2,10%OFF,HARE 【接触冷感】ポケットミニロゴカットソー,3960,https://www.dot-st.com/hare/disp/item/639076/,https://pdimg.dot-st.com/images/hare/goods/itemImg63/639076/item_639076_main_05_1777002916.jpg,,https://www.dot-st.com/disp/ranking/?dispNo=001001003&periodTp=3&ageRange=25-29
2026-07-19,20代後半,25-29,3,50%OFF,Classical Elf ラフなのに品よく見える。軽やかぽこぽこフクレジャガードトップス（半袖）ce1260557,1998,https://www.dot-st.com/classicalelf/disp/item/648357/,https://pdimg.dot-st.com/images/classicalelf/goods/itemImg64/648357/item_648357_main_05_1774235459.jpg,,https://www.dot-st.com/disp/ranking/?dispNo=001001003&periodTp=3&ageRange=25-29
2026-07-19,20代後半,25-29,4,niko,and ... 【Lucky Fes'26】プリントＴＥＥ,4500,https://www.dot-st.com/nikoand/disp/item/840833/,https://pdimg.dot-st.com/images/nikoand/goods/itemImg84/840833/item_840833_main_06_1780568198.jpg,,https://www.dot-st.com/disp/ranking/?dispNo=001001003&periodTp=3&ageRange=25-29
2026-07-19,20代後半,25-29,5,PAGEBOY,【PBLIM/まるでデニム見え/紫外線カット/接触冷感】マルデニポロ,6990,https://www.dot-st.com/pageboy/disp/item/910543/,https://pdimg.dot-st.com/images/pageboy/goods/itemImg91/910543/item_910543_main_09_1780897543.jpg,NEW,https://www.dot-st.com/disp/ranking/?dispNo=001001003&periodTp=3&ageRange=25-29
2026-07-19,20代後半,25-29,6,HARE,【接触冷感】フラワーアートバックプリントカット,6930,https://www.dot-st.com/hare/disp/item/680063/,https://pdimg.dot-st.com/images/hare/goods/itemImg68/680063/item_680063_main_05_1776405828.jpg,,https://www.dot-st.com/disp/ranking/?dispNo=001001003&periodTp=3&ageRange=25-29
2026-07-19,20代後半,25-29,7,PAGEBOY,【一部追加】スモークフラワーシアーシャツ,6990,https://www.dot-st.com/pageboy/disp/item/1046302/,https://pdimg.dot-st.com/images/pageboy/goods/itemImg104/1046302/item_1046302_main_09_1780378519.jpg,NEW / 予約,https://www.dot-st.com/disp/ranking/?dispNo=001001003&periodTp=3&ageRange=25-29
2026-07-19,20代後半,25-29,8,20%OFF,GLOBAL WORK サラサラ快適DRYプリントTシャツ/636407,2791,https://www.dot-st.com/globalwork/disp/item/636407/,https://pdimg.dot-st.com/images/globalwork/goods/itemImg63/636407/item_636407_main_03_1778231347.jpg,SALE,https://www.dot-st.com/disp/ranking/?dispNo=001001003&periodTp=3&ageRange=25-29
2026-07-19,20代後半,25-29,9,LOWRYS,FARM メランジポロフレンチスリーブ,4950,https://www.dot-st.com/lowrysfarm/disp/item/1045953/,https://pdimg.dot-st.com/images/lowrysfarm/goods/itemImg104/1045953/item_1045953_main_10_1781836083.jpg,NEW,https://www.dot-st.com/disp/ranking/?dispNo=001001003&periodTp=3&ageRange=25-29
2026-07-19,20代後半,25-29,10,niko,and ... ハイカロリーラグランTシャツ,4000,https://www.dot-st.com/nikoand/disp/item/654215/,https://pdimg.dot-st.com/images/nikoand/goods/itemImg65/654215/item_654215_main_81_1781836741.jpg,SALE,https://www.dot-st.com/disp/ranking/?dispNo=001001003&periodTp=3&ageRange=25-29
2026-07-19,30代前半,30-34,1,33%OFF,LOWRYS FARM ヨウリュウシャーリングショートフレンチスリーブ,3657,https://www.dot-st.com/lowrysfarm/disp/item/661674/,https://pdimg.dot-st.com/images/lowrysfarm/goods/itemImg66/661674/item_661674_main_10_1781774961.jpg,SALE,https://www.dot-st.com/disp/ranking/?dispNo=001001003&periodTp=3&ageRange=30-34
2026-07-19,30代前半,30-34,2,20%OFF,GLOBAL WORK ひんやり涼しい/フローズン切り替えペプラム/647529,2791,https://www.dot-st.com/globalwork/disp/item/647529/,https://pdimg.dot-st.com/images/globalwork/goods/itemImg64/647529/item_647529_main_38_1779931507.jpg,SALE,https://www.dot-st.com/disp/ranking/?dispNo=001001003&periodTp=3&ageRange=30-34
2026-07-19,30代前半,30-34,3,niko,and ... ハイカロリーラグランTシャツ,4000,https://www.dot-st.com/nikoand/disp/item/654215/,https://pdimg.dot-st.com/images/nikoand/goods/itemImg65/654215/item_654215_main_81_1781836741.jpg,SALE,https://www.dot-st.com/disp/ranking/?dispNo=001001003&periodTp=3&ageRange=30-34
2026-07-19,30代前半,30-34,4,50%OFF,Classical Elf ラフなのに品よく見える。軽やかぽこぽこフクレジャガードトップス（半袖）ce1260557,1998,https://www.dot-st.com/classicalelf/disp/item/648357/,https://pdimg.dot-st.com/images/classicalelf/goods/itemImg64/648357/item_648357_main_05_1774235459.jpg,,https://www.dot-st.com/disp/ranking/?dispNo=001001003&periodTp=3&ageRange=30-34
2026-07-19,30代前半,30-34,5,LOWRYS,FARM ヨウリュウシシュウノースリーブ,6990,https://www.dot-st.com/lowrysfarm/disp/item/867766/,https://pdimg.dot-st.com/images/lowrysfarm/goods/itemImg86/867766/item_867766_main_05_1779790204.jpg,NEW,https://www.dot-st.com/disp/ranking/?dispNo=001001003&periodTp=3&ageRange=30-34
2026-07-19,30代前半,30-34,6,GLOBAL,WORK 【FRUITS ZIPPER 鎮西寿々歌さん着用】サラサラDRYスクエアタンク/636753,1980,https://www.dot-st.com/globalwork/disp/item/636753/,https://pdimg.dot-st.com/images/globalwork/goods/itemImg63/636753/item_636753_main_05_1782436061.jpg,,https://www.dot-st.com/disp/ranking/?dispNo=001001003&periodTp=3&ageRange=30-34
2026-07-19,30代前半,30-34,7,5%OFF,LOWRYS FARM ストライプシャーリングＳＳ,5690,https://www.dot-st.com/lowrysfarm/disp/item/675847/,https://pdimg.dot-st.com/images/lowrysfarm/goods/itemImg67/675847/item_675847_main_70_1777275975.jpg,,https://www.dot-st.com/disp/ranking/?dispNo=001001003&periodTp=3&ageRange=30-34
2026-07-19,30代前半,30-34,8,25%OFF,LEPSIM 異素材フリルドッキングT2,3711,https://www.dot-st.com/lepsim/disp/item/667510/,https://pdimg.dot-st.com/images/lepsim/goods/itemImg66/667510/item_667510_main_05_1774510009.jpg,SALE,https://www.dot-st.com/disp/ranking/?dispNo=001001003&periodTp=3&ageRange=30-34
2026-07-19,30代前半,30-34,9,25%OFF,LEPSIM パネルレースレイヤーベスト,4092,https://www.dot-st.com/lepsim/disp/item/670543/,https://pdimg.dot-st.com/images/lepsim/goods/itemImg67/670543/item_670543_main_09_1779440314.jpg,SALE,https://www.dot-st.com/disp/ranking/?dispNo=001001003&periodTp=3&ageRange=30-34
2026-07-19,30代前半,30-34,10,30%OFF,GLOBAL WORK ひんやり涼しい/フローズン袖フレアプルオーバー半袖/680557,2792,https://www.dot-st.com/globalwork/disp/item/680557/,https://pdimg.dot-st.com/images/globalwork/goods/itemImg68/680557/item_680557_main_08_1779950817.jpg,SALE,https://www.dot-st.com/disp/ranking/?dispNo=001001003&periodTp=3&ageRange=30-34
2026-07-19,30代後半,35-39,1,20%OFF,GLOBAL WORK ひんやり涼しい/フローズン切り替えペプラム/647529,2791,https://www.dot-st.com/globalwork/disp/item/647529/,https://pdimg.dot-st.com/images/globalwork/goods/itemImg64/647529/item_647529_main_38_1779931507.jpg,SALE,https://www.dot-st.com/disp/ranking/?dispNo=001001003&periodTp=3&ageRange=35-39
2026-07-19,30代後半,35-39,2,33%OFF,LOWRYS FARM ヨウリュウシャーリングショートフレンチスリーブ,3657,https://www.dot-st.com/lowrysfarm/disp/item/661674/,https://pdimg.dot-st.com/images/lowrysfarm/goods/itemImg66/661674/item_661674_main_10_1781774961.jpg,SALE,https://www.dot-st.com/disp/ranking/?dispNo=001001003&periodTp=3&ageRange=35-39
2026-07-19,30代後半,35-39,3,50%OFF,Classical Elf ラフなのに品よく見える。軽やかぽこぽこフクレジャガードトップス（半袖）ce1260557,1998,https://www.dot-st.com/classicalelf/disp/item/648357/,https://pdimg.dot-st.com/images/classicalelf/goods/itemImg64/648357/item_648357_main_05_1774235459.jpg,,https://www.dot-st.com/disp/ranking/?dispNo=001001003&periodTp=3&ageRange=35-39
2026-07-19,30代後半,35-39,4,20%OFF,LEPSIM マルメリドルマン5分袖シャツ,4400,https://www.dot-st.com/lepsim/disp/item/681282/,https://pdimg.dot-st.com/images/lepsim/goods/itemImg68/681282/item_681282_main_53_1775533487.jpg,再入荷,https://www.dot-st.com/disp/ranking/?dispNo=001001003&periodTp=3&ageRange=35-39
2026-07-19,30代後半,35-39,5,30%OFF,GLOBAL WORK ひんやり涼しい/フローズン袖フレアプルオーバー半袖/680557,2792,https://www.dot-st.com/globalwork/disp/item/680557/,https://pdimg.dot-st.com/images/globalwork/goods/itemImg68/680557/item_680557_main_08_1779950817.jpg,SALE,https://www.dot-st.com/disp/ranking/?dispNo=001001003&periodTp=3&ageRange=35-39
2026-07-19,30代後半,35-39,6,36%OFF,niko and ... COLORマイスターTシャツ,1919,https://www.dot-st.com/nikoand/disp/item/621891/,https://pdimg.dot-st.com/images/nikoand/goods/itemImg62/621891/item_621891_main_40_1782877581.jpg,SALE,https://www.dot-st.com/disp/ranking/?dispNo=001001003&periodTp=3&ageRange=35-39
2026-07-19,30代後半,35-39,7,28%OFF,LOWRYS FARM シアーシャツＬＳ／接触冷感・吸水速乾,3960,https://www.dot-st.com/lowrysfarm/disp/item/605853/,https://pdimg.dot-st.com/images/lowrysfarm/goods/itemImg60/605853/item_605853_main_08_1783646299.jpg,SALE,https://www.dot-st.com/disp/ranking/?dispNo=001001003&periodTp=3&ageRange=35-39
2026-07-19,30代後半,35-39,8,25%OFF,LEPSIM 裾アソートレイヤードキャミ,2455,https://www.dot-st.com/lepsim/disp/item/639411/,https://pdimg.dot-st.com/images/lepsim/goods/itemImg63/639411/item_639411_main_05_1775540708.jpg,SALE,https://www.dot-st.com/disp/ranking/?dispNo=001001003&periodTp=3&ageRange=35-39
2026-07-19,30代後半,35-39,9,37%OFF,niko and ... 【接触冷感】レーストリムフーディシャツ,3779,https://www.dot-st.com/nikoand/disp/item/638952/,https://pdimg.dot-st.com/images/nikoand/goods/itemImg63/638952/item_638952_main_11_1780379782.jpg,SALE,https://www.dot-st.com/disp/ranking/?dispNo=001001003&periodTp=3&ageRange=35-39
2026-07-19,30代後半,35-39,10,25%OFF,LEPSIM 《高橋愛さん着用アイテム》《レプクル》ボックスタックノースリーブ,2967,https://www.dot-st.com/lepsim/disp/item/242849/,https://pdimg.dot-st.com/images/lepsim/goods/itemImg24/242849/item_242849_main_05_1775539923.jpg,SALE,https://www.dot-st.com/disp/ranking/?dispNo=001001003&periodTp=3&ageRange=35-39
2026-07-20,20代後半,25-29,1,LOWRYS,FARM メランジポロフレンチスリーブ,4950,https://www.dot-st.com/lowrysfarm/disp/item/1045953/,https://pdimg.dot-st.com/images/lowrysfarm/goods/itemImg104/1045953/item_1045953_main_10_1781836083.jpg,NEW,https://www.dot-st.com/disp/ranking/?dispNo=001001003&periodTp=3&ageRange=25-29
2026-07-20,20代後半,25-29,2,33%OFF,LOWRYS FARM ヨウリュウシャーリングショートフレンチスリーブ,3657,https://www.dot-st.com/lowrysfarm/disp/item/661674/,https://pdimg.dot-st.com/images/lowrysfarm/goods/itemImg66/661674/item_661674_main_10_1781774961.jpg,SALE,https://www.dot-st.com/disp/ranking/?dispNo=001001003&periodTp=3&ageRange=25-29
2026-07-20,20代後半,25-29,3,50%OFF,Classical Elf ラフなのに品よく見える。軽やかぽこぽこフクレジャガードトップス（半袖）ce1260557,1998,https://www.dot-st.com/classicalelf/disp/item/648357/,https://pdimg.dot-st.com/images/classicalelf/goods/itemImg64/648357/item_648357_main_05_1774235459.jpg,,https://www.dot-st.com/disp/ranking/?dispNo=001001003&periodTp=3&ageRange=25-29
2026-07-20,20代後半,25-29,4,10%OFF,HARE 【接触冷感】ポケットミニロゴカットソー,3960,https://www.dot-st.com/hare/disp/item/639076/,https://pdimg.dot-st.com/images/hare/goods/itemImg63/639076/item_639076_main_05_1777002916.jpg,,https://www.dot-st.com/disp/ranking/?dispNo=001001003&periodTp=3&ageRange=25-29
2026-07-20,20代後半,25-29,5,24%OFF,LOWRYS FARM シャーリングチュニックフレンチスリーブ,4598,https://www.dot-st.com/lowrysfarm/disp/item/581468/,https://pdimg.dot-st.com/images/lowrysfarm/goods/itemImg58/581468/item_581468_main_08_1776892278.jpg,SALE,https://www.dot-st.com/disp/ranking/?dispNo=001001003&periodTp=3&ageRange=25-29
2026-07-20,20代後半,25-29,6,33%OFF,LOWRYS FARM シシュウミニワンピースＳＳ,5977,https://www.dot-st.com/lowrysfarm/disp/item/1046529/,https://pdimg.dot-st.com/images/lowrysfarm/goods/itemImg104/1046529/item_1046529_main_08_1781836937.jpg,NEW / SALE,https://www.dot-st.com/disp/ranking/?dispNo=001001003&periodTp=3&ageRange=25-29
2026-07-20,20代後半,25-29,7,LOWRYS,FARM ソウバリスクエアタンクトップ,3850,https://www.dot-st.com/lowrysfarm/disp/item/294378/,https://pdimg.dot-st.com/images/lowrysfarm/goods/itemImg29/294378/item_294378_main_02_1776846779.jpg,,https://www.dot-st.com/disp/ranking/?dispNo=001001003&periodTp=3&ageRange=25-29
2026-07-20,20代後半,25-29,8,10%OFF,JEANASIS 【期間限定価格】シアージャガードシャーリングシャツSS,6471,https://www.dot-st.com/jeanasis/disp/item/859249/,https://pdimg.dot-st.com/images/jeanasis/goods/itemImg85/859249/item_859249_main_82_1778238768.jpg,SALE,https://www.dot-st.com/disp/ranking/?dispNo=001001003&periodTp=3&ageRange=25-29
2026-07-20,20代後半,25-29,9,25%OFF,LEPSIM パネルレースレイヤーベスト,4092,https://www.dot-st.com/lepsim/disp/item/670543/,https://pdimg.dot-st.com/images/lepsim/goods/itemImg67/670543/item_670543_main_09_1779440314.jpg,SALE,https://www.dot-st.com/disp/ranking/?dispNo=001001003&periodTp=3&ageRange=25-29
2026-07-20,20代後半,25-29,10,50%OFF,Classical Elf 大人の色魅せ、軽やかに映える。ヘンリーネック袖配色切り替え半袖トップスce1330083,1998,https://www.dot-st.com/classicalelf/disp/item/645385/,https://pdimg.dot-st.com/images/classicalelf/goods/itemImg64/645385/item_645385_main_50_1770955179.jpg,,https://www.dot-st.com/disp/ranking/?dispNo=001001003&periodTp=3&ageRange=25-29
2026-07-20,30代前半,30-34,1,24%OFF,LOWRYS FARM シャーリングチュニックフレンチスリーブ,4598,https://www.dot-st.com/lowrysfarm/disp/item/581468/,https://pdimg.dot-st.com/images/lowrysfarm/goods/itemImg58/581468/item_581468_main_08_1776892278.jpg,SALE,https://www.dot-st.com/disp/ranking/?dispNo=001001003&periodTp=3&ageRange=30-34
2026-07-20,30代前半,30-34,2,50%OFF,Classical Elf ラフなのに品よく見える。軽やかぽこぽこフクレジャガードトップス（半袖）ce1260557,1998,https://www.dot-st.com/classicalelf/disp/item/648357/,https://pdimg.dot-st.com/images/classicalelf/goods/itemImg64/648357/item_648357_main_05_1774235459.jpg,,https://www.dot-st.com/disp/ranking/?dispNo=001001003&periodTp=3&ageRange=30-34
2026-07-20,30代前半,30-34,3,20%OFF,GLOBAL WORK ひんやり涼しい/フローズン切り替えペプラム/647529,2791,https://www.dot-st.com/globalwork/disp/item/647529/,https://pdimg.dot-st.com/images/globalwork/goods/itemImg64/647529/item_647529_main_38_1779931507.jpg,SALE,https://www.dot-st.com/disp/ranking/?dispNo=001001003&periodTp=3&ageRange=30-34
2026-07-20,30代前半,30-34,4,33%OFF,LOWRYS FARM ヨウリュウシャーリングショートフレンチスリーブ,3657,https://www.dot-st.com/lowrysfarm/disp/item/661674/,https://pdimg.dot-st.com/images/lowrysfarm/goods/itemImg66/661674/item_661674_main_10_1781774961.jpg,SALE,https://www.dot-st.com/disp/ranking/?dispNo=001001003&periodTp=3&ageRange=30-34
2026-07-20,30代前半,30-34,5,LOWRYS,FARM メランジポロフレンチスリーブ,4950,https://www.dot-st.com/lowrysfarm/disp/item/1045953/,https://pdimg.dot-st.com/images/lowrysfarm/goods/itemImg104/1045953/item_1045953_main_10_1781836083.jpg,NEW,https://www.dot-st.com/disp/ranking/?dispNo=001001003&periodTp=3&ageRange=30-34
2026-07-20,30代前半,30-34,6,37%OFF,niko and ... 【接触冷感】レーストリムフーディシャツ,3779,https://www.dot-st.com/nikoand/disp/item/638952/,https://pdimg.dot-st.com/images/nikoand/goods/itemImg63/638952/item_638952_main_11_1780379782.jpg,SALE,https://www.dot-st.com/disp/ranking/?dispNo=001001003&periodTp=3&ageRange=30-34
2026-07-20,30代前半,30-34,7,GLOBAL,WORK 【FRUITS ZIPPER 鎮西寿々歌さん着用】サラサラDRYスクエアタンク/636753,1980,https://www.dot-st.com/globalwork/disp/item/636753/,https://pdimg.dot-st.com/images/globalwork/goods/itemImg63/636753/item_636753_main_05_1782436061.jpg,,https://www.dot-st.com/disp/ranking/?dispNo=001001003&periodTp=3&ageRange=30-34
2026-07-20,30代前半,30-34,8,36%OFF,niko and ... COLORマイスターTシャツ,1919,https://www.dot-st.com/nikoand/disp/item/621891/,https://pdimg.dot-st.com/images/nikoand/goods/itemImg62/621891/item_621891_main_40_1782877581.jpg,SALE,https://www.dot-st.com/disp/ranking/?dispNo=001001003&periodTp=3&ageRange=30-34
2026-07-20,30代前半,30-34,9,38%OFF,HARE 【LADIES】レースキリカエBIGTシャツ,5494,https://www.dot-st.com/hare/disp/item/663760/,https://pdimg.dot-st.com/images/hare/goods/itemImg66/663760/item_663760_main_08_1778582968.jpg,SALE,https://www.dot-st.com/disp/ranking/?dispNo=001001003&periodTp=3&ageRange=30-34
2026-07-20,30代前半,30-34,10,niko,and ... フロントシャーリングシャツ,5500,https://www.dot-st.com/nikoand/disp/item/740440/,https://pdimg.dot-st.com/images/nikoand/goods/itemImg74/740440/item_740440_main_40_1780367472.jpg,,https://www.dot-st.com/disp/ranking/?dispNo=001001003&periodTp=3&ageRange=30-34
2026-07-20,30代後半,35-39,1,50%OFF,Classical Elf ラフなのに品よく見える。軽やかぽこぽこフクレジャガードトップス（半袖）ce1260557,1998,https://www.dot-st.com/classicalelf/disp/item/648357/,https://pdimg.dot-st.com/images/classicalelf/goods/itemImg64/648357/item_648357_main_05_1774235459.jpg,,https://www.dot-st.com/disp/ranking/?dispNo=001001003&periodTp=3&ageRange=35-39
2026-07-20,30代後半,35-39,2,25%OFF,LEPSIM 異素材フリルドッキングT2,3711,https://www.dot-st.com/lepsim/disp/item/667510/,https://pdimg.dot-st.com/images/lepsim/goods/itemImg66/667510/item_667510_main_05_1774510009.jpg,SALE,https://www.dot-st.com/disp/ranking/?dispNo=001001003&periodTp=3&ageRange=35-39
2026-07-20,30代後半,35-39,3,20%OFF,LEPSIM マルメリドルマン5分袖シャツ,4400,https://www.dot-st.com/lepsim/disp/item/681282/,https://pdimg.dot-st.com/images/lepsim/goods/itemImg68/681282/item_681282_main_53_1775533487.jpg,再入荷,https://www.dot-st.com/disp/ranking/?dispNo=001001003&periodTp=3&ageRange=35-39
2026-07-20,30代後半,35-39,4,GLOBAL,WORK 【FRUITS ZIPPER 鎮西寿々歌さん着用】リッチクリーンプリントT半袖/636780,3490,https://www.dot-st.com/globalwork/disp/item/636780/,https://pdimg.dot-st.com/images/globalwork/goods/itemImg63/636780/item_636780_main_88_1782438635.jpg,,https://www.dot-st.com/disp/ranking/?dispNo=001001003&periodTp=3&ageRange=35-39
2026-07-20,30代後半,35-39,5,33%OFF,LOWRYS FARM ヨウリュウシャーリングショートフレンチスリーブ,3657,https://www.dot-st.com/lowrysfarm/disp/item/661674/,https://pdimg.dot-st.com/images/lowrysfarm/goods/itemImg66/661674/item_661674_main_10_1781774961.jpg,SALE,https://www.dot-st.com/disp/ranking/?dispNo=001001003&periodTp=3&ageRange=35-39
2026-07-20,30代後半,35-39,6,20%OFF,GLOBAL WORK ひんやり涼しい/フローズン切り替えペプラム/647529,2791,https://www.dot-st.com/globalwork/disp/item/647529/,https://pdimg.dot-st.com/images/globalwork/goods/itemImg64/647529/item_647529_main_38_1779931507.jpg,SALE,https://www.dot-st.com/disp/ranking/?dispNo=001001003&periodTp=3&ageRange=35-39
2026-07-20,30代後半,35-39,7,24%OFF,LOWRYS FARM シャーリングチュニックフレンチスリーブ,4598,https://www.dot-st.com/lowrysfarm/disp/item/581468/,https://pdimg.dot-st.com/images/lowrysfarm/goods/itemImg58/581468/item_581468_main_08_1776892278.jpg,SALE,https://www.dot-st.com/disp/ranking/?dispNo=001001003&periodTp=3&ageRange=35-39
2026-07-20,30代後半,35-39,8,37%OFF,niko and ... 【接触冷感】レーストリムフーディシャツ,3779,https://www.dot-st.com/nikoand/disp/item/638952/,https://pdimg.dot-st.com/images/nikoand/goods/itemImg63/638952/item_638952_main_11_1780379782.jpg,SALE,https://www.dot-st.com/disp/ranking/?dispNo=001001003&periodTp=3&ageRange=35-39
2026-07-20,30代後半,35-39,9,GLOBAL,WORK リッチクリーン透けにくいベーシックT/636788,2990,https://www.dot-st.com/globalwork/disp/item/636788/,https://pdimg.dot-st.com/images/globalwork/goods/itemImg63/636788/item_636788_main_19_1779954635.jpg,,https://www.dot-st.com/disp/ranking/?dispNo=001001003&periodTp=3&ageRange=35-39
2026-07-20,30代後半,35-39,10,GLOBAL,WORK 【FRUITS ZIPPER 鎮西寿々歌さん着用】サラサラDRYスクエアタンク/636753,1980,https://www.dot-st.com/globalwork/disp/item/636753/,https://pdimg.dot-st.com/images/globalwork/goods/itemImg63/636753/item_636753_main_05_1782436061.jpg,,https://www.dot-st.com/disp/ranking/?dispNo=001001003&periodTp=3&ageRange=35-39
2026-07-22,20代後半,25-29,1,30%OFF,LOWRYS FARM シシュウミニワンピースＳＳ,6293,https://www.dot-st.com/lowrysfarm/disp/item/1046529/,https://pdimg.dot-st.com/images/lowrysfarm/goods/itemImg104/1046529/item_1046529_main_08_1781836937.jpg,SALE,https://www.dot-st.com/disp/ranking/?dispNo=001001003&periodTp=3&ageRange=25-29
2026-07-22,20代後半,25-29,2,LOWRYS,FARM ヨウリュウシシュウノースリーブ,6990,https://www.dot-st.com/lowrysfarm/disp/item/867766/,https://pdimg.dot-st.com/images/lowrysfarm/goods/itemImg86/867766/item_867766_main_05_1779790204.jpg,NEW,https://www.dot-st.com/disp/ranking/?dispNo=001001003&periodTp=3&ageRange=25-29
2026-07-22,20代後半,25-29,3,10%OFF,JEANASIS 【期間限定価格】シアージャガードシャーリングシャツSS,6471,https://www.dot-st.com/jeanasis/disp/item/859249/,https://pdimg.dot-st.com/images/jeanasis/goods/itemImg85/859249/item_859249_main_82_1778238768.jpg,SALE,https://www.dot-st.com/disp/ranking/?dispNo=001001003&periodTp=3&ageRange=25-29
2026-07-22,20代後半,25-29,4,Classical,Elf ラフなのに品よく見える。軽やかぽこぽこフクレジャガードトップス（半袖）ce1260557,3998,https://www.dot-st.com/classicalelf/disp/item/648357/,https://pdimg.dot-st.com/images/classicalelf/goods/itemImg64/648357/item_648357_main_05_1774235459.jpg,,https://www.dot-st.com/disp/ranking/?dispNo=001001003&periodTp=3&ageRange=25-29
2026-07-22,20代後半,25-29,5,33%OFF,PAGEBOY 【イージーケア/紫外線カット/接触冷感】シフトセットウエストタックジャケット,5990,https://www.dot-st.com/pageboy/disp/item/877726/,https://pdimg.dot-st.com/images/pageboy/goods/itemImg87/877726/item_877726_main_15_1780050696.jpg,SALE,https://www.dot-st.com/disp/ranking/?dispNo=001001003&periodTp=3&ageRange=25-29
2026-07-22,20代後半,25-29,6,30%OFF,niko and ... 【接触冷感】レーストリムフーディシャツ,4199,https://www.dot-st.com/nikoand/disp/item/638952/,https://pdimg.dot-st.com/images/nikoand/goods/itemImg63/638952/item_638952_main_11_1780379782.jpg,SALE,https://www.dot-st.com/disp/ranking/?dispNo=001001003&periodTp=3&ageRange=25-29
2026-07-22,20代後半,25-29,7,HARE,イソザイレイヤーフリルキャミソール,9900,https://www.dot-st.com/hare/disp/item/759478/,https://pdimg.dot-st.com/images/hare/goods/itemImg75/759478/item_759478_main_08_1777373001.jpg,NEW,https://www.dot-st.com/disp/ranking/?dispNo=001001003&periodTp=3&ageRange=25-29
2026-07-22,20代後半,25-29,8,27%OFF,PAGEBOY 【PBLIM】マーガレットフラワーT,3990,https://www.dot-st.com/pageboy/disp/item/669937/,https://pdimg.dot-st.com/images/pageboy/goods/itemImg66/669937/item_669937_main_05_1781171056.jpg,SALE,https://www.dot-st.com/disp/ranking/?dispNo=001001003&periodTp=3&ageRange=25-29
2026-07-22,20代後半,25-29,9,LOWRYS,FARM ギャザーポロＳＳ,5500,https://www.dot-st.com/lowrysfarm/disp/item/794100/,https://pdimg.dot-st.com/images/lowrysfarm/goods/itemImg79/794100/item_794100_main_58_1779758194.jpg,NEW,https://www.dot-st.com/disp/ranking/?dispNo=001001003&periodTp=3&ageRange=25-29
2026-07-22,20代後半,25-29,10,20%OFF,LOWRYS FARM シアーシャツＬＳ／接触冷感・吸水速乾,4400,https://www.dot-st.com/lowrysfarm/disp/item/605853/,https://pdimg.dot-st.com/images/lowrysfarm/goods/itemImg60/605853/item_605853_main_08_1783646299.jpg,SALE,https://www.dot-st.com/disp/ranking/?dispNo=001001003&periodTp=3&ageRange=25-29
2026-07-22,30代前半,30-34,1,20%OFF,BRILL シシュウレースキャミ,21120,https://www.dot-st.com/brill/disp/item/844270/,https://pdimg.dot-st.com/images/brill/goods/itemImg84/844270/item_844270_main_09_1779754399.jpg,SALE,https://www.dot-st.com/disp/ranking/?dispNo=001001003&periodTp=3&ageRange=30-34
2026-07-22,30代前半,30-34,2,Classical,Elf ラフなのに品よく見える。軽やかぽこぽこフクレジャガードトップス（半袖）ce1260557,3998,https://www.dot-st.com/classicalelf/disp/item/648357/,https://pdimg.dot-st.com/images/classicalelf/goods/itemImg64/648357/item_648357_main_05_1774235459.jpg,,https://www.dot-st.com/disp/ranking/?dispNo=001001003&periodTp=3&ageRange=30-34
2026-07-22,30代前半,30-34,3,LOWRYS,FARM ヨウリュウシシュウノースリーブ,6990,https://www.dot-st.com/lowrysfarm/disp/item/867766/,https://pdimg.dot-st.com/images/lowrysfarm/goods/itemImg86/867766/item_867766_main_05_1779790204.jpg,NEW,https://www.dot-st.com/disp/ranking/?dispNo=001001003&periodTp=3&ageRange=30-34
2026-07-22,30代前半,30-34,4,20%OFF,LOWRYS FARM シャーリングチュニックフレンチスリーブ,4840,https://www.dot-st.com/lowrysfarm/disp/item/581468/,https://pdimg.dot-st.com/images/lowrysfarm/goods/itemImg58/581468/item_581468_main_08_1776892278.jpg,SALE,https://www.dot-st.com/disp/ranking/?dispNo=001001003&periodTp=3&ageRange=30-34
2026-07-22,30代前半,30-34,5,30%OFF,GLOBAL WORK ひんやり涼しい/フローズン袖フレアプルオーバー半袖/680557,2792,https://www.dot-st.com/globalwork/disp/item/680557/,https://pdimg.dot-st.com/images/globalwork/goods/itemImg68/680557/item_680557_main_08_1779950817.jpg,SALE,https://www.dot-st.com/disp/ranking/?dispNo=001001003&periodTp=3&ageRange=30-34
2026-07-22,30代前半,30-34,6,30%OFF,LEPSIM 《高橋愛さん着用アイテム》AIRデニム長袖シャツ,4620,https://www.dot-st.com/lepsim/disp/item/639492/,https://pdimg.dot-st.com/images/lepsim/goods/itemImg63/639492/item_639492_main_82_1777635881.jpg,SALE,https://www.dot-st.com/disp/ranking/?dispNo=001001003&periodTp=3&ageRange=30-34
2026-07-22,30代前半,30-34,7,GLOBAL,WORK 【FRUITS ZIPPER 鎮西寿々歌さん着用】サラサラDRYスクエアタンク/636753,1980,https://www.dot-st.com/globalwork/disp/item/636753/,https://pdimg.dot-st.com/images/globalwork/goods/itemImg63/636753/item_636753_main_05_1782436061.jpg,,https://www.dot-st.com/disp/ranking/?dispNo=001001003&periodTp=3&ageRange=30-34
2026-07-22,30代前半,30-34,8,30%OFF,niko and ... 【接触冷感】レーストリムフーディシャツ,4199,https://www.dot-st.com/nikoand/disp/item/638952/,https://pdimg.dot-st.com/images/nikoand/goods/itemImg63/638952/item_638952_main_11_1780379782.jpg,SALE,https://www.dot-st.com/disp/ranking/?dispNo=001001003&periodTp=3&ageRange=30-34
2026-07-22,30代前半,30-34,9,27%OFF,PAGEBOY 【PBLIM】マーガレットフラワーT,3990,https://www.dot-st.com/pageboy/disp/item/669937/,https://pdimg.dot-st.com/images/pageboy/goods/itemImg66/669937/item_669937_main_05_1781171056.jpg,SALE,https://www.dot-st.com/disp/ranking/?dispNo=001001003&periodTp=3&ageRange=30-34
2026-07-22,30代前半,30-34,10,30%OFF,GLOBAL WORK エアリーリラックスギャザーブラウス/636648,3142,https://www.dot-st.com/globalwork/disp/item/636648/,https://pdimg.dot-st.com/images/globalwork/goods/itemImg63/636648/item_636648_main_09_1777598732.jpg,SALE,https://www.dot-st.com/disp/ranking/?dispNo=001001003&periodTp=3&ageRange=30-34
2026-07-22,30代後半,35-39,1,GLOBAL,WORK リッチクリーン透けにくいベーシックT/636788,2990,https://www.dot-st.com/globalwork/disp/item/636788/,https://pdimg.dot-st.com/images/globalwork/goods/itemImg63/636788/item_636788_main_19_1779954635.jpg,,https://www.dot-st.com/disp/ranking/?dispNo=001001003&periodTp=3&ageRange=35-39
2026-07-22,30代後半,35-39,2,GLOBAL,WORK 【FRUITS ZIPPER 鎮西寿々歌さん着用】リッチクリーンプリントT半袖/636780,3490,https://www.dot-st.com/globalwork/disp/item/636780/,https://pdimg.dot-st.com/images/globalwork/goods/itemImg63/636780/item_636780_main_88_1782438635.jpg,,https://www.dot-st.com/disp/ranking/?dispNo=001001003&periodTp=3&ageRange=35-39
2026-07-22,30代後半,35-39,3,20%OFF,GLOBAL WORK ひんやり涼しい/フローズン切り替えペプラム/647529,2791,https://www.dot-st.com/globalwork/disp/item/647529/,https://pdimg.dot-st.com/images/globalwork/goods/itemImg64/647529/item_647529_main_38_1779931507.jpg,SALE,https://www.dot-st.com/disp/ranking/?dispNo=001001003&periodTp=3&ageRange=35-39
2026-07-22,30代後半,35-39,4,Classical,Elf ラフなのに品よく見える。軽やかぽこぽこフクレジャガードトップス（半袖）ce1260557,3998,https://www.dot-st.com/classicalelf/disp/item/648357/,https://pdimg.dot-st.com/images/classicalelf/goods/itemImg64/648357/item_648357_main_05_1774235459.jpg,,https://www.dot-st.com/disp/ranking/?dispNo=001001003&periodTp=3&ageRange=35-39
2026-07-22,30代後半,35-39,5,40%OFF,LEPSIM デニムBIGシャツ/SS,3960,https://www.dot-st.com/lepsim/disp/item/639528/,https://pdimg.dot-st.com/images/lepsim/goods/itemImg63/639528/item_639528_main_84_1773395284.jpg,SALE,https://www.dot-st.com/disp/ranking/?dispNo=001001003&periodTp=3&ageRange=35-39
2026-07-22,30代後半,35-39,6,20%OFF,LOWRYS FARM シャーリングチュニックフレンチスリーブ,4840,https://www.dot-st.com/lowrysfarm/disp/item/581468/,https://pdimg.dot-st.com/images/lowrysfarm/goods/itemImg58/581468/item_581468_main_08_1776892278.jpg,SALE,https://www.dot-st.com/disp/ranking/?dispNo=001001003&periodTp=3&ageRange=35-39
2026-07-22,30代後半,35-39,7,30%OFF,GLOBAL WORK ひんやり涼しい/フローズン袖フレアプルオーバー半袖/680557,2792,https://www.dot-st.com/globalwork/disp/item/680557/,https://pdimg.dot-st.com/images/globalwork/goods/itemImg68/680557/item_680557_main_08_1779950817.jpg,SALE,https://www.dot-st.com/disp/ranking/?dispNo=001001003&periodTp=3&ageRange=35-39
2026-07-22,30代後半,35-39,8,20%OFF,LEPSIM 異素材フリルドッキングT2,3991,https://www.dot-st.com/lepsim/disp/item/667510/,https://pdimg.dot-st.com/images/lepsim/goods/itemImg66/667510/item_667510_main_05_1774510009.jpg,SALE,https://www.dot-st.com/disp/ranking/?dispNo=001001003&periodTp=3&ageRange=35-39
2026-07-22,30代後半,35-39,9,GLOBAL,WORK UVプロテクトフードシャツ/646416,3990,https://www.dot-st.com/globalwork/disp/item/646416/,https://pdimg.dot-st.com/images/globalwork/goods/itemImg64/646416/item_646416_main_05_1772535514.jpg,NEW,https://www.dot-st.com/disp/ranking/?dispNo=001001003&periodTp=3&ageRange=35-39
2026-07-22,30代後半,35-39,10,LOWRYS,FARM メランジポロフレンチスリーブ,4950,https://www.dot-st.com/lowrysfarm/disp/item/1045953/,https://pdimg.dot-st.com/images/lowrysfarm/goods/itemImg104/1045953/item_1045953_main_10_1781836083.jpg,NEW,https://www.dot-st.com/disp/ranking/?dispNo=001001003&periodTp=3&ageRange=35-39
2026-07-23,20代後半,25-29,1,apres,jour 2wayボウタイシャツドッキングニット,4995,https://www.dot-st.com/apres_jour/disp/item/1047411/,https://pdimg.dot-st.com/images/apres_jour/goods/itemImg104/1047411/item_1047411_main_88_1784702511.jpg,NEW,https://www.dot-st.com/disp/ranking/?dispNo=001001003&periodTp=3&ageRange=25-29
2026-07-23,20代後半,25-29,2,10%OFF,JEANASIS 【期間限定価格】シアージャガードシャーリングシャツSS,6471,https://www.dot-st.com/jeanasis/disp/item/859249/,https://pdimg.dot-st.com/images/jeanasis/goods/itemImg85/859249/item_859249_main_82_1778238768.jpg,SALE,https://www.dot-st.com/disp/ranking/?dispNo=001001003&periodTp=3&ageRange=25-29
2026-07-23,20代後半,25-29,3,LOWRYS,FARM ヨウリュウシシュウノースリーブ,6990,https://www.dot-st.com/lowrysfarm/disp/item/867766/,https://pdimg.dot-st.com/images/lowrysfarm/goods/itemImg86/867766/item_867766_main_05_1779790204.jpg,NEW,https://www.dot-st.com/disp/ranking/?dispNo=001001003&periodTp=3&ageRange=25-29
2026-07-23,20代後半,25-29,4,PAGEBOY,Disney【ふしぎの国のアリス】ソウガラシアートップス,6050,https://www.dot-st.com/pageboy/disp/item/1049225/,https://pdimg.dot-st.com/images/pageboy/goods/itemImg104/1049225/item_1049225_main_00_1782874618.jpg,NEW,https://www.dot-st.com/disp/ranking/?dispNo=001001003&periodTp=3&ageRange=25-29
2026-07-23,20代後半,25-29,5,44%OFF,niko and ... 【接触冷感】レーストリムフーディシャツ,3359,https://www.dot-st.com/nikoand/disp/item/638952/,https://pdimg.dot-st.com/images/nikoand/goods/itemImg63/638952/item_638952_main_11_1780379782.jpg,SALE,https://www.dot-st.com/disp/ranking/?dispNo=001001003&periodTp=3&ageRange=25-29
2026-07-23,20代後半,25-29,6,LOWRYS,FARM 【WEB】アシメティアードチュニックＳＳ,6050,https://www.dot-st.com/lowrysfarm/disp/item/1049042/,https://pdimg.dot-st.com/images/lowrysfarm/goods/itemImg104/1049042/item_1049042_main_05_1782896599.jpg,予約,https://www.dot-st.com/disp/ranking/?dispNo=001001003&periodTp=3&ageRange=25-29
2026-07-23,20代後半,25-29,7,HARE,【SETUP対応】アートフラワーガラシアーシャツ,11000,https://www.dot-st.com/hare/disp/item/664774/,https://pdimg.dot-st.com/images/hare/goods/itemImg66/664774/item_664774_main_38_1779940137.jpg,,https://www.dot-st.com/disp/ranking/?dispNo=001001003&periodTp=3&ageRange=25-29
2026-07-23,20代後半,25-29,8,36%OFF,niko and ... ヴィンテージグラフィックレースＴシャツ,2878,https://www.dot-st.com/nikoand/disp/item/665178/,https://pdimg.dot-st.com/images/nikoand/goods/itemImg66/665178/item_665178_main_58_1775450087.jpg,SALE,https://www.dot-st.com/disp/ranking/?dispNo=001001003&periodTp=3&ageRange=25-29
2026-07-23,20代後半,25-29,9,PAGEBOY,スモークフラワーシアーシャツ,6990,https://www.dot-st.com/pageboy/disp/item/1046302/,https://pdimg.dot-st.com/images/pageboy/goods/itemImg104/1046302/item_1046302_main_09_1780378519.jpg,NEW,https://www.dot-st.com/disp/ranking/?dispNo=001001003&periodTp=3&ageRange=25-29
2026-07-23,20代後半,25-29,10,PAGEBOY,Disney【ふしぎの国のアリス】ルーズT,6600,https://www.dot-st.com/pageboy/disp/item/1049215/,https://pdimg.dot-st.com/images/pageboy/goods/itemImg104/1049215/item_1049215_main_18_1782872512.jpg,NEW,https://www.dot-st.com/disp/ranking/?dispNo=001001003&periodTp=3&ageRange=25-29
2026-07-23,30代前半,30-34,1,LOWRYS,FARM 【WEB】アシメティアードチュニックＳＳ,6050,https://www.dot-st.com/lowrysfarm/disp/item/1049042/,https://pdimg.dot-st.com/images/lowrysfarm/goods/itemImg104/1049042/item_1049042_main_05_1782896599.jpg,予約,https://www.dot-st.com/disp/ranking/?dispNo=001001003&periodTp=3&ageRange=30-34
2026-07-23,30代前半,30-34,2,PAGEBOY,Disney【ふしぎの国のアリス】チェシャネコショートT,6600,https://www.dot-st.com/pageboy/disp/item/1049219/,https://pdimg.dot-st.com/images/pageboy/goods/itemImg104/1049219/item_1049219_main_18_1782873998.jpg,NEW,https://www.dot-st.com/disp/ranking/?dispNo=001001003&periodTp=3&ageRange=30-34
2026-07-23,30代前半,30-34,3,GLOBAL,WORK 【FRUITS ZIPPER 鎮西寿々歌さん着用】リッチクリーンプリントT半袖/636780,3490,https://www.dot-st.com/globalwork/disp/item/636780/,https://pdimg.dot-st.com/images/globalwork/goods/itemImg63/636780/item_636780_main_88_1782438635.jpg,,https://www.dot-st.com/disp/ranking/?dispNo=001001003&periodTp=3&ageRange=30-34
2026-07-23,30代前半,30-34,4,PAGEBOY,Disney【ふしぎの国のアリス】ソウガラシアートップス,6050,https://www.dot-st.com/pageboy/disp/item/1049225/,https://pdimg.dot-st.com/images/pageboy/goods/itemImg104/1049225/item_1049225_main_00_1782874618.jpg,NEW,https://www.dot-st.com/disp/ranking/?dispNo=001001003&periodTp=3&ageRange=30-34
2026-07-23,30代前半,30-34,5,20%OFF,LOWRYS FARM シャーリングチュニックフレンチスリーブ,4791,https://www.dot-st.com/lowrysfarm/disp/item/581468/,https://pdimg.dot-st.com/images/lowrysfarm/goods/itemImg58/581468/item_581468_main_08_1776892278.jpg,SALE,https://www.dot-st.com/disp/ranking/?dispNo=001001003&periodTp=3&ageRange=30-34
2026-07-23,30代前半,30-34,6,36%OFF,niko and ... COLORマイスターTシャツ,1919,https://www.dot-st.com/nikoand/disp/item/621891/,https://pdimg.dot-st.com/images/nikoand/goods/itemImg62/621891/item_621891_main_40_1782877581.jpg,SALE,https://www.dot-st.com/disp/ranking/?dispNo=001001003&periodTp=3&ageRange=30-34
2026-07-23,30代前半,30-34,7,20%OFF,GLOBAL WORK 【FRUITS ZIPPER 鎮西寿々歌さん着用】シルキータッチシアーシャツ5分袖/636672,3591,https://www.dot-st.com/globalwork/disp/item/636672/,https://pdimg.dot-st.com/images/globalwork/goods/itemImg63/636672/item_636672_main_85_1782383032.jpg,SALE,https://www.dot-st.com/disp/ranking/?dispNo=001001003&periodTp=3&ageRange=30-34
2026-07-23,30代前半,30-34,8,40%OFF,PAGEBOY 【接触冷感/イージーケア】メルティ2WAYシャツ,3950,https://www.dot-st.com/pageboy/disp/item/774472/,https://pdimg.dot-st.com/images/pageboy/goods/itemImg77/774472/item_774472_main_79_1780294366.jpg,SALE,https://www.dot-st.com/disp/ranking/?dispNo=001001003&periodTp=3&ageRange=30-34
2026-07-23,30代前半,30-34,9,25%OFF,LEPSIM シャーリングピコブラウスチュニック,4910,https://www.dot-st.com/lepsim/disp/item/1043527/,https://pdimg.dot-st.com/images/lepsim/goods/itemImg104/1043527/item_1043527_main_05_1782272858.jpg,SALE,https://www.dot-st.com/disp/ranking/?dispNo=001001003&periodTp=3&ageRange=30-34
2026-07-23,30代前半,30-34,10,30%OFF,GLOBAL WORK ひんやり涼しい/フローズン袖フレアプルオーバー半袖/680557,2792,https://www.dot-st.com/globalwork/disp/item/680557/,https://pdimg.dot-st.com/images/globalwork/goods/itemImg68/680557/item_680557_main_08_1779950817.jpg,SALE,https://www.dot-st.com/disp/ranking/?dispNo=001001003&periodTp=3&ageRange=30-34
2026-07-23,30代後半,35-39,1,GLOBAL,WORK 【FRUITS ZIPPER 鎮西寿々歌さん着用】リッチクリーンプリントT半袖/636780,3490,https://www.dot-st.com/globalwork/disp/item/636780/,https://pdimg.dot-st.com/images/globalwork/goods/itemImg63/636780/item_636780_main_88_1782438635.jpg,,https://www.dot-st.com/disp/ranking/?dispNo=001001003&periodTp=3&ageRange=35-39
2026-07-23,30代後半,35-39,2,20%OFF,LOWRYS FARM シャーリングチュニックフレンチスリーブ,4791,https://www.dot-st.com/lowrysfarm/disp/item/581468/,https://pdimg.dot-st.com/images/lowrysfarm/goods/itemImg58/581468/item_581468_main_08_1776892278.jpg,SALE,https://www.dot-st.com/disp/ranking/?dispNo=001001003&periodTp=3&ageRange=35-39
2026-07-23,30代後半,35-39,3,20%OFF,GLOBAL WORK 【FRUITS ZIPPER 鎮西寿々歌さん着用】シルキータッチシアーシャツ5分袖/636672,3591,https://www.dot-st.com/globalwork/disp/item/636672/,https://pdimg.dot-st.com/images/globalwork/goods/itemImg63/636672/item_636672_main_85_1782383032.jpg,SALE,https://www.dot-st.com/disp/ranking/?dispNo=001001003&periodTp=3&ageRange=35-39
2026-07-23,30代後半,35-39,4,25%OFF,LEPSIM 異素材フリルドッキングT2,3711,https://www.dot-st.com/lepsim/disp/item/667510/,https://pdimg.dot-st.com/images/lepsim/goods/itemImg66/667510/item_667510_main_05_1774510009.jpg,SALE,https://www.dot-st.com/disp/ranking/?dispNo=001001003&periodTp=3&ageRange=35-39
2026-07-23,30代後半,35-39,5,25%OFF,LEPSIM 《レプクル》異素材フリルBIGT,3273,https://www.dot-st.com/lepsim/disp/item/242843/,https://pdimg.dot-st.com/images/lepsim/goods/itemImg24/242843/item_242843_main_85_1777625015.jpg,SALE,https://www.dot-st.com/disp/ranking/?dispNo=001001003&periodTp=3&ageRange=35-39
2026-07-23,30代後半,35-39,6,30%OFF,GLOBAL WORK ひんやり涼しい/フローズン袖フレアプルオーバー半袖/680557,2792,https://www.dot-st.com/globalwork/disp/item/680557/,https://pdimg.dot-st.com/images/globalwork/goods/itemImg68/680557/item_680557_main_08_1779950817.jpg,SALE,https://www.dot-st.com/disp/ranking/?dispNo=001001003&periodTp=3&ageRange=35-39
2026-07-23,30代後半,35-39,7,20%OFF,GLOBAL WORK ひんやり涼しい/フローズン裾フリル切り替えTシャツ/872700,3192,https://www.dot-st.com/globalwork/disp/item/872700/,https://pdimg.dot-st.com/images/globalwork/goods/itemImg87/872700/item_872700_main_09_1782973903.jpg,SALE,https://www.dot-st.com/disp/ranking/?dispNo=001001003&periodTp=3&ageRange=35-39
2026-07-23,30代後半,35-39,8,44%OFF,niko and ... 【接触冷感】レーストリムフーディシャツ,3359,https://www.dot-st.com/nikoand/disp/item/638952/,https://pdimg.dot-st.com/images/nikoand/goods/itemImg63/638952/item_638952_main_11_1780379782.jpg,SALE,https://www.dot-st.com/disp/ranking/?dispNo=001001003&periodTp=3&ageRange=35-39
2026-07-23,30代後半,35-39,9,GLOBAL,WORK エアリーリラックス切り替えペプラム半袖/718860,4490,https://www.dot-st.com/globalwork/disp/item/718860/,https://pdimg.dot-st.com/images/globalwork/goods/itemImg71/718860/item_718860_main_93_1779959311.jpg,,https://www.dot-st.com/disp/ranking/?dispNo=001001003&periodTp=3&ageRange=35-39
2026-07-23,30代後半,35-39,10,GLOBAL,WORK GOODデニムシャツ半袖/655908,4990,https://www.dot-st.com/globalwork/disp/item/655908/,https://pdimg.dot-st.com/images/globalwork/goods/itemImg65/655908/item_655908_main_86_1777600034.jpg,NEW,https://www.dot-st.com/disp/ranking/?dispNo=001001003&periodTp=3&ageRange=35-39
2026-07-24,20代後半,25-29,1,HARE,【WEB 新世紀エヴァンゲリオン×HARE】ラインアートシャツ,13970,https://www.dot-st.com/hare/disp/item/1023254/,https://pdimg.dot-st.com/images/hare/goods/itemImg102/1023254/item_1023254_main_30_1784631805.jpg,予約,https://www.dot-st.com/disp/ranking/?dispNo=001001003&periodTp=3&ageRange=25-29
2026-07-24,20代後半,25-29,2,10%OFF,HARE ストリングリブタンクトップ,2970,https://www.dot-st.com/hare/disp/item/636796/,https://pdimg.dot-st.com/images/hare/goods/itemImg63/636796/item_636796_main_09_1772767891.jpg,,https://www.dot-st.com/disp/ranking/?dispNo=001001003&periodTp=3&ageRange=25-29
2026-07-24,20代後半,25-29,3,apres,jour 2wayボウタイシャツドッキングニット,4995,https://www.dot-st.com/apres_jour/disp/item/1047411/,https://pdimg.dot-st.com/images/apres_jour/goods/itemImg104/1047411/item_1047411_main_88_1784702511.jpg,NEW,https://www.dot-st.com/disp/ranking/?dispNo=001001003&periodTp=3&ageRange=25-29
2026-07-24,20代後半,25-29,4,10%OFF,JEANASIS 【期間限定価格】シアージャガードシャーリングシャツSS,6471,https://www.dot-st.com/jeanasis/disp/item/859249/,https://pdimg.dot-st.com/images/jeanasis/goods/itemImg85/859249/item_859249_main_82_1778238768.jpg,SALE,https://www.dot-st.com/disp/ranking/?dispNo=001001003&periodTp=3&ageRange=25-29
2026-07-24,20代後半,25-29,5,LOWRYS,FARM ペプラムチュニックＳＳ,6050,https://www.dot-st.com/lowrysfarm/disp/item/660871/,https://pdimg.dot-st.com/images/lowrysfarm/goods/itemImg66/660871/item_660871_main_06_1783645877.jpg,,https://www.dot-st.com/disp/ranking/?dispNo=001001003&periodTp=3&ageRange=25-29
2026-07-24,20代後半,25-29,6,41%OFF,PAGEBOY 【接触冷感/イージーケア】クルケアシアーシャツ【】,3498,https://www.dot-st.com/pageboy/disp/item/661236/,https://pdimg.dot-st.com/images/pageboy/goods/itemImg66/661236/item_661236_main_01_1781942336.jpg,SALE / 再入荷,https://www.dot-st.com/disp/ranking/?dispNo=001001003&periodTp=3&ageRange=25-29
2026-07-24,20代後半,25-29,7,HARE,【WEB 新世紀エヴァンゲリオン×HARE】シーンプリントカット,9900,https://www.dot-st.com/hare/disp/item/1023260/,https://pdimg.dot-st.com/images/hare/goods/itemImg102/1023260/item_1023260_main_05_1784631261.jpg,予約,https://www.dot-st.com/disp/ranking/?dispNo=001001003&periodTp=3&ageRange=25-29
2026-07-24,20代後半,25-29,8,HARE,2WAYランダムリブラメタンクトップ,4950,https://www.dot-st.com/hare/disp/item/636820/,https://pdimg.dot-st.com/images/hare/goods/itemImg63/636820/item_636820_main_09_1775108366.jpg,,https://www.dot-st.com/disp/ranking/?dispNo=001001003&periodTp=3&ageRange=25-29
2026-07-24,20代後半,25-29,9,HARE,【接触冷感】マルチWAYシアーオフショルシャツ,9900,https://www.dot-st.com/hare/disp/item/657306/,https://pdimg.dot-st.com/images/hare/goods/itemImg65/657306/item_657306_main_09_1777000567.jpg,,https://www.dot-st.com/disp/ranking/?dispNo=001001003&periodTp=3&ageRange=25-29
2026-07-24,20代後半,25-29,10,Elura,≪≫ドルマンスリーブドライニット,9900,https://www.dot-st.com/elura/disp/item/864801/,https://pdimg.dot-st.com/images/elura/goods/itemImg86/864801/item_864801_main_72_1780376883.jpg,WEB限定,https://www.dot-st.com/disp/ranking/?dispNo=001001003&periodTp=3&ageRange=25-29
2026-07-24,30代前半,30-34,1,36%OFF,niko and ... ヴィンテージグラフィックレースＴシャツ,2878,https://www.dot-st.com/nikoand/disp/item/665178/,https://pdimg.dot-st.com/images/nikoand/goods/itemImg66/665178/item_665178_main_58_1775450087.jpg,SALE,https://www.dot-st.com/disp/ranking/?dispNo=001001003&periodTp=3&ageRange=30-34
2026-07-24,30代前半,30-34,2,50%OFF,Classical Elf ラフなのに品よく見える。軽やかぽこぽこフクレジャガードトップス（半袖）ce1260557,1998,https://www.dot-st.com/classicalelf/disp/item/648357/,https://pdimg.dot-st.com/images/classicalelf/goods/itemImg64/648357/item_648357_main_05_1774235459.jpg,,https://www.dot-st.com/disp/ranking/?dispNo=001001003&periodTp=3&ageRange=30-34
2026-07-24,30代前半,30-34,3,20%OFF,LOWRYS FARM シャーリングチュニックフレンチスリーブ,4791,https://www.dot-st.com/lowrysfarm/disp/item/581468/,https://pdimg.dot-st.com/images/lowrysfarm/goods/itemImg58/581468/item_581468_main_08_1776892278.jpg,SALE,https://www.dot-st.com/disp/ranking/?dispNo=001001003&periodTp=3&ageRange=30-34
2026-07-24,30代前半,30-34,4,20%OFF,GLOBAL WORK 【FRUITS ZIPPER 鎮西寿々歌さん着用】シルキータッチシアーシャツ5分袖/636672,3591,https://www.dot-st.com/globalwork/disp/item/636672/,https://pdimg.dot-st.com/images/globalwork/goods/itemImg63/636672/item_636672_main_85_1782383032.jpg,NEW / SALE,https://www.dot-st.com/disp/ranking/?dispNo=001001003&periodTp=3&ageRange=30-34
2026-07-24,30代前半,30-34,5,Curensology,【】＜Brooks Brothers＞別注ニットジャケット,34100,https://www.dot-st.com/curensology/disp/item/662380/,https://pdimg.dot-st.com/images/curensology/goods/itemImg66/662380/item_662380_main_88_1782879198.jpg,予約,https://www.dot-st.com/disp/ranking/?dispNo=001001003&periodTp=3&ageRange=30-34
2026-07-24,30代前半,30-34,6,LOWRYS,FARM アシメティアードチュニックＳＳ,6050,https://www.dot-st.com/lowrysfarm/disp/item/1049042/,https://pdimg.dot-st.com/images/lowrysfarm/goods/itemImg104/1049042/item_1049042_main_05_1782896599.jpg,NEW,https://www.dot-st.com/disp/ranking/?dispNo=001001003&periodTp=3&ageRange=30-34
2026-07-24,30代前半,30-34,7,44%OFF,niko and ... 【接触冷感】レーストリムフーディシャツ,3359,https://www.dot-st.com/nikoand/disp/item/638952/,https://pdimg.dot-st.com/images/nikoand/goods/itemImg63/638952/item_638952_main_11_1780379782.jpg,SALE,https://www.dot-st.com/disp/ranking/?dispNo=001001003&periodTp=3&ageRange=30-34
2026-07-24,30代前半,30-34,8,44%OFF,niko and ... トリムレースドッキングTシャツ,3080,https://www.dot-st.com/nikoand/disp/item/741561/,https://pdimg.dot-st.com/images/nikoand/goods/itemImg74/741561/item_741561_main_18_1781836938.jpg,SALE,https://www.dot-st.com/disp/ranking/?dispNo=001001003&periodTp=3&ageRange=30-34
2026-07-24,30代前半,30-34,9,HARE,【WEB 新世紀エヴァンゲリオン×HARE】ブラーガラシャツ,13970,https://www.dot-st.com/hare/disp/item/1023247/,https://pdimg.dot-st.com/images/hare/goods/itemImg102/1023247/item_1023247_main_09_1784632273.jpg,予約,https://www.dot-st.com/disp/ranking/?dispNo=001001003&periodTp=3&ageRange=30-34
2026-07-24,30代前半,30-34,10,LEPSIM,マルメリドルマン5分袖シャツ,5500,https://www.dot-st.com/lepsim/disp/item/681282/,https://pdimg.dot-st.com/images/lepsim/goods/itemImg68/681282/item_681282_main_53_1775533487.jpg,再入荷,https://www.dot-st.com/disp/ranking/?dispNo=001001003&periodTp=3&ageRange=30-34
2026-07-24,30代後半,35-39,1,50%OFF,Classical Elf ラフなのに品よく見える。軽やかぽこぽこフクレジャガードトップス（半袖）ce1260557,1998,https://www.dot-st.com/classicalelf/disp/item/648357/,https://pdimg.dot-st.com/images/classicalelf/goods/itemImg64/648357/item_648357_main_05_1774235459.jpg,,https://www.dot-st.com/disp/ranking/?dispNo=001001003&periodTp=3&ageRange=35-39
2026-07-24,30代後半,35-39,2,30%OFF,GLOBAL WORK Airy Breezeシャツジャケット/645120,3842,https://www.dot-st.com/globalwork/disp/item/645120/,https://pdimg.dot-st.com/images/globalwork/goods/itemImg64/645120/item_645120_main_50_1778645263.jpg,SALE,https://www.dot-st.com/disp/ranking/?dispNo=001001003&periodTp=3&ageRange=35-39
2026-07-24,30代後半,35-39,3,44%OFF,niko and ... 【接触冷感】レーストリムフーディシャツ,3359,https://www.dot-st.com/nikoand/disp/item/638952/,https://pdimg.dot-st.com/images/nikoand/goods/itemImg63/638952/item_638952_main_11_1780379782.jpg,SALE,https://www.dot-st.com/disp/ranking/?dispNo=001001003&periodTp=3&ageRange=35-39
2026-07-24,30代後半,35-39,4,25%OFF,LEPSIM 《レプクル》異素材フリルBIGT,3273,https://www.dot-st.com/lepsim/disp/item/242843/,https://pdimg.dot-st.com/images/lepsim/goods/itemImg24/242843/item_242843_main_85_1777625015.jpg,SALE,https://www.dot-st.com/disp/ranking/?dispNo=001001003&periodTp=3&ageRange=35-39
2026-07-24,30代後半,35-39,5,36%OFF,niko and ... ヴィンテージグラフィックレースＴシャツ,2878,https://www.dot-st.com/nikoand/disp/item/665178/,https://pdimg.dot-st.com/images/nikoand/goods/itemImg66/665178/item_665178_main_58_1775450087.jpg,SALE,https://www.dot-st.com/disp/ranking/?dispNo=001001003&periodTp=3&ageRange=35-39
2026-07-24,30代後半,35-39,6,30%OFF,GLOBAL WORK ひんやり涼しい/フローズン袖フレアプルオーバー半袖/680557,2792,https://www.dot-st.com/globalwork/disp/item/680557/,https://pdimg.dot-st.com/images/globalwork/goods/itemImg68/680557/item_680557_main_08_1779950817.jpg,SALE,https://www.dot-st.com/disp/ranking/?dispNo=001001003&periodTp=3&ageRange=35-39
2026-07-24,30代後半,35-39,7,GLOBAL,WORK 【FRUITS ZIPPER 鎮西寿々歌さん着用】サラサラDRYスクエアタンク/636753,1980,https://www.dot-st.com/globalwork/disp/item/636753/,https://pdimg.dot-st.com/images/globalwork/goods/itemImg63/636753/item_636753_main_05_1782436061.jpg,,https://www.dot-st.com/disp/ranking/?dispNo=001001003&periodTp=3&ageRange=35-39
2026-07-24,30代後半,35-39,8,GLOBAL,WORK 【FRUITS ZIPPER 鎮西寿々歌さん着用】リッチクリーンプリントT半袖/636780,3490,https://www.dot-st.com/globalwork/disp/item/636780/,https://pdimg.dot-st.com/images/globalwork/goods/itemImg63/636780/item_636780_main_88_1782438635.jpg,,https://www.dot-st.com/disp/ranking/?dispNo=001001003&periodTp=3&ageRange=35-39
2026-07-24,30代後半,35-39,9,25%OFF,LEPSIM 異素材フリルドッキングT2,3711,https://www.dot-st.com/lepsim/disp/item/667510/,https://pdimg.dot-st.com/images/lepsim/goods/itemImg66/667510/item_667510_main_05_1774510009.jpg,SALE,https://www.dot-st.com/disp/ranking/?dispNo=001001003&periodTp=3&ageRange=35-39
2026-07-24,30代後半,35-39,10,28%OFF,niko and ... クラフト刺繍開襟シャツ,5039,https://www.dot-st.com/nikoand/disp/item/662053/,https://pdimg.dot-st.com/images/nikoand/goods/itemImg66/662053/item_662053_main_11_1780362887.jpg,SALE,https://www.dot-st.com/disp/ranking/?dispNo=001001003&periodTp=3&ageRange=35-39
2026-07-25,20代後半,25-29,1,LOWRYS,FARM アシメティアードチュニックＳＳ,6050,https://www.dot-st.com/lowrysfarm/disp/item/1049042/,https://pdimg.dot-st.com/images/lowrysfarm/goods/itemImg104/1049042/item_1049042_main_05_1782896599.jpg,NEW,https://www.dot-st.com/disp/ranking/?dispNo=001001003&periodTp=3&ageRange=25-29
2026-07-25,20代後半,25-29,2,apres,jour 2wayボウタイシャツドッキングニット,4995,https://www.dot-st.com/apres_jour/disp/item/1047411/,https://pdimg.dot-st.com/images/apres_jour/goods/itemImg104/1047411/item_1047411_main_88_1784702511.jpg,NEW,https://www.dot-st.com/disp/ranking/?dispNo=001001003&periodTp=3&ageRange=25-29
2026-07-25,20代後半,25-29,3,HARE,【WEB 新世紀エヴァンゲリオン×HARE】アートシアーシャツ,13200,https://www.dot-st.com/hare/disp/item/1023237/,https://pdimg.dot-st.com/images/hare/goods/itemImg102/1023237/item_1023237_main_09_1784633135.jpg,予約,https://www.dot-st.com/disp/ranking/?dispNo=001001003&periodTp=3&ageRange=25-29
2026-07-25,20代後半,25-29,4,GLOBAL,WORK 【mojojojo】パイルZIPパーカー/911098,5990,https://www.dot-st.com/globalwork/disp/item/911098/,https://pdimg.dot-st.com/images/globalwork/goods/itemImg91/911098/item_911098_main_65_1782451705.jpg,NEW,https://www.dot-st.com/disp/ranking/?dispNo=001001003&periodTp=3&ageRange=25-29
2026-07-25,20代後半,25-29,5,10%OFF,HARE ストリングリブタンクトップ,2970,https://www.dot-st.com/hare/disp/item/636796/,https://pdimg.dot-st.com/images/hare/goods/itemImg63/636796/item_636796_main_09_1772767891.jpg,,https://www.dot-st.com/disp/ranking/?dispNo=001001003&periodTp=3&ageRange=25-29
2026-07-25,20代後半,25-29,6,HARE,【WEB 新世紀エヴァンゲリオン×HARE】シーンプリントカット,9900,https://www.dot-st.com/hare/disp/item/1023260/,https://pdimg.dot-st.com/images/hare/goods/itemImg102/1023260/item_1023260_main_05_1784631261.jpg,予約,https://www.dot-st.com/disp/ranking/?dispNo=001001003&periodTp=3&ageRange=25-29
2026-07-25,20代後半,25-29,7,10%OFF,Curensology ドルマンナローTシャツ,13860,https://www.dot-st.com/curensology/disp/item/642246/,https://pdimg.dot-st.com/images/curensology/goods/itemImg64/642246/item_642246_main_02_1768877308.jpg,,https://www.dot-st.com/disp/ranking/?dispNo=001001003&periodTp=3&ageRange=25-29
2026-07-25,20代後半,25-29,8,22%OFF,HARE 【接触冷感】フラワーシシュウTシャツ,6930,https://www.dot-st.com/hare/disp/item/893705/,https://pdimg.dot-st.com/images/hare/goods/itemImg89/893705/item_893705_main_08_1780998475.jpg,SALE,https://www.dot-st.com/disp/ranking/?dispNo=001001003&periodTp=3&ageRange=25-29
2026-07-25,20代後半,25-29,9,26%OFF,A part by 【スペシャルプライス】インフルエンサーyuiさんコラボ＊YUランダムペプラムノースリーブ,6490,https://www.dot-st.com/apartbylowrys/disp/item/670115/,https://pdimg.dot-st.com/images/apartbylowrys/goods/itemImg67/670115/item_670115_main_62_1779083495.jpg,SALE,https://www.dot-st.com/disp/ranking/?dispNo=001001003&periodTp=3&ageRange=25-29
2026-07-25,20代後半,25-29,10,10%OFF,JEANASIS 【期間限定価格】シアージャガードシャーリングシャツSS,6471,https://www.dot-st.com/jeanasis/disp/item/859249/,https://pdimg.dot-st.com/images/jeanasis/goods/itemImg85/859249/item_859249_main_82_1778238768.jpg,SALE,https://www.dot-st.com/disp/ranking/?dispNo=001001003&periodTp=3&ageRange=25-29
2026-07-25,30代前半,30-34,1,20%OFF,LOWRYS FARM シャーリングチュニックフレンチスリーブ,4791,https://www.dot-st.com/lowrysfarm/disp/item/581468/,https://pdimg.dot-st.com/images/lowrysfarm/goods/itemImg58/581468/item_581468_main_08_1776892278.jpg,SALE,https://www.dot-st.com/disp/ranking/?dispNo=001001003&periodTp=3&ageRange=30-34
2026-07-25,30代前半,30-34,2,GLOBAL,WORK せこ子プロデュース/2WAYカットジャガードカーディガン/665869,3490,https://www.dot-st.com/globalwork/disp/item/665869/,https://pdimg.dot-st.com/images/globalwork/goods/itemImg66/665869/item_665869_main_05_1776853595.jpg,NEW,https://www.dot-st.com/disp/ranking/?dispNo=001001003&periodTp=3&ageRange=30-34
2026-07-25,30代前半,30-34,3,50%OFF,Classical Elf ラフなのに品よく見える。軽やかぽこぽこフクレジャガードトップス（半袖）ce1260557,1998,https://www.dot-st.com/classicalelf/disp/item/648357/,https://pdimg.dot-st.com/images/classicalelf/goods/itemImg64/648357/item_648357_main_05_1774235459.jpg,,https://www.dot-st.com/disp/ranking/?dispNo=001001003&periodTp=3&ageRange=30-34
2026-07-25,30代前半,30-34,4,GLOBAL,WORK 【mojojojo】パイルZIPパーカー/911098,5990,https://www.dot-st.com/globalwork/disp/item/911098/,https://pdimg.dot-st.com/images/globalwork/goods/itemImg91/911098/item_911098_main_65_1782451705.jpg,NEW,https://www.dot-st.com/disp/ranking/?dispNo=001001003&periodTp=3&ageRange=30-34
2026-07-25,30代前半,30-34,5,HARE,【新世紀エヴァンゲリオン×HARE】ラインアートシャツ,13970,https://www.dot-st.com/hare/disp/item/1023254/,https://pdimg.dot-st.com/images/hare/goods/itemImg102/1023254/item_1023254_main_30_1784631805.jpg,NEW,https://www.dot-st.com/disp/ranking/?dispNo=001001003&periodTp=3&ageRange=30-34
2026-07-25,30代前半,30-34,6,LOWRYS,FARM アシメティアードチュニックＳＳ,6050,https://www.dot-st.com/lowrysfarm/disp/item/1049042/,https://pdimg.dot-st.com/images/lowrysfarm/goods/itemImg104/1049042/item_1049042_main_05_1782896599.jpg,NEW,https://www.dot-st.com/disp/ranking/?dispNo=001001003&periodTp=3&ageRange=30-34
2026-07-25,30代前半,30-34,7,niko,and ... インド刺繍フレアブラウス,6000,https://www.dot-st.com/nikoand/disp/item/662015/,https://pdimg.dot-st.com/images/nikoand/goods/itemImg66/662015/item_662015_main_11_1780372554.jpg,,https://www.dot-st.com/disp/ranking/?dispNo=001001003&periodTp=3&ageRange=30-34
2026-07-25,30代前半,30-34,8,28%OFF,LOWRYS FARM シアーシャツＬＳ／接触冷感・吸水速乾,3960,https://www.dot-st.com/lowrysfarm/disp/item/605853/,https://pdimg.dot-st.com/images/lowrysfarm/goods/itemImg60/605853/item_605853_main_08_1783646299.jpg,SALE,https://www.dot-st.com/disp/ranking/?dispNo=001001003&periodTp=3&ageRange=30-34
2026-07-25,30代前半,30-34,9,44%OFF,niko and ... 【接触冷感】レーストリムフーディシャツ,3359,https://www.dot-st.com/nikoand/disp/item/638952/,https://pdimg.dot-st.com/images/nikoand/goods/itemImg63/638952/item_638952_main_11_1780379782.jpg,SALE,https://www.dot-st.com/disp/ranking/?dispNo=001001003&periodTp=3&ageRange=30-34
2026-07-25,30代前半,30-34,10,25%OFF,LEPSIM 《レプクル》異素材フリルBIGT,3273,https://www.dot-st.com/lepsim/disp/item/242843/,https://pdimg.dot-st.com/images/lepsim/goods/itemImg24/242843/item_242843_main_85_1777625015.jpg,SALE,https://www.dot-st.com/disp/ranking/?dispNo=001001003&periodTp=3&ageRange=30-34
2026-07-25,30代後半,35-39,1,GLOBAL,WORK せこ子プロデュース/2WAYカットジャガードカーディガン/665869,3490,https://www.dot-st.com/globalwork/disp/item/665869/,https://pdimg.dot-st.com/images/globalwork/goods/itemImg66/665869/item_665869_main_05_1776853595.jpg,NEW,https://www.dot-st.com/disp/ranking/?dispNo=001001003&periodTp=3&ageRange=35-39
2026-07-25,30代後半,35-39,2,GLOBAL,WORK airiプロデュ－ス/切り替えギャザーブラウス/665888,4990,https://www.dot-st.com/globalwork/disp/item/665888/,https://pdimg.dot-st.com/images/globalwork/goods/itemImg66/665888/item_665888_main_50_1776854458.jpg,,https://www.dot-st.com/disp/ranking/?dispNo=001001003&periodTp=3&ageRange=35-39
2026-07-25,30代後半,35-39,3,36%OFF,niko and ... ヴィンテージグラフィックレースＴシャツ,2878,https://www.dot-st.com/nikoand/disp/item/665178/,https://pdimg.dot-st.com/images/nikoand/goods/itemImg66/665178/item_665178_main_58_1775450087.jpg,SALE,https://www.dot-st.com/disp/ranking/?dispNo=001001003&periodTp=3&ageRange=35-39
2026-07-25,30代後半,35-39,4,50%OFF,Classical Elf ラフなのに品よく見える。軽やかぽこぽこフクレジャガードトップス（半袖）ce1260557,1998,https://www.dot-st.com/classicalelf/disp/item/648357/,https://pdimg.dot-st.com/images/classicalelf/goods/itemImg64/648357/item_648357_main_05_1774235459.jpg,,https://www.dot-st.com/disp/ranking/?dispNo=001001003&periodTp=3&ageRange=35-39
2026-07-25,30代後半,35-39,5,44%OFF,niko and ... 【接触冷感】レーストリムフーディシャツ,3359,https://www.dot-st.com/nikoand/disp/item/638952/,https://pdimg.dot-st.com/images/nikoand/goods/itemImg63/638952/item_638952_main_11_1780379782.jpg,SALE,https://www.dot-st.com/disp/ranking/?dispNo=001001003&periodTp=3&ageRange=35-39
2026-07-25,30代後半,35-39,6,20%OFF,niko and ... チュール刺繍BIGプルオーバー,3599,https://www.dot-st.com/nikoand/disp/item/881581/,https://pdimg.dot-st.com/images/nikoand/goods/itemImg88/881581/item_881581_main_11_1783309878.jpg,,https://www.dot-st.com/disp/ranking/?dispNo=001001003&periodTp=3&ageRange=35-39
2026-07-25,30代後半,35-39,7,25%OFF,LEPSIM 《レプクル》異素材フリルBIGT,3273,https://www.dot-st.com/lepsim/disp/item/242843/,https://pdimg.dot-st.com/images/lepsim/goods/itemImg24/242843/item_242843_main_85_1777625015.jpg,SALE,https://www.dot-st.com/disp/ranking/?dispNo=001001003&periodTp=3&ageRange=35-39
2026-07-25,30代後半,35-39,8,GLOBAL,WORK UVプロテクトフードシャツ/646416,3990,https://www.dot-st.com/globalwork/disp/item/646416/,https://pdimg.dot-st.com/images/globalwork/goods/itemImg64/646416/item_646416_main_05_1772535514.jpg,NEW,https://www.dot-st.com/disp/ranking/?dispNo=001001003&periodTp=3&ageRange=35-39
2026-07-25,30代後半,35-39,9,GLOBAL,WORK GOODデニムシャツ半袖/655908,4990,https://www.dot-st.com/globalwork/disp/item/655908/,https://pdimg.dot-st.com/images/globalwork/goods/itemImg65/655908/item_655908_main_86_1777600034.jpg,,https://www.dot-st.com/disp/ranking/?dispNo=001001003&periodTp=3&ageRange=35-39
2026-07-25,30代後半,35-39,10,JEANASIS,【Bei×JEANASIS】Neko Big TEE【】,5500,https://www.dot-st.com/jeanasis/disp/item/1068922/,https://pdimg.dot-st.com/images/jeanasis/goods/itemImg106/1068922/item_1068922_main_05_1784709175.jpg,予約,https://www.dot-st.com/disp/ranking/?dispNo=001001003&periodTp=3&ageRange=35-39
2026-07-26,20代後半,25-29,1,HARE,【WEB 新世紀エヴァンゲリオン×HARE】シーンプリントカット,9900,https://www.dot-st.com/hare/disp/item/1023260/,https://pdimg.dot-st.com/images/hare/goods/itemImg102/1023260/item_1023260_main_05_1784631261.jpg,予約,https://www.dot-st.com/disp/ranking/?dispNo=001001003&periodTp=3&ageRange=25-29
2026-07-26,20代後半,25-29,2,PAGEBOY,スモークフラワーシアーシャツ,6990,https://www.dot-st.com/pageboy/disp/item/1046302/,https://pdimg.dot-st.com/images/pageboy/goods/itemImg104/1046302/item_1046302_main_09_1780378519.jpg,NEW,https://www.dot-st.com/disp/ranking/?dispNo=001001003&periodTp=3&ageRange=25-29
2026-07-26,20代後半,25-29,3,HARE,【WEB 新世紀エヴァンゲリオン×HARE】ブラーガラシャツ,13970,https://www.dot-st.com/hare/disp/item/1023247/,https://pdimg.dot-st.com/images/hare/goods/itemImg102/1023247/item_1023247_main_09_1784632273.jpg,予約,https://www.dot-st.com/disp/ranking/?dispNo=001001003&periodTp=3&ageRange=25-29
2026-07-26,20代後半,25-29,4,50%OFF,Classical Elf ラフなのに品よく見える。軽やかぽこぽこフクレジャガードトップス（半袖）ce1260557,1998,https://www.dot-st.com/classicalelf/disp/item/648357/,https://pdimg.dot-st.com/images/classicalelf/goods/itemImg64/648357/item_648357_main_05_1774235459.jpg,,https://www.dot-st.com/disp/ranking/?dispNo=001001003&periodTp=3&ageRange=25-29
2026-07-26,20代後半,25-29,5,HARE,パーツツキコンパクトネクタイシャツ,11000,https://www.dot-st.com/hare/disp/item/1042101/,https://pdimg.dot-st.com/images/hare/goods/itemImg104/1042101/item_1042101_main_08_1780384655.jpg,NEW,https://www.dot-st.com/disp/ranking/?dispNo=001001003&periodTp=3&ageRange=25-29
2026-07-26,20代後半,25-29,6,10%OFF,JEANASIS 【期間限定価格】シアージャガードシャーリングシャツSS,6471,https://www.dot-st.com/jeanasis/disp/item/859249/,https://pdimg.dot-st.com/images/jeanasis/goods/itemImg85/859249/item_859249_main_82_1778238768.jpg,SALE,https://www.dot-st.com/disp/ranking/?dispNo=001001003&periodTp=3&ageRange=25-29
2026-07-26,20代後半,25-29,7,LOWRYS,FARM アシメティアードチュニックＳＳ,6050,https://www.dot-st.com/lowrysfarm/disp/item/1049042/,https://pdimg.dot-st.com/images/lowrysfarm/goods/itemImg104/1049042/item_1049042_main_05_1782896599.jpg,NEW,https://www.dot-st.com/disp/ranking/?dispNo=001001003&periodTp=3&ageRange=25-29
2026-07-26,20代後半,25-29,8,niko,and ... 【Lucky Fes'26】プリントＴＥＥ,4500,https://www.dot-st.com/nikoand/disp/item/840833/,https://pdimg.dot-st.com/images/nikoand/goods/itemImg84/840833/item_840833_main_06_1780568198.jpg,,https://www.dot-st.com/disp/ranking/?dispNo=001001003&periodTp=3&ageRange=25-29
2026-07-26,20代後半,25-29,9,LOWRYS,FARM ソウバリスクエアタンクトップ,3850,https://www.dot-st.com/lowrysfarm/disp/item/294378/,https://pdimg.dot-st.com/images/lowrysfarm/goods/itemImg29/294378/item_294378_main_02_1776846779.jpg,,https://www.dot-st.com/disp/ranking/?dispNo=001001003&periodTp=3&ageRange=25-29
2026-07-26,20代後半,25-29,10,10%OFF,HARE ストリングリブタンクトップ,2970,https://www.dot-st.com/hare/disp/item/636796/,https://pdimg.dot-st.com/images/hare/goods/itemImg63/636796/item_636796_main_09_1772767891.jpg,,https://www.dot-st.com/disp/ranking/?dispNo=001001003&periodTp=3&ageRange=25-29
2026-07-26,30代前半,30-34,1,28%OFF,LOWRYS FARM シアーシャツＬＳ／接触冷感・吸水速乾,3960,https://www.dot-st.com/lowrysfarm/disp/item/605853/,https://pdimg.dot-st.com/images/lowrysfarm/goods/itemImg60/605853/item_605853_main_08_1783646299.jpg,SALE,https://www.dot-st.com/disp/ranking/?dispNo=001001003&periodTp=3&ageRange=30-34
2026-07-26,30代前半,30-34,2,20%OFF,LOWRYS FARM シャーリングチュニックフレンチスリーブ,4791,https://www.dot-st.com/lowrysfarm/disp/item/581468/,https://pdimg.dot-st.com/images/lowrysfarm/goods/itemImg58/581468/item_581468_main_08_1776892278.jpg,SALE,https://www.dot-st.com/disp/ranking/?dispNo=001001003&periodTp=3&ageRange=30-34
2026-07-26,30代前半,30-34,3,50%OFF,Classical Elf ラフなのに品よく見える。軽やかぽこぽこフクレジャガードトップス（半袖）ce1260557,1998,https://www.dot-st.com/classicalelf/disp/item/648357/,https://pdimg.dot-st.com/images/classicalelf/goods/itemImg64/648357/item_648357_main_05_1774235459.jpg,,https://www.dot-st.com/disp/ranking/?dispNo=001001003&periodTp=3&ageRange=30-34
2026-07-26,30代前半,30-34,4,Chaos,ノアパティＴシャツ,12650,https://www.dot-st.com/chaos/disp/item/636444/,https://pdimg.dot-st.com/images/chaos/goods/itemImg63/636444/item_636444_main_57_1773215479.jpg,,https://www.dot-st.com/disp/ranking/?dispNo=001001003&periodTp=3&ageRange=30-34
2026-07-26,30代前半,30-34,5,LOWRYS,FARM アシメティアードチュニックＳＳ,6050,https://www.dot-st.com/lowrysfarm/disp/item/1049042/,https://pdimg.dot-st.com/images/lowrysfarm/goods/itemImg104/1049042/item_1049042_main_05_1782896599.jpg,NEW,https://www.dot-st.com/disp/ranking/?dispNo=001001003&periodTp=3&ageRange=30-34
2026-07-26,30代前半,30-34,6,LOWRYS,FARM ギャザーポロＳＳ,5500,https://www.dot-st.com/lowrysfarm/disp/item/794100/,https://pdimg.dot-st.com/images/lowrysfarm/goods/itemImg79/794100/item_794100_main_58_1779758194.jpg,NEW,https://www.dot-st.com/disp/ranking/?dispNo=001001003&periodTp=3&ageRange=30-34
2026-07-26,30代前半,30-34,7,36%OFF,niko and ... COLORマイスターTシャツ,1919,https://www.dot-st.com/nikoand/disp/item/621891/,https://pdimg.dot-st.com/images/nikoand/goods/itemImg62/621891/item_621891_main_40_1782877581.jpg,SALE,https://www.dot-st.com/disp/ranking/?dispNo=001001003&periodTp=3&ageRange=30-34
2026-07-26,30代前半,30-34,8,15%OFF,mysty woman 【復刻】ラッセルレースアンサンブル半袖,5890,https://www.dot-st.com/mystywoman/disp/item/104216/,https://pdimg.dot-st.com/images/mystywoman/goods/itemImg10/104216/item_104216_main_09_1777539562.jpg,SALE / WEB限定,https://www.dot-st.com/disp/ranking/?dispNo=001001003&periodTp=3&ageRange=30-34
2026-07-26,30代前半,30-34,9,20%OFF,GLOBAL WORK シルキータッチシアーフリルカーディガン/657997,3591,https://www.dot-st.com/globalwork/disp/item/657997/,https://pdimg.dot-st.com/images/globalwork/goods/itemImg65/657997/item_657997_main_80_1779959754.jpg,SALE,https://www.dot-st.com/disp/ranking/?dispNo=001001003&periodTp=3&ageRange=30-34
2026-07-26,30代前半,30-34,10,LEPSIM,《高橋愛さん着用アイテム》《レプクル》ボックスタックノースリーブ,3990,https://www.dot-st.com/lepsim/disp/item/242849/,https://pdimg.dot-st.com/images/lepsim/goods/itemImg24/242849/item_242849_main_05_1775539923.jpg,,https://www.dot-st.com/disp/ranking/?dispNo=001001003&periodTp=3&ageRange=30-34
2026-07-26,30代後半,35-39,1,50%OFF,Classical Elf ラフなのに品よく見える。軽やかぽこぽこフクレジャガードトップス（半袖）ce1260557,1998,https://www.dot-st.com/classicalelf/disp/item/648357/,https://pdimg.dot-st.com/images/classicalelf/goods/itemImg64/648357/item_648357_main_05_1774235459.jpg,,https://www.dot-st.com/disp/ranking/?dispNo=001001003&periodTp=3&ageRange=35-39
2026-07-26,30代後半,35-39,2,25%OFF,LEPSIM 《レプクル》配色プルオーバーSS,3273,https://www.dot-st.com/lepsim/disp/item/1046937/,https://pdimg.dot-st.com/images/lepsim/goods/itemImg104/1046937/item_1046937_main_09_1784614158.jpg,SALE,https://www.dot-st.com/disp/ranking/?dispNo=001001003&periodTp=3&ageRange=35-39
2026-07-26,30代後半,35-39,3,20%OFF,GLOBAL WORK 【FRUITS ZIPPER 鎮西寿々歌さん着用】シルキータッチシアーシャツ5分袖/636672,3591,https://www.dot-st.com/globalwork/disp/item/636672/,https://pdimg.dot-st.com/images/globalwork/goods/itemImg63/636672/item_636672_main_85_1782383032.jpg,NEW / SALE,https://www.dot-st.com/disp/ranking/?dispNo=001001003&periodTp=3&ageRange=35-39
2026-07-26,30代後半,35-39,4,25%OFF,LEPSIM 異素材フリルドッキングT2,3711,https://www.dot-st.com/lepsim/disp/item/667510/,https://pdimg.dot-st.com/images/lepsim/goods/itemImg66/667510/item_667510_main_05_1774510009.jpg,SALE,https://www.dot-st.com/disp/ranking/?dispNo=001001003&periodTp=3&ageRange=35-39
2026-07-26,30代後半,35-39,5,25%OFF,LEPSIM パネルレースレイヤーベスト,4092,https://www.dot-st.com/lepsim/disp/item/670543/,https://pdimg.dot-st.com/images/lepsim/goods/itemImg67/670543/item_670543_main_09_1779440314.jpg,SALE,https://www.dot-st.com/disp/ranking/?dispNo=001001003&periodTp=3&ageRange=35-39
2026-07-26,30代後半,35-39,6,GLOBAL,WORK クロシェレースビスチェ/759908,2990,https://www.dot-st.com/globalwork/disp/item/759908/,https://pdimg.dot-st.com/images/globalwork/goods/itemImg75/759908/item_759908_main_08_1782961513.jpg,NEW,https://www.dot-st.com/disp/ranking/?dispNo=001001003&periodTp=3&ageRange=35-39
2026-07-26,30代後半,35-39,7,30%OFF,GLOBAL WORK エアリーリラックスギャザーブラウス/636648,3142,https://www.dot-st.com/globalwork/disp/item/636648/,https://pdimg.dot-st.com/images/globalwork/goods/itemImg63/636648/item_636648_main_09_1777598732.jpg,SALE,https://www.dot-st.com/disp/ranking/?dispNo=001001003&periodTp=3&ageRange=35-39
2026-07-26,30代後半,35-39,8,44%OFF,niko and ... トリムレースドッキングTシャツ,3080,https://www.dot-st.com/nikoand/disp/item/741561/,https://pdimg.dot-st.com/images/nikoand/goods/itemImg74/741561/item_741561_main_18_1781836938.jpg,SALE,https://www.dot-st.com/disp/ranking/?dispNo=001001003&periodTp=3&ageRange=35-39
2026-07-26,30代後半,35-39,9,BRILL,【新色ブルー・36サイズ】パーフェクトシャツ,36300,https://www.dot-st.com/brill/disp/item/655831/,https://pdimg.dot-st.com/images/brill/goods/itemImg65/655831/item_655831_main_86_1783909510.jpg,予約,https://www.dot-st.com/disp/ranking/?dispNo=001001003&periodTp=3&ageRange=35-39
2026-07-26,30代後半,35-39,10,20%OFF,GLOBAL WORK シルキータッチシアーフリルカーディガン/657997,3591,https://www.dot-st.com/globalwork/disp/item/657997/,https://pdimg.dot-st.com/images/globalwork/goods/itemImg65/657997/item_657997_main_80_1779959754.jpg,SALE,https://www.dot-st.com/disp/ranking/?dispNo=001001003&periodTp=3&ageRange=35-39
2026-07-27,20代後半,25-29,1,HARE,【新世紀エヴァンゲリオン×HARE】ラインアートシャツ,13970,https://www.dot-st.com/hare/disp/item/1023254/,https://pdimg.dot-st.com/images/hare/goods/itemImg102/1023254/item_1023254_main_30_1784631805.jpg,NEW,https://www.dot-st.com/disp/ranking/?dispNo=001001003&periodTp=3&ageRange=25-29
2026-07-27,20代後半,25-29,2,10%OFF,mysty woman レースキャミワンピ半袖シャツセット,11880,https://www.dot-st.com/mystywoman/disp/item/1050297/,https://pdimg.dot-st.com/images/mystywoman/goods/itemImg105/1050297/item_1050297_main_05_1781762231.jpg,,https://www.dot-st.com/disp/ranking/?dispNo=001001003&periodTp=3&ageRange=25-29
2026-07-27,20代後半,25-29,3,LOWRYS,FARM アシメティアードチュニックＳＳ,6050,https://www.dot-st.com/lowrysfarm/disp/item/1049042/,https://pdimg.dot-st.com/images/lowrysfarm/goods/itemImg104/1049042/item_1049042_main_05_1782896599.jpg,NEW,https://www.dot-st.com/disp/ranking/?dispNo=001001003&periodTp=3&ageRange=25-29
2026-07-27,20代後半,25-29,4,5%OFF,LOWRYS FARM ストライプシャーリングＳＳ,5690,https://www.dot-st.com/lowrysfarm/disp/item/675847/,https://pdimg.dot-st.com/images/lowrysfarm/goods/itemImg67/675847/item_675847_main_70_1777275975.jpg,,https://www.dot-st.com/disp/ranking/?dispNo=001001003&periodTp=3&ageRange=25-29
2026-07-27,20代後半,25-29,5,kutir,【クティールとレトロ】チェックドッキングリボンブラウス,5995,https://www.dot-st.com/kutir/disp/item/1049244/,https://pdimg.dot-st.com/images/kutir/goods/itemImg104/1049244/item_1049244_main_35_1784859248.jpg,NEW,https://www.dot-st.com/disp/ranking/?dispNo=001001003&periodTp=3&ageRange=25-29
2026-07-27,20代後半,25-29,6,LOWRYS,FARM ヨウリュウシシュウノースリーブ,6990,https://www.dot-st.com/lowrysfarm/disp/item/867766/,https://pdimg.dot-st.com/images/lowrysfarm/goods/itemImg86/867766/item_867766_main_05_1779790204.jpg,NEW,https://www.dot-st.com/disp/ranking/?dispNo=001001003&periodTp=3&ageRange=25-29
2026-07-27,20代後半,25-29,7,20%OFF,LOWRYS FARM フライスチビＴＥＥ,3168,https://www.dot-st.com/lowrysfarm/disp/item/637055/,https://pdimg.dot-st.com/images/lowrysfarm/goods/itemImg63/637055/item_637055_main_58_1776131816.jpg,,https://www.dot-st.com/disp/ranking/?dispNo=001001003&periodTp=3&ageRange=25-29
2026-07-27,20代後半,25-29,8,LOWRYS,FARM シャーリングブラウスフレンチスリーブ,6600,https://www.dot-st.com/lowrysfarm/disp/item/1046442/,https://pdimg.dot-st.com/images/lowrysfarm/goods/itemImg104/1046442/item_1046442_main_22_1781769015.jpg,NEW,https://www.dot-st.com/disp/ranking/?dispNo=001001003&periodTp=3&ageRange=25-29
2026-07-27,20代後半,25-29,9,HARE,【WEB 新世紀エヴァンゲリオン×HARE】シーンプリントカット,9900,https://www.dot-st.com/hare/disp/item/1023260/,https://pdimg.dot-st.com/images/hare/goods/itemImg102/1023260/item_1023260_main_05_1784631261.jpg,予約,https://www.dot-st.com/disp/ranking/?dispNo=001001003&periodTp=3&ageRange=25-29
2026-07-27,20代後半,25-29,10,15%OFF,mysty woman 【復刻】ラッセルレースアンサンブル半袖,5890,https://www.dot-st.com/mystywoman/disp/item/104216/,https://pdimg.dot-st.com/images/mystywoman/goods/itemImg10/104216/item_104216_main_72_1777539566.jpg,SALE / WEB限定,https://www.dot-st.com/disp/ranking/?dispNo=001001003&periodTp=3&ageRange=25-29
2026-07-27,30代前半,30-34,1,LOWRYS,FARM アシメティアードチュニックＳＳ,6050,https://www.dot-st.com/lowrysfarm/disp/item/1049042/,https://pdimg.dot-st.com/images/lowrysfarm/goods/itemImg104/1049042/item_1049042_main_05_1782896599.jpg,NEW,https://www.dot-st.com/disp/ranking/?dispNo=001001003&periodTp=3&ageRange=30-34
2026-07-27,30代前半,30-34,2,50%OFF,Classical Elf ラフなのに品よく見える。軽やかぽこぽこフクレジャガードトップス（半袖）ce1260557,1998,https://www.dot-st.com/classicalelf/disp/item/648357/,https://pdimg.dot-st.com/images/classicalelf/goods/itemImg64/648357/item_648357_main_05_1774235459.jpg,,https://www.dot-st.com/disp/ranking/?dispNo=001001003&periodTp=3&ageRange=30-34
2026-07-27,30代前半,30-34,3,44%OFF,niko and ... トリムレースドッキングTシャツ,3080,https://www.dot-st.com/nikoand/disp/item/741561/,https://pdimg.dot-st.com/images/nikoand/goods/itemImg74/741561/item_741561_main_18_1781836938.jpg,SALE,https://www.dot-st.com/disp/ranking/?dispNo=001001003&periodTp=3&ageRange=30-34
2026-07-27,30代前半,30-34,4,36%OFF,niko and ... ヴィンテージグラフィックレースＴシャツ,2878,https://www.dot-st.com/nikoand/disp/item/665178/,https://pdimg.dot-st.com/images/nikoand/goods/itemImg66/665178/item_665178_main_58_1775450087.jpg,SALE,https://www.dot-st.com/disp/ranking/?dispNo=001001003&periodTp=3&ageRange=30-34
2026-07-27,30代前半,30-34,5,LOWRYS,FARM ヨウリュウシシュウノースリーブ,6990,https://www.dot-st.com/lowrysfarm/disp/item/867766/,https://pdimg.dot-st.com/images/lowrysfarm/goods/itemImg86/867766/item_867766_main_05_1779790204.jpg,NEW,https://www.dot-st.com/disp/ranking/?dispNo=001001003&periodTp=3&ageRange=30-34
2026-07-27,30代前半,30-34,6,GLOBAL,WORK 【FRUITS ZIPPER 鎮西寿々歌さん着用】リッチクリーンプリントT半袖/636780,3490,https://www.dot-st.com/globalwork/disp/item/636780/,https://pdimg.dot-st.com/images/globalwork/goods/itemImg63/636780/item_636780_main_88_1782438635.jpg,,https://www.dot-st.com/disp/ranking/?dispNo=001001003&periodTp=3&ageRange=30-34
2026-07-27,30代前半,30-34,7,20%OFF,GLOBAL WORK 【FRUITS ZIPPER 鎮西寿々歌さん着用】シルキータッチシアーシャツ5分袖/636672,3591,https://www.dot-st.com/globalwork/disp/item/636672/,https://pdimg.dot-st.com/images/globalwork/goods/itemImg63/636672/item_636672_main_85_1782383032.jpg,NEW / SALE,https://www.dot-st.com/disp/ranking/?dispNo=001001003&periodTp=3&ageRange=30-34
2026-07-27,30代前半,30-34,8,20%OFF,GLOBAL WORK ひんやり涼しい/フローズン切り替えペプラム/647529,2791,https://www.dot-st.com/globalwork/disp/item/647529/,https://pdimg.dot-st.com/images/globalwork/goods/itemImg64/647529/item_647529_main_38_1779931507.jpg,SALE,https://www.dot-st.com/disp/ranking/?dispNo=001001003&periodTp=3&ageRange=30-34
2026-07-27,30代前半,30-34,9,36%OFF,niko and ... COLORマイスターTシャツ,1919,https://www.dot-st.com/nikoand/disp/item/621891/,https://pdimg.dot-st.com/images/nikoand/goods/itemImg62/621891/item_621891_main_40_1782877581.jpg,SALE,https://www.dot-st.com/disp/ranking/?dispNo=001001003&periodTp=3&ageRange=30-34
2026-07-27,30代前半,30-34,10,10%OFF,mysty woman レースキャミワンピ半袖シャツセット,11880,https://www.dot-st.com/mystywoman/disp/item/1050297/,https://pdimg.dot-st.com/images/mystywoman/goods/itemImg105/1050297/item_1050297_main_05_1781762231.jpg,,https://www.dot-st.com/disp/ranking/?dispNo=001001003&periodTp=3&ageRange=30-34
2026-07-27,30代後半,35-39,1,50%OFF,Classical Elf ラフなのに品よく見える。軽やかぽこぽこフクレジャガードトップス（半袖）ce1260557,1998,https://www.dot-st.com/classicalelf/disp/item/648357/,https://pdimg.dot-st.com/images/classicalelf/goods/itemImg64/648357/item_648357_main_05_1774235459.jpg,,https://www.dot-st.com/disp/ranking/?dispNo=001001003&periodTp=3&ageRange=35-39
2026-07-27,30代後半,35-39,2,20%OFF,GLOBAL WORK 【FRUITS ZIPPER 鎮西寿々歌さん着用】シルキータッチシアーシャツ5分袖/636672,3591,https://www.dot-st.com/globalwork/disp/item/636672/,https://pdimg.dot-st.com/images/globalwork/goods/itemImg63/636672/item_636672_main_85_1782383032.jpg,NEW / SALE,https://www.dot-st.com/disp/ranking/?dispNo=001001003&periodTp=3&ageRange=35-39
2026-07-27,30代後半,35-39,3,36%OFF,niko and ... ヴィンテージグラフィックレースＴシャツ,2878,https://www.dot-st.com/nikoand/disp/item/665178/,https://pdimg.dot-st.com/images/nikoand/goods/itemImg66/665178/item_665178_main_58_1775450087.jpg,SALE,https://www.dot-st.com/disp/ranking/?dispNo=001001003&periodTp=3&ageRange=35-39
2026-07-27,30代後半,35-39,4,25%OFF,LEPSIM 《レプクル》異素材フリルBIGT,3273,https://www.dot-st.com/lepsim/disp/item/242843/,https://pdimg.dot-st.com/images/lepsim/goods/itemImg24/242843/item_242843_main_85_1777625015.jpg,SALE,https://www.dot-st.com/disp/ranking/?dispNo=001001003&periodTp=3&ageRange=35-39
2026-07-27,30代後半,35-39,5,20%OFF,GLOBAL WORK ひんやり涼しい/フローズン切り替えペプラム/647529,2791,https://www.dot-st.com/globalwork/disp/item/647529/,https://pdimg.dot-st.com/images/globalwork/goods/itemImg64/647529/item_647529_main_38_1779931507.jpg,SALE,https://www.dot-st.com/disp/ranking/?dispNo=001001003&periodTp=3&ageRange=35-39
2026-07-27,30代後半,35-39,6,50%OFF,Classical Elf 【接触冷感機能付き】風をまとって、軽やかに。ダブルポケット付きフードシアーシャツce1265045,2998,https://www.dot-st.com/classicalelf/disp/item/611378/,https://pdimg.dot-st.com/images/classicalelf/goods/itemImg61/611378/item_611378_main_02_1775526820.jpg,,https://www.dot-st.com/disp/ranking/?dispNo=001001003&periodTp=3&ageRange=35-39
2026-07-27,30代後半,35-39,7,GLOBAL,WORK 【FRUITS ZIPPER 鎮西寿々歌さん着用】リッチクリーンプリントT半袖/636780,3490,https://www.dot-st.com/globalwork/disp/item/636780/,https://pdimg.dot-st.com/images/globalwork/goods/itemImg63/636780/item_636780_main_88_1782438635.jpg,,https://www.dot-st.com/disp/ranking/?dispNo=001001003&periodTp=3&ageRange=35-39
2026-07-27,30代後半,35-39,8,GLOBAL,WORK GOODデニムシャツ半袖/655908,4990,https://www.dot-st.com/globalwork/disp/item/655908/,https://pdimg.dot-st.com/images/globalwork/goods/itemImg65/655908/item_655908_main_86_1777600034.jpg,,https://www.dot-st.com/disp/ranking/?dispNo=001001003&periodTp=3&ageRange=35-39
2026-07-27,30代後半,35-39,9,36%OFF,niko and ... COLORマイスターTシャツ,1919,https://www.dot-st.com/nikoand/disp/item/621891/,https://pdimg.dot-st.com/images/nikoand/goods/itemImg62/621891/item_621891_main_40_1782877581.jpg,SALE,https://www.dot-st.com/disp/ranking/?dispNo=001001003&periodTp=3&ageRange=35-39
2026-07-27,30代後半,35-39,10,GLOBAL,WORK 【FRUITS ZIPPER 鎮西寿々歌さん着用】サラサラDRYスクエアタンク/636753,1980,https://www.dot-st.com/globalwork/disp/item/636753/,https://pdimg.dot-st.com/images/globalwork/goods/itemImg63/636753/item_636753_main_05_1782436061.jpg,,https://www.dot-st.com/disp/ranking/?dispNo=001001003&periodTp=3&ageRange=35-39
2026-07-28,20代後半,25-29,1,kutir,【一部追加】【新色追加】半袖アソート袖リボンシアーメロートップス,2995,https://www.dot-st.com/kutir/disp/item/686731/,https://pdimg.dot-st.com/images/kutir/goods/itemImg68/686731/item_686731_main_51_1781774904.jpg,予約,https://www.dot-st.com/disp/ranking/?dispNo=001001003&periodTp=3&ageRange=25-29
2026-07-28,20代後半,25-29,2,LOWRYS,FARM アシメティアードチュニックＳＳ,6050,https://www.dot-st.com/lowrysfarm/disp/item/1049042/,https://pdimg.dot-st.com/images/lowrysfarm/goods/itemImg104/1049042/item_1049042_main_05_1782896599.jpg,NEW,https://www.dot-st.com/disp/ranking/?dispNo=001001003&periodTp=3&ageRange=25-29
2026-07-28,20代後半,25-29,3,LOWRYS,FARM シャーリングブラウスフレンチスリーブ,6600,https://www.dot-st.com/lowrysfarm/disp/item/1046442/,https://pdimg.dot-st.com/images/lowrysfarm/goods/itemImg104/1046442/item_1046442_main_05_1784024394.jpg,NEW,https://www.dot-st.com/disp/ranking/?dispNo=001001003&periodTp=3&ageRange=25-29
2026-07-28,20代後半,25-29,4,mysty,woman レースキャミワンピ半袖シャツセット,13200,https://www.dot-st.com/mystywoman/disp/item/1050297/,https://pdimg.dot-st.com/images/mystywoman/goods/itemImg105/1050297/item_1050297_main_05_1781762231.jpg,,https://www.dot-st.com/disp/ranking/?dispNo=001001003&periodTp=3&ageRange=25-29
2026-07-28,20代後半,25-29,5,LOWRYS,FARM ヨウリュウシシュウノースリーブ,6990,https://www.dot-st.com/lowrysfarm/disp/item/867766/,https://pdimg.dot-st.com/images/lowrysfarm/goods/itemImg86/867766/item_867766_main_05_1779790204.jpg,NEW,https://www.dot-st.com/disp/ranking/?dispNo=001001003&periodTp=3&ageRange=25-29
2026-07-28,20代後半,25-29,6,Heather,ボリュームチュールキャミ,7700,https://www.dot-st.com/heather/disp/item/659558/,https://pdimg.dot-st.com/images/heather/goods/itemImg65/659558/item_659558_main_08_1772534057.jpg,,https://www.dot-st.com/disp/ranking/?dispNo=001001003&periodTp=3&ageRange=25-29
2026-07-28,20代後半,25-29,7,20%OFF,LOWRYS FARM シャーリングチュニックフレンチスリーブ,4840,https://www.dot-st.com/lowrysfarm/disp/item/581468/,https://pdimg.dot-st.com/images/lowrysfarm/goods/itemImg58/581468/item_581468_main_08_1776892278.jpg,SALE,https://www.dot-st.com/disp/ranking/?dispNo=001001003&periodTp=3&ageRange=25-29
2026-07-28,20代後半,25-29,8,JEANASIS,【】シアーワッフルドロストプルオバーLS,6600,https://www.dot-st.com/jeanasis/disp/item/1067550/,https://pdimg.dot-st.com/images/jeanasis/goods/itemImg106/1067550/item_1067550_main_06_1784196956.jpg,予約,https://www.dot-st.com/disp/ranking/?dispNo=001001003&periodTp=3&ageRange=25-29
2026-07-28,20代後半,25-29,9,HARE,【WEB 新世紀エヴァンゲリオン×HARE】シーンプリントカット,9900,https://www.dot-st.com/hare/disp/item/1023260/,https://pdimg.dot-st.com/images/hare/goods/itemImg102/1023260/item_1023260_main_05_1784631261.jpg,予約,https://www.dot-st.com/disp/ranking/?dispNo=001001003&periodTp=3&ageRange=25-29
2026-07-28,20代後半,25-29,10,PAGEBOY,【】スカシリーフニットボレロ,6990,https://www.dot-st.com/pageboy/disp/item/414159/,https://pdimg.dot-st.com/images/pageboy/goods/itemImg41/414159/item_414159_main_09_1780305257.jpg,再入荷,https://www.dot-st.com/disp/ranking/?dispNo=001001003&periodTp=3&ageRange=25-29
2026-07-28,30代前半,30-34,1,LOWRYS,FARM アシメティアードチュニックＳＳ,6050,https://www.dot-st.com/lowrysfarm/disp/item/1049042/,https://pdimg.dot-st.com/images/lowrysfarm/goods/itemImg104/1049042/item_1049042_main_05_1782896599.jpg,NEW,https://www.dot-st.com/disp/ranking/?dispNo=001001003&periodTp=3&ageRange=30-34
2026-07-28,30代前半,30-34,2,LOWRYS,FARM シャーリングブラウスフレンチスリーブ,6600,https://www.dot-st.com/lowrysfarm/disp/item/1046442/,https://pdimg.dot-st.com/images/lowrysfarm/goods/itemImg104/1046442/item_1046442_main_05_1784024394.jpg,NEW,https://www.dot-st.com/disp/ranking/?dispNo=001001003&periodTp=3&ageRange=30-34
2026-07-28,30代前半,30-34,3,JEANASIS,【】シアーワッフルドロストプルオバーLS,6600,https://www.dot-st.com/jeanasis/disp/item/1067550/,https://pdimg.dot-st.com/images/jeanasis/goods/itemImg106/1067550/item_1067550_main_06_1784196956.jpg,予約,https://www.dot-st.com/disp/ranking/?dispNo=001001003&periodTp=3&ageRange=30-34
2026-07-28,30代前半,30-34,4,Classical,Elf ラフなのに品よく見える。軽やかぽこぽこフクレジャガードトップス（半袖）ce1260557,3998,https://www.dot-st.com/classicalelf/disp/item/648357/,https://pdimg.dot-st.com/images/classicalelf/goods/itemImg64/648357/item_648357_main_05_1774235459.jpg,,https://www.dot-st.com/disp/ranking/?dispNo=001001003&periodTp=3&ageRange=30-34
2026-07-28,30代前半,30-34,5,20%OFF,LOWRYS FARM シャーリングチュニックフレンチスリーブ,4840,https://www.dot-st.com/lowrysfarm/disp/item/581468/,https://pdimg.dot-st.com/images/lowrysfarm/goods/itemImg58/581468/item_581468_main_08_1776892278.jpg,SALE,https://www.dot-st.com/disp/ranking/?dispNo=001001003&periodTp=3&ageRange=30-34
2026-07-28,30代前半,30-34,6,20%OFF,LEPSIM 《レプクル》異素材フリルBIGT,3520,https://www.dot-st.com/lepsim/disp/item/242843/,https://pdimg.dot-st.com/images/lepsim/goods/itemImg24/242843/item_242843_main_85_1777625015.jpg,SALE,https://www.dot-st.com/disp/ranking/?dispNo=001001003&periodTp=3&ageRange=30-34
2026-07-28,30代前半,30-34,7,20%OFF,niko and ... COLORマイスターTシャツ,2400,https://www.dot-st.com/nikoand/disp/item/621891/,https://pdimg.dot-st.com/images/nikoand/goods/itemImg62/621891/item_621891_main_40_1782877581.jpg,SALE,https://www.dot-st.com/disp/ranking/?dispNo=001001003&periodTp=3&ageRange=30-34
2026-07-28,30代前半,30-34,8,20%OFF,GLOBAL WORK 【FRUITS ZIPPER 鎮西寿々歌さん着用】シルキータッチシアーシャツ5分袖/636672,3591,https://www.dot-st.com/globalwork/disp/item/636672/,https://pdimg.dot-st.com/images/globalwork/goods/itemImg63/636672/item_636672_main_85_1785147763.jpg,NEW / SALE,https://www.dot-st.com/disp/ranking/?dispNo=001001003&periodTp=3&ageRange=30-34
2026-07-28,30代前半,30-34,9,50%OFF,LEPSIM レースレイヤードキャミチュニック,2494,https://www.dot-st.com/lepsim/disp/item/647490/,https://pdimg.dot-st.com/images/lepsim/goods/itemImg64/647490/item_647490_main_09_1773059211.jpg,SALE,https://www.dot-st.com/disp/ranking/?dispNo=001001003&periodTp=3&ageRange=30-34
2026-07-28,30代前半,30-34,10,HARE,【新世紀エヴァンゲリオン×HARE】A.T.フィールドニットシャツ,14960,https://www.dot-st.com/hare/disp/item/1023248/,https://pdimg.dot-st.com/images/hare/goods/itemImg102/1023248/item_1023248_main_90_1784632171.jpg,NEW,https://www.dot-st.com/disp/ranking/?dispNo=001001003&periodTp=3&ageRange=30-34
2026-07-28,30代後半,35-39,1,LOWRYS,FARM アシメティアードチュニックＳＳ,6050,https://www.dot-st.com/lowrysfarm/disp/item/1049042/,https://pdimg.dot-st.com/images/lowrysfarm/goods/itemImg104/1049042/item_1049042_main_05_1782896599.jpg,NEW,https://www.dot-st.com/disp/ranking/?dispNo=001001003&periodTp=3&ageRange=35-39
2026-07-28,30代後半,35-39,2,Classical,Elf ラフなのに品よく見える。軽やかぽこぽこフクレジャガードトップス（半袖）ce1260557,3998,https://www.dot-st.com/classicalelf/disp/item/648357/,https://pdimg.dot-st.com/images/classicalelf/goods/itemImg64/648357/item_648357_main_05_1774235459.jpg,,https://www.dot-st.com/disp/ranking/?dispNo=001001003&periodTp=3&ageRange=35-39
2026-07-28,30代後半,35-39,3,20%OFF,GLOBAL WORK 【FRUITS ZIPPER 鎮西寿々歌さん着用】シルキータッチシアーシャツ5分袖/636672,3591,https://www.dot-st.com/globalwork/disp/item/636672/,https://pdimg.dot-st.com/images/globalwork/goods/itemImg63/636672/item_636672_main_85_1785147763.jpg,NEW / SALE,https://www.dot-st.com/disp/ranking/?dispNo=001001003&periodTp=3&ageRange=35-39
2026-07-28,30代後半,35-39,4,GLOBAL,WORK GOODデニムシャツ半袖/655908,4990,https://www.dot-st.com/globalwork/disp/item/655908/,https://pdimg.dot-st.com/images/globalwork/goods/itemImg65/655908/item_655908_main_86_1777600034.jpg,,https://www.dot-st.com/disp/ranking/?dispNo=001001003&periodTp=3&ageRange=35-39
2026-07-28,30代後半,35-39,5,20%OFF,LEPSIM 《レプクル》異素材フリルBIGT,3520,https://www.dot-st.com/lepsim/disp/item/242843/,https://pdimg.dot-st.com/images/lepsim/goods/itemImg24/242843/item_242843_main_85_1777625015.jpg,SALE,https://www.dot-st.com/disp/ranking/?dispNo=001001003&periodTp=3&ageRange=35-39
2026-07-28,30代後半,35-39,6,Classical,Elf 《JaVaジャバコラボ》大人カジュアルなゆったり半袖T。バック刺繍ビッグTEE jv1260550,4998,https://www.dot-st.com/classicalelf/disp/item/645496/,https://pdimg.dot-st.com/images/classicalelf/goods/itemImg64/645496/item_645496_main_02_1776838740.jpg,,https://www.dot-st.com/disp/ranking/?dispNo=001001003&periodTp=3&ageRange=35-39
2026-07-28,30代後半,35-39,7,Classical,Elf 重ねてる風、が今っぽい。ビスチェ風チュールフリルドッキングTシャツce1010572,4998,https://www.dot-st.com/classicalelf/disp/item/644054/,https://pdimg.dot-st.com/images/classicalelf/goods/itemImg64/644054/item_644054_main_01_1774576827.jpg,,https://www.dot-st.com/disp/ranking/?dispNo=001001003&periodTp=3&ageRange=35-39
2026-07-28,30代後半,35-39,8,30%OFF,niko and ... トリムレースドッキングTシャツ,3850,https://www.dot-st.com/nikoand/disp/item/741561/,https://pdimg.dot-st.com/images/nikoand/goods/itemImg74/741561/item_741561_main_18_1781836938.jpg,SALE,https://www.dot-st.com/disp/ranking/?dispNo=001001003&periodTp=3&ageRange=35-39
2026-07-28,30代後半,35-39,9,30%OFF,LEPSIM パネルレースレイヤーベスト,3850,https://www.dot-st.com/lepsim/disp/item/670543/,https://pdimg.dot-st.com/images/lepsim/goods/itemImg67/670543/item_670543_main_09_1779440314.jpg,SALE,https://www.dot-st.com/disp/ranking/?dispNo=001001003&periodTp=3&ageRange=35-39
2026-07-28,30代後半,35-39,10,20%OFF,GLOBAL WORK ひんやり涼しい/フローズン切り替えペプラム/647529,2791,https://www.dot-st.com/globalwork/disp/item/647529/,https://pdimg.dot-st.com/images/globalwork/goods/itemImg64/647529/item_647529_main_38_1779931507.jpg,SALE,https://www.dot-st.com/disp/ranking/?dispNo=001001003&periodTp=3&ageRange=35-39
2026-07-29,20代後半,25-29,1,LOWRYS,FARM シャーリングブラウスフレンチスリーブ,6600,https://www.dot-st.com/lowrysfarm/disp/item/1046442/,https://pdimg.dot-st.com/images/lowrysfarm/goods/itemImg104/1046442/item_1046442_main_22_1781769015.jpg,NEW,https://www.dot-st.com/disp/ranking/?dispNo=001001003&periodTp=3&ageRange=25-29
2026-07-29,20代後半,25-29,2,LOWRYS,FARM アシメティアードチュニックＳＳ,6050,https://www.dot-st.com/lowrysfarm/disp/item/1049042/,https://pdimg.dot-st.com/images/lowrysfarm/goods/itemImg104/1049042/item_1049042_main_05_1782896599.jpg,NEW,https://www.dot-st.com/disp/ranking/?dispNo=001001003&periodTp=3&ageRange=25-29
2026-07-29,20代後半,25-29,3,HARE,パーツツキコンパクトネクタイシャツ,11000,https://www.dot-st.com/hare/disp/item/1042101/,https://pdimg.dot-st.com/images/hare/goods/itemImg104/1042101/item_1042101_main_08_1780384655.jpg,NEW,https://www.dot-st.com/disp/ranking/?dispNo=001001003&periodTp=3&ageRange=25-29
2026-07-29,20代後半,25-29,4,LOWRYS,FARM ２ＷＡＹバルンノースリーブ,6050,https://www.dot-st.com/lowrysfarm/disp/item/1049041/,https://pdimg.dot-st.com/images/lowrysfarm/goods/itemImg104/1049041/item_1049041_main_72_1784023791.jpg,NEW,https://www.dot-st.com/disp/ranking/?dispNo=001001003&periodTp=3&ageRange=25-29
2026-07-29,20代後半,25-29,5,mysty,woman 【追加】レースキャミワンピ半袖シャツセット,13200,https://www.dot-st.com/mystywoman/disp/item/1050297/,https://pdimg.dot-st.com/images/mystywoman/goods/itemImg105/1050297/item_1050297_main_05_1781762231.jpg,予約,https://www.dot-st.com/disp/ranking/?dispNo=001001003&periodTp=3&ageRange=25-29
2026-07-29,20代後半,25-29,6,10%OFF,Heather ボリュームチュールキャミ,6930,https://www.dot-st.com/heather/disp/item/659558/,https://pdimg.dot-st.com/images/heather/goods/itemImg65/659558/item_659558_main_08_1772534057.jpg,,https://www.dot-st.com/disp/ranking/?dispNo=001001003&periodTp=3&ageRange=25-29
2026-07-29,20代後半,25-29,7,JEANASIS,シアージャガードシャーリングシャツSS,7190,https://www.dot-st.com/jeanasis/disp/item/859249/,https://pdimg.dot-st.com/images/jeanasis/goods/itemImg85/859249/item_859249_main_82_1778238768.jpg,,https://www.dot-st.com/disp/ranking/?dispNo=001001003&periodTp=3&ageRange=25-29
2026-07-29,20代後半,25-29,8,HARE,【WEB 新世紀エヴァンゲリオン×HARE】シーンプリントカット,9900,https://www.dot-st.com/hare/disp/item/1023260/,https://pdimg.dot-st.com/images/hare/goods/itemImg102/1023260/item_1023260_main_05_1784631261.jpg,予約,https://www.dot-st.com/disp/ranking/?dispNo=001001003&periodTp=3&ageRange=25-29
2026-07-29,20代後半,25-29,9,HARE,フリルシアーシャツ,9900,https://www.dot-st.com/hare/disp/item/1052808/,https://pdimg.dot-st.com/images/hare/goods/itemImg105/1052808/item_1052808_main_38_1784770183.jpg,NEW,https://www.dot-st.com/disp/ranking/?dispNo=001001003&periodTp=3&ageRange=25-29
2026-07-29,20代後半,25-29,10,20%OFF,LOWRYS FARM シャーリングチュニックフレンチスリーブ,4791,https://www.dot-st.com/lowrysfarm/disp/item/581468/,https://pdimg.dot-st.com/images/lowrysfarm/goods/itemImg58/581468/item_581468_main_08_1776892278.jpg,SALE,https://www.dot-st.com/disp/ranking/?dispNo=001001003&periodTp=3&ageRange=25-29
2026-07-29,30代前半,30-34,1,LOWRYS,FARM アシメティアードチュニックＳＳ,6050,https://www.dot-st.com/lowrysfarm/disp/item/1049042/,https://pdimg.dot-st.com/images/lowrysfarm/goods/itemImg104/1049042/item_1049042_main_05_1782896599.jpg,NEW,https://www.dot-st.com/disp/ranking/?dispNo=001001003&periodTp=3&ageRange=30-34
2026-07-29,30代前半,30-34,2,20%OFF,LOWRYS FARM シャーリングチュニックフレンチスリーブ,4791,https://www.dot-st.com/lowrysfarm/disp/item/581468/,https://pdimg.dot-st.com/images/lowrysfarm/goods/itemImg58/581468/item_581468_main_08_1776892278.jpg,SALE,https://www.dot-st.com/disp/ranking/?dispNo=001001003&periodTp=3&ageRange=30-34
2026-07-29,30代前半,30-34,3,HARE,【長袖から5分袖まで変化できる】スパンコールレースパーカー,16940,https://www.dot-st.com/hare/disp/item/670665/,https://pdimg.dot-st.com/images/hare/goods/itemImg67/670665/item_670665_main_05_1775098521.jpg,,https://www.dot-st.com/disp/ranking/?dispNo=001001003&periodTp=3&ageRange=30-34
2026-07-29,30代前半,30-34,4,LOWRYS,FARM シャーリングブラウスフレンチスリーブ,6600,https://www.dot-st.com/lowrysfarm/disp/item/1046442/,https://pdimg.dot-st.com/images/lowrysfarm/goods/itemImg104/1046442/item_1046442_main_22_1781769015.jpg,NEW,https://www.dot-st.com/disp/ranking/?dispNo=001001003&periodTp=3&ageRange=30-34
2026-07-29,30代前半,30-34,5,mysty,woman 【追加】レースキャミワンピ半袖シャツセット,13200,https://www.dot-st.com/mystywoman/disp/item/1050297/,https://pdimg.dot-st.com/images/mystywoman/goods/itemImg105/1050297/item_1050297_main_05_1781762231.jpg,予約,https://www.dot-st.com/disp/ranking/?dispNo=001001003&periodTp=3&ageRange=30-34
2026-07-29,30代前半,30-34,6,JEANASIS,【eL】12G Botanical Jacquard Cardigan【】,12100,https://www.dot-st.com/jeanasis/disp/item/1057206/,https://pdimg.dot-st.com/images/jeanasis/goods/itemImg105/1057206/item_1057206_main_88_1783941349.jpg,予約,https://www.dot-st.com/disp/ranking/?dispNo=001001003&periodTp=3&ageRange=30-34
2026-07-29,30代前半,30-34,7,GLOBAL,WORK アシメヘムキャミチュニック/1017796,5490,https://www.dot-st.com/globalwork/disp/item/1017796/,https://pdimg.dot-st.com/images/globalwork/goods/itemImg101/1017796/item_1017796_main_09_1781589429.jpg,,https://www.dot-st.com/disp/ranking/?dispNo=001001003&periodTp=3&ageRange=30-34
2026-07-29,30代前半,30-34,8,25%OFF,LEPSIM 《レプクル》異素材フリルBIGT,3273,https://www.dot-st.com/lepsim/disp/item/242843/,https://pdimg.dot-st.com/images/lepsim/goods/itemImg24/242843/item_242843_main_85_1777625015.jpg,SALE,https://www.dot-st.com/disp/ranking/?dispNo=001001003&periodTp=3&ageRange=30-34
2026-07-29,30代前半,30-34,9,LOWRYS,FARM ヨウリュウシシュウノースリーブ,6990,https://www.dot-st.com/lowrysfarm/disp/item/867766/,https://pdimg.dot-st.com/images/lowrysfarm/goods/itemImg86/867766/item_867766_main_05_1779790204.jpg,NEW,https://www.dot-st.com/disp/ranking/?dispNo=001001003&periodTp=3&ageRange=30-34
2026-07-29,30代前半,30-34,10,JEANASIS,【】シアーワッフルドロストプルオバーLS,6600,https://www.dot-st.com/jeanasis/disp/item/1067550/,https://pdimg.dot-st.com/images/jeanasis/goods/itemImg106/1067550/item_1067550_main_06_1784196956.jpg,予約,https://www.dot-st.com/disp/ranking/?dispNo=001001003&periodTp=3&ageRange=30-34
2026-07-29,30代後半,35-39,1,LOWRYS,FARM アシメティアードチュニックＳＳ,6050,https://www.dot-st.com/lowrysfarm/disp/item/1049042/,https://pdimg.dot-st.com/images/lowrysfarm/goods/itemImg104/1049042/item_1049042_main_05_1782896599.jpg,NEW,https://www.dot-st.com/disp/ranking/?dispNo=001001003&periodTp=3&ageRange=35-39
2026-07-29,30代後半,35-39,2,GLOBAL,WORK GOODデニムシャツ半袖/655908,4990,https://www.dot-st.com/globalwork/disp/item/655908/,https://pdimg.dot-st.com/images/globalwork/goods/itemImg65/655908/item_655908_main_86_1777600034.jpg,,https://www.dot-st.com/disp/ranking/?dispNo=001001003&periodTp=3&ageRange=35-39
2026-07-29,30代後半,35-39,3,30%OFF,GLOBAL WORK ひんやり涼しい/フローズン袖フレアプルオーバー半袖/680557,2792,https://www.dot-st.com/globalwork/disp/item/680557/,https://pdimg.dot-st.com/images/globalwork/goods/itemImg68/680557/item_680557_main_08_1779950817.jpg,SALE,https://www.dot-st.com/disp/ranking/?dispNo=001001003&periodTp=3&ageRange=35-39
2026-07-29,30代後半,35-39,4,LOWRYS,FARM シャーリングブラウスフレンチスリーブ,6600,https://www.dot-st.com/lowrysfarm/disp/item/1046442/,https://pdimg.dot-st.com/images/lowrysfarm/goods/itemImg104/1046442/item_1046442_main_22_1781769015.jpg,NEW,https://www.dot-st.com/disp/ranking/?dispNo=001001003&periodTp=3&ageRange=35-39
2026-07-29,30代後半,35-39,5,20%OFF,GLOBAL WORK 【FRUITS ZIPPER 鎮西寿々歌さん着用】シルキータッチシアーシャツ5分袖/636672,3591,https://www.dot-st.com/globalwork/disp/item/636672/,https://pdimg.dot-st.com/images/globalwork/goods/itemImg63/636672/item_636672_main_85_1785147763.jpg,NEW / SALE,https://www.dot-st.com/disp/ranking/?dispNo=001001003&periodTp=3&ageRange=35-39
2026-07-29,30代後半,35-39,6,25%OFF,LEPSIM 《レプクル》異素材フリルBIGT,3273,https://www.dot-st.com/lepsim/disp/item/242843/,https://pdimg.dot-st.com/images/lepsim/goods/itemImg24/242843/item_242843_main_85_1777625015.jpg,SALE,https://www.dot-st.com/disp/ranking/?dispNo=001001003&periodTp=3&ageRange=35-39
2026-07-29,30代後半,35-39,7,20%OFF,LOWRYS FARM シャーリングチュニックフレンチスリーブ,4791,https://www.dot-st.com/lowrysfarm/disp/item/581468/,https://pdimg.dot-st.com/images/lowrysfarm/goods/itemImg58/581468/item_581468_main_08_1776892278.jpg,SALE,https://www.dot-st.com/disp/ranking/?dispNo=001001003&periodTp=3&ageRange=35-39
2026-07-29,30代後半,35-39,8,Curensology,レイヤードレースニットプルオーバー,29700,https://www.dot-st.com/curensology/disp/item/660074/,https://pdimg.dot-st.com/images/curensology/goods/itemImg66/660074/item_660074_main_57_1782277225.jpg,,https://www.dot-st.com/disp/ranking/?dispNo=001001003&periodTp=3&ageRange=35-39
2026-07-29,30代後半,35-39,9,GLOBAL,WORK さらさらリラックスキャミ＊パンツSET/636257,6990,https://www.dot-st.com/globalwork/disp/item/636257/,https://pdimg.dot-st.com/images/globalwork/goods/itemImg63/636257/item_636257_main_10_1779846534.jpg,NEW,https://www.dot-st.com/disp/ranking/?dispNo=001001003&periodTp=3&ageRange=35-39
2026-07-29,30代後半,35-39,10,GLOBAL,WORK UVプロテクトフードシャツ/646416,3990,https://www.dot-st.com/globalwork/disp/item/646416/,https://pdimg.dot-st.com/images/globalwork/goods/itemImg64/646416/item_646416_main_05_1772535514.jpg,,https://www.dot-st.com/disp/ranking/?dispNo=001001003&periodTp=3&ageRange=35-39
2026-07-30,20代後半,25-29,1,LOWRYS,FARM アシメティアードチュニックＳＳ,6050,https://www.dot-st.com/lowrysfarm/disp/item/1049042/,https://pdimg.dot-st.com/images/lowrysfarm/goods/itemImg104/1049042/item_1049042_main_05_1782896599.jpg,NEW,https://www.dot-st.com/disp/ranking/?dispNo=001001003&periodTp=3&ageRange=25-29
2026-07-30,20代後半,25-29,2,LOWRYS,FARM シャーリングブラウスフレンチスリーブ,6600,https://www.dot-st.com/lowrysfarm/disp/item/1046442/,https://pdimg.dot-st.com/images/lowrysfarm/goods/itemImg104/1046442/item_1046442_main_22_1781769015.jpg,NEW,https://www.dot-st.com/disp/ranking/?dispNo=001001003&periodTp=3&ageRange=25-29
2026-07-30,20代後半,25-29,3,mysty,woman 【追加】レースキャミワンピ半袖シャツセット,13200,https://www.dot-st.com/mystywoman/disp/item/1050297/,https://pdimg.dot-st.com/images/mystywoman/goods/itemImg105/1050297/item_1050297_main_05_1781762231.jpg,予約,https://www.dot-st.com/disp/ranking/?dispNo=001001003&periodTp=3&ageRange=25-29
2026-07-30,20代後半,25-29,4,10%OFF,HARE ストリングリブタンクトップ,2970,https://www.dot-st.com/hare/disp/item/636796/,https://pdimg.dot-st.com/images/hare/goods/itemImg63/636796/item_636796_main_09_1772767891.jpg,,https://www.dot-st.com/disp/ranking/?dispNo=001001003&periodTp=3&ageRange=25-29
2026-07-30,20代後半,25-29,5,LOWRYS,FARM ２ＷＡＹバルンノースリーブ,6050,https://www.dot-st.com/lowrysfarm/disp/item/1049041/,https://pdimg.dot-st.com/images/lowrysfarm/goods/itemImg104/1049041/item_1049041_main_72_1784023791.jpg,NEW,https://www.dot-st.com/disp/ranking/?dispNo=001001003&periodTp=3&ageRange=25-29
2026-07-30,20代後半,25-29,6,50%OFF,Classical Elf ラフなのに品よく見える。軽やかぽこぽこフクレジャガードトップス（半袖）ce1260557,1998,https://www.dot-st.com/classicalelf/disp/item/648357/,https://pdimg.dot-st.com/images/classicalelf/goods/itemImg64/648357/item_648357_main_05_1774235459.jpg,,https://www.dot-st.com/disp/ranking/?dispNo=001001003&periodTp=3&ageRange=25-29
2026-07-30,20代後半,25-29,7,HARE,【WEB 新世紀エヴァンゲリオン×HARE】シーンプリントカット,9900,https://www.dot-st.com/hare/disp/item/1023260/,https://pdimg.dot-st.com/images/hare/goods/itemImg102/1023260/item_1023260_main_05_1784631261.jpg,予約,https://www.dot-st.com/disp/ranking/?dispNo=001001003&periodTp=3&ageRange=25-29
2026-07-30,20代後半,25-29,8,HARE,フラワーフロッキーカット,6930,https://www.dot-st.com/hare/disp/item/1043945/,https://pdimg.dot-st.com/images/hare/goods/itemImg104/1043945/item_1043945_main_88_1783918592.jpg,NEW,https://www.dot-st.com/disp/ranking/?dispNo=001001003&periodTp=3&ageRange=25-29
2026-07-30,20代後半,25-29,9,LOWRYS,FARM スタイルＵＰクロスカップキャミ,3190,https://www.dot-st.com/lowrysfarm/disp/item/100757/,https://pdimg.dot-st.com/images/lowrysfarm/goods/itemImg10/100757/item_100757_main_08_1774436459.jpg,,https://www.dot-st.com/disp/ranking/?dispNo=001001003&periodTp=3&ageRange=25-29
2026-07-30,20代後半,25-29,10,GLOBAL,WORK 【FRUITS ZIPPER 鎮西寿々歌さん着用】リッチクリーンプリントT半袖/636780,3490,https://www.dot-st.com/globalwork/disp/item/636780/,https://pdimg.dot-st.com/images/globalwork/goods/itemImg63/636780/item_636780_main_88_1785145985.jpg,,https://www.dot-st.com/disp/ranking/?dispNo=001001003&periodTp=3&ageRange=25-29
2026-07-30,30代前半,30-34,1,LOWRYS,FARM シャーリングブラウスフレンチスリーブ,6600,https://www.dot-st.com/lowrysfarm/disp/item/1046442/,https://pdimg.dot-st.com/images/lowrysfarm/goods/itemImg104/1046442/item_1046442_main_22_1781769015.jpg,NEW,https://www.dot-st.com/disp/ranking/?dispNo=001001003&periodTp=3&ageRange=30-34
2026-07-30,30代前半,30-34,2,LOWRYS,FARM アシメティアードチュニックＳＳ,6050,https://www.dot-st.com/lowrysfarm/disp/item/1049042/,https://pdimg.dot-st.com/images/lowrysfarm/goods/itemImg104/1049042/item_1049042_main_05_1782896599.jpg,NEW,https://www.dot-st.com/disp/ranking/?dispNo=001001003&periodTp=3&ageRange=30-34
2026-07-30,30代前半,30-34,3,20%OFF,A part by 【理想のシンプルT】サンドウォッシュフライスTシャツ,6600,https://www.dot-st.com/apartbylowrys/disp/item/666131/,https://pdimg.dot-st.com/images/apartbylowrys/goods/itemImg66/666131/item_666131_main_83_1771550287.jpg,,https://www.dot-st.com/disp/ranking/?dispNo=001001003&periodTp=3&ageRange=30-34
2026-07-30,30代前半,30-34,4,20%OFF,LOWRYS FARM シャーリングチュニックフレンチスリーブ,4791,https://www.dot-st.com/lowrysfarm/disp/item/581468/,https://pdimg.dot-st.com/images/lowrysfarm/goods/itemImg58/581468/item_581468_main_08_1776892278.jpg,SALE,https://www.dot-st.com/disp/ranking/?dispNo=001001003&periodTp=3&ageRange=30-34
2026-07-30,30代前半,30-34,5,51%OFF,niko and ... トリムレースドッキングTシャツ,2695,https://www.dot-st.com/nikoand/disp/item/741561/,https://pdimg.dot-st.com/images/nikoand/goods/itemImg74/741561/item_741561_main_18_1781836938.jpg,SALE,https://www.dot-st.com/disp/ranking/?dispNo=001001003&periodTp=3&ageRange=30-34
2026-07-30,30代前半,30-34,6,Curensology,【】フロッキードットブラウス,34100,https://www.dot-st.com/curensology/disp/item/1044194/,https://pdimg.dot-st.com/images/curensology/goods/itemImg104/1044194/item_1044194_main_09_1783312035.jpg,予約,https://www.dot-st.com/disp/ranking/?dispNo=001001003&periodTp=3&ageRange=30-34
2026-07-30,30代前半,30-34,7,HARE,パーツバックルプリーツシャツ,11000,https://www.dot-st.com/hare/disp/item/1000134/,https://pdimg.dot-st.com/images/hare/goods/itemImg100/1000134/item_1000134_main_38_1782959389.jpg,NEW,https://www.dot-st.com/disp/ranking/?dispNo=001001003&periodTp=3&ageRange=30-34
2026-07-30,30代前半,30-34,8,GLOBAL,WORK 【FRUITS ZIPPER 鎮西寿々歌さん着用】サラサラDRYスクエアタンク/636753,1980,https://www.dot-st.com/globalwork/disp/item/636753/,https://pdimg.dot-st.com/images/globalwork/goods/itemImg63/636753/item_636753_main_05_1785147369.jpg,,https://www.dot-st.com/disp/ranking/?dispNo=001001003&periodTp=3&ageRange=30-34
2026-07-30,30代前半,30-34,9,Curensology,【】パールボタンニットカーディガン,29700,https://www.dot-st.com/curensology/disp/item/1045150/,https://pdimg.dot-st.com/images/curensology/goods/itemImg104/1045150/item_1045150_main_09_1783493933.jpg,予約,https://www.dot-st.com/disp/ranking/?dispNo=001001003&periodTp=3&ageRange=30-34
2026-07-30,30代前半,30-34,10,GLOBAL,WORK さらさらリラックスキャミ＊パンツSET/636257,6990,https://www.dot-st.com/globalwork/disp/item/636257/,https://pdimg.dot-st.com/images/globalwork/goods/itemImg63/636257/item_636257_main_10_1779846534.jpg,NEW,https://www.dot-st.com/disp/ranking/?dispNo=001001003&periodTp=3&ageRange=30-34
2026-07-30,30代後半,35-39,1,LOWRYS,FARM アシメティアードチュニックＳＳ,6050,https://www.dot-st.com/lowrysfarm/disp/item/1049042/,https://pdimg.dot-st.com/images/lowrysfarm/goods/itemImg104/1049042/item_1049042_main_05_1782896599.jpg,NEW,https://www.dot-st.com/disp/ranking/?dispNo=001001003&periodTp=3&ageRange=35-39
2026-07-30,30代後半,35-39,2,20%OFF,GLOBAL WORK 【FRUITS ZIPPER 鎮西寿々歌さん着用】シルキータッチシアーシャツ5分袖/636672,3591,https://www.dot-st.com/globalwork/disp/item/636672/,https://pdimg.dot-st.com/images/globalwork/goods/itemImg63/636672/item_636672_main_85_1785147763.jpg,NEW / SALE,https://www.dot-st.com/disp/ranking/?dispNo=001001003&periodTp=3&ageRange=35-39
2026-07-30,30代後半,35-39,3,35%OFF,LEPSIM パネルレースレイヤーベスト,3542,https://www.dot-st.com/lepsim/disp/item/670543/,https://pdimg.dot-st.com/images/lepsim/goods/itemImg67/670543/item_670543_main_09_1779440314.jpg,SALE,https://www.dot-st.com/disp/ranking/?dispNo=001001003&periodTp=3&ageRange=35-39
2026-07-30,30代後半,35-39,4,25%OFF,LEPSIM 《レプクル》異素材フリルBIGT,3273,https://www.dot-st.com/lepsim/disp/item/242843/,https://pdimg.dot-st.com/images/lepsim/goods/itemImg24/242843/item_242843_main_85_1777625015.jpg,SALE,https://www.dot-st.com/disp/ranking/?dispNo=001001003&periodTp=3&ageRange=35-39
2026-07-30,30代後半,35-39,5,LOWRYS,FARM シャーリングブラウスフレンチスリーブ,6600,https://www.dot-st.com/lowrysfarm/disp/item/1046442/,https://pdimg.dot-st.com/images/lowrysfarm/goods/itemImg104/1046442/item_1046442_main_22_1781769015.jpg,NEW,https://www.dot-st.com/disp/ranking/?dispNo=001001003&periodTp=3&ageRange=35-39
2026-07-30,30代後半,35-39,6,GLOBAL,WORK GOODデニムシャツ半袖/655908,4990,https://www.dot-st.com/globalwork/disp/item/655908/,https://pdimg.dot-st.com/images/globalwork/goods/itemImg65/655908/item_655908_main_86_1777600034.jpg,,https://www.dot-st.com/disp/ranking/?dispNo=001001003&periodTp=3&ageRange=35-39
2026-07-30,30代後半,35-39,7,GLOBAL,WORK エアリーリラックス切り替えペプラム半袖/718860,4490,https://www.dot-st.com/globalwork/disp/item/718860/,https://pdimg.dot-st.com/images/globalwork/goods/itemImg71/718860/item_718860_main_93_1779959311.jpg,,https://www.dot-st.com/disp/ranking/?dispNo=001001003&periodTp=3&ageRange=35-39
2026-07-30,30代後半,35-39,8,JEANASIS,Wペプラムギャザーキャミ,6990,https://www.dot-st.com/jeanasis/disp/item/1054952/,https://pdimg.dot-st.com/images/jeanasis/goods/itemImg105/1054952/item_1054952_main_18_1784204697.jpg,,https://www.dot-st.com/disp/ranking/?dispNo=001001003&periodTp=3&ageRange=35-39
2026-07-30,30代後半,35-39,9,51%OFF,niko and ... トリムレースドッキングTシャツ,2695,https://www.dot-st.com/nikoand/disp/item/741561/,https://pdimg.dot-st.com/images/nikoand/goods/itemImg74/741561/item_741561_main_18_1781836938.jpg,SALE,https://www.dot-st.com/disp/ranking/?dispNo=001001003&periodTp=3&ageRange=35-39
2026-07-30,30代後半,35-39,10,25%OFF,LEPSIM シアーレースレイヤードT,3711,https://www.dot-st.com/lepsim/disp/item/887658/,https://pdimg.dot-st.com/images/lepsim/goods/itemImg88/887658/item_887658_main_19_1780017522.jpg,SALE,https://www.dot-st.com/disp/ranking/?dispNo=001001003&periodTp=3&ageRange=35-39
2026-07-31,20代後半,25-29,1,LOWRYS,FARM アシメティアードチュニックＳＳ,6050,https://www.dot-st.com/lowrysfarm/disp/item/1049042/,https://pdimg.dot-st.com/images/lowrysfarm/goods/itemImg104/1049042/item_1049042_main_05_1782896599.jpg,NEW,https://www.dot-st.com/disp/ranking/?dispNo=001001003&periodTp=3&ageRange=25-29
2026-07-31,20代後半,25-29,2,LOWRYS,FARM シャーリングブラウスフレンチスリーブ,6600,https://www.dot-st.com/lowrysfarm/disp/item/1046442/,https://pdimg.dot-st.com/images/lowrysfarm/goods/itemImg104/1046442/item_1046442_main_22_1781769015.jpg,NEW,https://www.dot-st.com/disp/ranking/?dispNo=001001003&periodTp=3&ageRange=25-29
2026-07-31,20代後半,25-29,3,28%OFF,LOWRYS FARM シアーシャツＬＳ／接触冷感・吸水速乾,3960,https://www.dot-st.com/lowrysfarm/disp/item/605853/,https://pdimg.dot-st.com/images/lowrysfarm/goods/itemImg60/605853/item_605853_main_08_1783646299.jpg,SALE,https://www.dot-st.com/disp/ranking/?dispNo=001001003&periodTp=3&ageRange=25-29
2026-07-31,20代後半,25-29,4,HARE,【WEB 新世紀エヴァンゲリオン×HARE】シーンプリントカット,9900,https://www.dot-st.com/hare/disp/item/1023260/,https://pdimg.dot-st.com/images/hare/goods/itemImg102/1023260/item_1023260_main_05_1784631261.jpg,予約,https://www.dot-st.com/disp/ranking/?dispNo=001001003&periodTp=3&ageRange=25-29
2026-07-31,20代後半,25-29,5,HARE,【新世紀エヴァンゲリオン×HARE】ラインアートシャツ,13970,https://www.dot-st.com/hare/disp/item/1023254/,https://pdimg.dot-st.com/images/hare/goods/itemImg102/1023254/item_1023254_main_30_1784631805.jpg,NEW,https://www.dot-st.com/disp/ranking/?dispNo=001001003&periodTp=3&ageRange=25-29
2026-07-31,20代後半,25-29,6,20%OFF,HARE 【SET UP対応 LADIES】KANAGUデザインシャツ,7920,https://www.dot-st.com/hare/disp/item/679179/,https://pdimg.dot-st.com/images/hare/goods/itemImg67/679179/item_679179_main_72_1776155294.jpg,,https://www.dot-st.com/disp/ranking/?dispNo=001001003&periodTp=3&ageRange=25-29
2026-07-31,20代後半,25-29,7,28%OFF,PAGEBOY 【PBLIM】マーガレットフラワーT,3950,https://www.dot-st.com/pageboy/disp/item/669937/,https://pdimg.dot-st.com/images/pageboy/goods/itemImg66/669937/item_669937_main_05_1781171056.jpg,SALE,https://www.dot-st.com/disp/ranking/?dispNo=001001003&periodTp=3&ageRange=25-29
2026-07-31,20代後半,25-29,8,41%OFF,PAGEBOY 【接触冷感/イージーケア】クルケアシアーシャツ【】,3498,https://www.dot-st.com/pageboy/disp/item/661236/,https://pdimg.dot-st.com/images/pageboy/goods/itemImg66/661236/item_661236_main_01_1781942336.jpg,SALE / 再入荷,https://www.dot-st.com/disp/ranking/?dispNo=001001003&periodTp=3&ageRange=25-29
2026-07-31,20代後半,25-29,9,JEANASIS,フリルシャーリングダブルジップブラウス,6600,https://www.dot-st.com/jeanasis/disp/item/1043143/,https://pdimg.dot-st.com/images/jeanasis/goods/itemImg104/1043143/item_1043143_main_52_1783307972.jpg,,https://www.dot-st.com/disp/ranking/?dispNo=001001003&periodTp=3&ageRange=25-29
2026-07-31,20代後半,25-29,10,25%OFF,JEANASIS brightフォトコラージュボートネックプリントT,3740,https://www.dot-st.com/jeanasis/disp/item/668750/,https://pdimg.dot-st.com/images/jeanasis/goods/itemImg66/668750/item_668750_main_18_1780048208.jpg,SALE,https://www.dot-st.com/disp/ranking/?dispNo=001001003&periodTp=3&ageRange=25-29
2026-07-31,30代前半,30-34,1,LOWRYS,FARM アシメティアードチュニックＳＳ,6050,https://www.dot-st.com/lowrysfarm/disp/item/1049042/,https://pdimg.dot-st.com/images/lowrysfarm/goods/itemImg104/1049042/item_1049042_main_05_1782896599.jpg,NEW,https://www.dot-st.com/disp/ranking/?dispNo=001001003&periodTp=3&ageRange=30-34
2026-07-31,30代前半,30-34,2,20%OFF,GLOBAL WORK 【FRUITS ZIPPER 鎮西寿々歌さん着用】シルキータッチシアーシャツ5分袖/636672,3591,https://www.dot-st.com/globalwork/disp/item/636672/,https://pdimg.dot-st.com/images/globalwork/goods/itemImg63/636672/item_636672_main_85_1785147763.jpg,NEW / SALE,https://www.dot-st.com/disp/ranking/?dispNo=001001003&periodTp=3&ageRange=30-34
2026-07-31,30代前半,30-34,3,GLOBAL,WORK リッチクリーンTシャツ/半袖プリント/636394,3990,https://www.dot-st.com/globalwork/disp/item/636394/,https://pdimg.dot-st.com/images/globalwork/goods/itemImg63/636394/item_636394_main_05_1778238037.jpg,,https://www.dot-st.com/disp/ranking/?dispNo=001001003&periodTp=3&ageRange=30-34
2026-07-31,30代前半,30-34,4,LOWRYS,FARM シャーリングブラウスフレンチスリーブ,6600,https://www.dot-st.com/lowrysfarm/disp/item/1046442/,https://pdimg.dot-st.com/images/lowrysfarm/goods/itemImg104/1046442/item_1046442_main_22_1781769015.jpg,NEW,https://www.dot-st.com/disp/ranking/?dispNo=001001003&periodTp=3&ageRange=30-34
2026-07-31,30代前半,30-34,5,50%OFF,Classical Elf ラフなのに品よく見える。軽やかぽこぽこフクレジャガードトップス（半袖）ce1260557,1998,https://www.dot-st.com/classicalelf/disp/item/648357/,https://pdimg.dot-st.com/images/classicalelf/goods/itemImg64/648357/item_648357_main_05_1774235459.jpg,,https://www.dot-st.com/disp/ranking/?dispNo=001001003&periodTp=3&ageRange=30-34
2026-07-31,30代前半,30-34,6,10%OFF,mysty woman シャーリングブラウスセットワンピース,12870,https://www.dot-st.com/mystywoman/disp/item/1054930/,https://pdimg.dot-st.com/images/mystywoman/goods/itemImg105/1054930/item_1054930_main_58_1783490589.jpg,NEW,https://www.dot-st.com/disp/ranking/?dispNo=001001003&periodTp=3&ageRange=30-34
2026-07-31,30代前半,30-34,7,30%OFF,GLOBAL WORK エアリーリラックスギャザーブラウス/636648,3142,https://www.dot-st.com/globalwork/disp/item/636648/,https://pdimg.dot-st.com/images/globalwork/goods/itemImg63/636648/item_636648_main_09_1777598732.jpg,SALE,https://www.dot-st.com/disp/ranking/?dispNo=001001003&periodTp=3&ageRange=30-34
2026-07-31,30代前半,30-34,8,LOWRYS,FARM ソウバリスクエアタンクトップ,3850,https://www.dot-st.com/lowrysfarm/disp/item/294378/,https://pdimg.dot-st.com/images/lowrysfarm/goods/itemImg29/294378/item_294378_main_02_1776846779.jpg,,https://www.dot-st.com/disp/ranking/?dispNo=001001003&periodTp=3&ageRange=30-34
2026-07-31,30代前半,30-34,9,50%OFF,Classical Elf 重ねてる風、が今っぽい。ビスチェ風チュールフリルドッキングTシャツce1010572,2499,https://www.dot-st.com/classicalelf/disp/item/644054/,https://pdimg.dot-st.com/images/classicalelf/goods/itemImg64/644054/item_644054_main_01_1774576827.jpg,,https://www.dot-st.com/disp/ranking/?dispNo=001001003&periodTp=3&ageRange=30-34
2026-07-31,30代前半,30-34,10,35%OFF,LEPSIM パネルレースレイヤーベスト,3542,https://www.dot-st.com/lepsim/disp/item/670543/,https://pdimg.dot-st.com/images/lepsim/goods/itemImg67/670543/item_670543_main_09_1779440314.jpg,SALE,https://www.dot-st.com/disp/ranking/?dispNo=001001003&periodTp=3&ageRange=30-34
2026-07-31,30代後半,35-39,1,LOWRYS,FARM アシメティアードチュニックＳＳ,6050,https://www.dot-st.com/lowrysfarm/disp/item/1049042/,https://pdimg.dot-st.com/images/lowrysfarm/goods/itemImg104/1049042/item_1049042_main_05_1782896599.jpg,NEW,https://www.dot-st.com/disp/ranking/?dispNo=001001003&periodTp=3&ageRange=35-39
2026-07-31,30代後半,35-39,2,20%OFF,GLOBAL WORK 【FRUITS ZIPPER 鎮西寿々歌さん着用】シルキータッチシアーシャツ5分袖/636672,3591,https://www.dot-st.com/globalwork/disp/item/636672/,https://pdimg.dot-st.com/images/globalwork/goods/itemImg63/636672/item_636672_main_85_1785147763.jpg,NEW / SALE,https://www.dot-st.com/disp/ranking/?dispNo=001001003&periodTp=3&ageRange=35-39
2026-07-31,30代後半,35-39,3,GLOBAL,WORK GOODデニムシャツ半袖/655908,4990,https://www.dot-st.com/globalwork/disp/item/655908/,https://pdimg.dot-st.com/images/globalwork/goods/itemImg65/655908/item_655908_main_86_1777600034.jpg,,https://www.dot-st.com/disp/ranking/?dispNo=001001003&periodTp=3&ageRange=35-39
2026-07-31,30代後半,35-39,4,25%OFF,LEPSIM 《レプクル》異素材フリルBIGT,3273,https://www.dot-st.com/lepsim/disp/item/242843/,https://pdimg.dot-st.com/images/lepsim/goods/itemImg24/242843/item_242843_main_85_1777625015.jpg,SALE,https://www.dot-st.com/disp/ranking/?dispNo=001001003&periodTp=3&ageRange=35-39
2026-07-31,30代後半,35-39,5,50%OFF,Classical Elf ラフなのに品よく見える。軽やかぽこぽこフクレジャガードトップス（半袖）ce1260557,1998,https://www.dot-st.com/classicalelf/disp/item/648357/,https://pdimg.dot-st.com/images/classicalelf/goods/itemImg64/648357/item_648357_main_05_1774235459.jpg,,https://www.dot-st.com/disp/ranking/?dispNo=001001003&periodTp=3&ageRange=35-39
2026-07-31,30代後半,35-39,6,35%OFF,LEPSIM 着回し5分袖ブラウス《2点セット》,3542,https://www.dot-st.com/lepsim/disp/item/639519/,https://pdimg.dot-st.com/images/lepsim/goods/itemImg63/639519/item_639519_main_92_1775541189.jpg,SALE,https://www.dot-st.com/disp/ranking/?dispNo=001001003&periodTp=3&ageRange=35-39
2026-07-31,30代後半,35-39,7,35%OFF,LEPSIM パネルレースレイヤーベスト,3542,https://www.dot-st.com/lepsim/disp/item/670543/,https://pdimg.dot-st.com/images/lepsim/goods/itemImg67/670543/item_670543_main_09_1779440314.jpg,SALE,https://www.dot-st.com/disp/ranking/?dispNo=001001003&periodTp=3&ageRange=35-39
2026-07-31,30代後半,35-39,8,LOWRYS,FARM シャーリングブラウスフレンチスリーブ,6600,https://www.dot-st.com/lowrysfarm/disp/item/1046442/,https://pdimg.dot-st.com/images/lowrysfarm/goods/itemImg104/1046442/item_1046442_main_22_1781769015.jpg,NEW,https://www.dot-st.com/disp/ranking/?dispNo=001001003&periodTp=3&ageRange=35-39
2026-07-31,30代後半,35-39,9,GLOBAL,WORK 【FRUITS ZIPPER 鎮西寿々歌さん着用】サラサラDRYスクエアタンク/636753,1980,https://www.dot-st.com/globalwork/disp/item/636753/,https://pdimg.dot-st.com/images/globalwork/goods/itemImg63/636753/item_636753_main_05_1785147369.jpg,,https://www.dot-st.com/disp/ranking/?dispNo=001001003&periodTp=3&ageRange=35-39
2026-07-31,30代後半,35-39,10,GLOBAL,WORK クロシェレースビスチェ/759908,2990,https://www.dot-st.com/globalwork/disp/item/759908/,https://pdimg.dot-st.com/images/globalwork/goods/itemImg75/759908/item_759908_main_08_1782961513.jpg,NEW,https://www.dot-st.com/disp/ranking/?dispNo=001001003&periodTp=3&ageRange=35-39
2026-08-01,20代後半,25-29,1,LOWRYS,FARM シャーリングブラウスフレンチスリーブ,6600,https://www.dot-st.com/lowrysfarm/disp/item/1046442/,https://pdimg.dot-st.com/images/lowrysfarm/goods/itemImg104/1046442/item_1046442_main_22_1781769015.jpg,NEW,https://www.dot-st.com/disp/ranking/?dispNo=001001003&periodTp=3&ageRange=25-29
2026-08-01,20代後半,25-29,2,HARE,【新世紀エヴァンゲリオン×HARE】ラインアートシャツ,13970,https://www.dot-st.com/hare/disp/item/1023254/,https://pdimg.dot-st.com/images/hare/goods/itemImg102/1023254/item_1023254_main_30_1784631805.jpg,NEW,https://www.dot-st.com/disp/ranking/?dispNo=001001003&periodTp=3&ageRange=25-29
2026-08-01,20代後半,25-29,3,PAGEBOY,【】スカシリーフニットボレロ,6990,https://www.dot-st.com/pageboy/disp/item/414159/,https://pdimg.dot-st.com/images/pageboy/goods/itemImg41/414159/item_414159_main_09_1780305257.jpg,再入荷,https://www.dot-st.com/disp/ranking/?dispNo=001001003&periodTp=3&ageRange=25-29
2026-08-01,20代後半,25-29,4,37%OFF,BARNYARDSTORM UVカットCOOLタッチパーカー【UVカット / 接触冷感】JAPAN FABRIC,8662,https://www.dot-st.com/barnyardstorm/disp/item/621794/,https://pdimg.dot-st.com/images/barnyardstorm/goods/itemImg62/621794/item_621794_main_13_1771417433.jpg,SALE,https://www.dot-st.com/disp/ranking/?dispNo=001001003&periodTp=3&ageRange=25-29
2026-08-01,20代後半,25-29,5,HARE,【長袖から5分袖まで変化できる】スパンコールレースパーカー,16940,https://www.dot-st.com/hare/disp/item/670665/,https://pdimg.dot-st.com/images/hare/goods/itemImg67/670665/item_670665_main_05_1775098521.jpg,,https://www.dot-st.com/disp/ranking/?dispNo=001001003&periodTp=3&ageRange=25-29
2026-08-01,20代後半,25-29,6,GLOBAL,WORK さらさらリラックスキャミ＊パンツSET/636257,6990,https://www.dot-st.com/globalwork/disp/item/636257/,https://pdimg.dot-st.com/images/globalwork/goods/itemImg63/636257/item_636257_main_10_1779846534.jpg,,https://www.dot-st.com/disp/ranking/?dispNo=001001003&periodTp=3&ageRange=25-29
2026-08-01,20代後半,25-29,7,niko,and ... 【Lucky Fes'26】プリントＴＥＥ,4500,https://www.dot-st.com/nikoand/disp/item/840833/,https://pdimg.dot-st.com/images/nikoand/goods/itemImg84/840833/item_840833_main_06_1780568198.jpg,,https://www.dot-st.com/disp/ranking/?dispNo=001001003&periodTp=3&ageRange=25-29
2026-08-01,20代後半,25-29,8,55%OFF,LOWRYS FARM ハイショクバックボタンベスト,2227,https://www.dot-st.com/lowrysfarm/disp/item/638452/,https://pdimg.dot-st.com/images/lowrysfarm/goods/itemImg63/638452/item_638452_main_35_1774414126.jpg,SALE,https://www.dot-st.com/disp/ranking/?dispNo=001001003&periodTp=3&ageRange=25-29
2026-08-01,20代後半,25-29,9,JEANASIS,シアーワッフルドロストプルオーバーLS,6600,https://www.dot-st.com/jeanasis/disp/item/1067550/,https://pdimg.dot-st.com/images/jeanasis/goods/itemImg106/1067550/item_1067550_main_06_1784196956.jpg,NEW,https://www.dot-st.com/disp/ranking/?dispNo=001001003&periodTp=3&ageRange=25-29
2026-08-01,20代後半,25-29,10,PAGEBOY,【】レースジャガード2WAYブラウスショートスリーブ,6600,https://www.dot-st.com/pageboy/disp/item/798431/,https://pdimg.dot-st.com/images/pageboy/goods/itemImg79/798431/item_798431_main_15_1780050166.jpg,再入荷,https://www.dot-st.com/disp/ranking/?dispNo=001001003&periodTp=3&ageRange=25-29
2026-08-01,30代前半,30-34,1,20%OFF,LOWRYS FARM シャーリングチュニックフレンチスリーブ,4791,https://www.dot-st.com/lowrysfarm/disp/item/581468/,https://pdimg.dot-st.com/images/lowrysfarm/goods/itemImg58/581468/item_581468_main_08_1776892278.jpg,SALE,https://www.dot-st.com/disp/ranking/?dispNo=001001003&periodTp=3&ageRange=30-34
2026-08-01,30代前半,30-34,2,50%OFF,Classical Elf ラフなのに品よく見える。軽やかぽこぽこフクレジャガードトップス（半袖）ce1260557,1998,https://www.dot-st.com/classicalelf/disp/item/648357/,https://pdimg.dot-st.com/images/classicalelf/goods/itemImg64/648357/item_648357_main_05_1774235459.jpg,,https://www.dot-st.com/disp/ranking/?dispNo=001001003&periodTp=3&ageRange=30-34
2026-08-01,30代前半,30-34,3,JEANASIS,Wペプラムギャザーキャミ,6990,https://www.dot-st.com/jeanasis/disp/item/1054952/,https://pdimg.dot-st.com/images/jeanasis/goods/itemImg105/1054952/item_1054952_main_18_1784204697.jpg,,https://www.dot-st.com/disp/ranking/?dispNo=001001003&periodTp=3&ageRange=30-34
2026-08-01,30代前半,30-34,4,GLOBAL,WORK 【FRUITS ZIPPER 鎮西寿々歌さん着用】サラサラDRYスクエアタンク/636753,1980,https://www.dot-st.com/globalwork/disp/item/636753/,https://pdimg.dot-st.com/images/globalwork/goods/itemImg63/636753/item_636753_main_05_1785147369.jpg,,https://www.dot-st.com/disp/ranking/?dispNo=001001003&periodTp=3&ageRange=30-34
2026-08-01,30代前半,30-34,5,A,part by モヘヤレースプルオーバー/WEB,12650,https://www.dot-st.com/apartbylowrys/disp/item/681240/,https://pdimg.dot-st.com/images/apartbylowrys/goods/itemImg68/681240/item_681240_main_13_1783645390.jpg,予約,https://www.dot-st.com/disp/ranking/?dispNo=001001003&periodTp=3&ageRange=30-34
2026-08-01,30代前半,30-34,6,41%OFF,Classical Elf 【接触冷感機能付き】風をまとって、軽やかに。ダブルポケット付きフードシアーシャツce1265045,3499,https://www.dot-st.com/classicalelf/disp/item/611378/,https://pdimg.dot-st.com/images/classicalelf/goods/itemImg61/611378/item_611378_main_02_1775526820.jpg,,https://www.dot-st.com/disp/ranking/?dispNo=001001003&periodTp=3&ageRange=30-34
2026-08-01,30代前半,30-34,7,JEANASIS,シアーワッフルドロストプルオーバーLS,6600,https://www.dot-st.com/jeanasis/disp/item/1067550/,https://pdimg.dot-st.com/images/jeanasis/goods/itemImg106/1067550/item_1067550_main_06_1784196956.jpg,NEW,https://www.dot-st.com/disp/ranking/?dispNo=001001003&periodTp=3&ageRange=30-34
2026-08-01,30代前半,30-34,8,30%OFF,JEANASIS シアーリブカットギャザーカーディガンSS,3850,https://www.dot-st.com/jeanasis/disp/item/1045139/,https://pdimg.dot-st.com/images/jeanasis/goods/itemImg104/1045139/item_1045139_main_62_1782960568.jpg,SALE,https://www.dot-st.com/disp/ranking/?dispNo=001001003&periodTp=3&ageRange=30-34
2026-08-01,30代前半,30-34,9,25%OFF,A part by 【7/29 お値下げ】ピンタックキャミブラウス,8250,https://www.dot-st.com/apartbylowrys/disp/item/669951/,https://pdimg.dot-st.com/images/apartbylowrys/goods/itemImg66/669951/item_669951_main_52_1779425198.jpg,SALE,https://www.dot-st.com/disp/ranking/?dispNo=001001003&periodTp=3&ageRange=30-34
2026-08-01,30代前半,30-34,10,25%OFF,LEPSIM 《レプクル》異素材フリルBIGT,3273,https://www.dot-st.com/lepsim/disp/item/242843/,https://pdimg.dot-st.com/images/lepsim/goods/itemImg24/242843/item_242843_main_85_1777625015.jpg,SALE,https://www.dot-st.com/disp/ranking/?dispNo=001001003&periodTp=3&ageRange=30-34
2026-08-01,30代後半,35-39,1,50%OFF,Classical Elf ラフなのに品よく見える。軽やかぽこぽこフクレジャガードトップス（半袖）ce1260557,1998,https://www.dot-st.com/classicalelf/disp/item/648357/,https://pdimg.dot-st.com/images/classicalelf/goods/itemImg64/648357/item_648357_main_05_1774235459.jpg,,https://www.dot-st.com/disp/ranking/?dispNo=001001003&periodTp=3&ageRange=35-39
2026-08-01,30代後半,35-39,2,GLOBAL,WORK GOODデニムシャツ半袖/655908,4990,https://www.dot-st.com/globalwork/disp/item/655908/,https://pdimg.dot-st.com/images/globalwork/goods/itemImg65/655908/item_655908_main_86_1777600034.jpg,,https://www.dot-st.com/disp/ranking/?dispNo=001001003&periodTp=3&ageRange=35-39
2026-08-01,30代後半,35-39,3,25%OFF,LEPSIM 《レプクル》異素材フリルBIGT,3273,https://www.dot-st.com/lepsim/disp/item/242843/,https://pdimg.dot-st.com/images/lepsim/goods/itemImg24/242843/item_242843_main_85_1777625015.jpg,SALE,https://www.dot-st.com/disp/ranking/?dispNo=001001003&periodTp=3&ageRange=35-39
2026-08-01,30代後半,35-39,4,35%OFF,LEPSIM パネルレースレイヤーベスト,3542,https://www.dot-st.com/lepsim/disp/item/670543/,https://pdimg.dot-st.com/images/lepsim/goods/itemImg67/670543/item_670543_main_09_1779440314.jpg,SALE,https://www.dot-st.com/disp/ranking/?dispNo=001001003&periodTp=3&ageRange=35-39
2026-08-01,30代後半,35-39,5,GLOBAL,WORK 【FRUITS ZIPPER 鎮西寿々歌さん着用】サラサラDRYスクエアタンク/636753,1980,https://www.dot-st.com/globalwork/disp/item/636753/,https://pdimg.dot-st.com/images/globalwork/goods/itemImg63/636753/item_636753_main_05_1785147369.jpg,,https://www.dot-st.com/disp/ranking/?dispNo=001001003&periodTp=3&ageRange=35-39
2026-08-01,30代後半,35-39,6,LOWRYS,FARM シャーリングブラウスフレンチスリーブ,6600,https://www.dot-st.com/lowrysfarm/disp/item/1046442/,https://pdimg.dot-st.com/images/lowrysfarm/goods/itemImg104/1046442/item_1046442_main_22_1781769015.jpg,NEW,https://www.dot-st.com/disp/ranking/?dispNo=001001003&periodTp=3&ageRange=35-39
2026-08-01,30代後半,35-39,7,20%OFF,GLOBAL WORK ひんやり涼しい/フローズン裾フリル切り替えTシャツ/872700,3192,https://www.dot-st.com/globalwork/disp/item/872700/,https://pdimg.dot-st.com/images/globalwork/goods/itemImg87/872700/item_872700_main_09_1782973903.jpg,SALE,https://www.dot-st.com/disp/ranking/?dispNo=001001003&periodTp=3&ageRange=35-39
2026-08-01,30代後半,35-39,8,LOWRYS,FARM アシメティアードチュニックＳＳ,6050,https://www.dot-st.com/lowrysfarm/disp/item/1049042/,https://pdimg.dot-st.com/images/lowrysfarm/goods/itemImg104/1049042/item_1049042_main_05_1782896599.jpg,NEW,https://www.dot-st.com/disp/ranking/?dispNo=001001003&periodTp=3&ageRange=35-39
2026-08-01,30代後半,35-39,9,20%OFF,GLOBAL WORK 【FRUITS ZIPPER 鎮西寿々歌さん着用】シルキータッチシアーシャツ5分袖/636672,3591,https://www.dot-st.com/globalwork/disp/item/636672/,https://pdimg.dot-st.com/images/globalwork/goods/itemImg63/636672/item_636672_main_85_1785147763.jpg,NEW / SALE,https://www.dot-st.com/disp/ranking/?dispNo=001001003&periodTp=3&ageRange=35-39
2026-08-01,30代後半,35-39,10,35%OFF,LEPSIM 着回し5分袖ブラウス《2点セット》,3542,https://www.dot-st.com/lepsim/disp/item/639519/,https://pdimg.dot-st.com/images/lepsim/goods/itemImg63/639519/item_639519_main_92_1775541189.jpg,SALE,https://www.dot-st.com/disp/ranking/?dispNo=001001003&periodTp=3&ageRange=35-39
2026-08-02,20代後半,25-29,1,LOWRYS,FARM シャーリングブラウスフレンチスリーブ,6600,https://www.dot-st.com/lowrysfarm/disp/item/1046442/,https://pdimg.dot-st.com/images/lowrysfarm/goods/itemImg104/1046442/item_1046442_main_22_1781769015.jpg,NEW,https://www.dot-st.com/disp/ranking/?dispNo=001001003&periodTp=3&ageRange=25-29
2026-08-02,20代後半,25-29,2,Curensology,【】シルクキュプラフレアシャツ,31900,https://www.dot-st.com/curensology/disp/item/1063765/,https://pdimg.dot-st.com/images/curensology/goods/itemImg106/1063765/item_1063765_main_02_1785294299.jpg,予約,https://www.dot-st.com/disp/ranking/?dispNo=001001003&periodTp=3&ageRange=25-29
2026-08-02,20代後半,25-29,3,LOWRYS,FARM アシメティアードチュニックＳＳ,6050,https://www.dot-st.com/lowrysfarm/disp/item/1049042/,https://pdimg.dot-st.com/images/lowrysfarm/goods/itemImg104/1049042/item_1049042_main_05_1782896599.jpg,NEW,https://www.dot-st.com/disp/ranking/?dispNo=001001003&periodTp=3&ageRange=25-29
2026-08-02,20代後半,25-29,4,HARE,【WEB 新世紀エヴァンゲリオン×HARE】シーンプリントカット,9900,https://www.dot-st.com/hare/disp/item/1023260/,https://pdimg.dot-st.com/images/hare/goods/itemImg102/1023260/item_1023260_main_05_1784631261.jpg,予約,https://www.dot-st.com/disp/ranking/?dispNo=001001003&periodTp=3&ageRange=25-29
2026-08-02,20代後半,25-29,5,PAGEBOY,【】スカシリーフニットボレロ,6990,https://www.dot-st.com/pageboy/disp/item/414159/,https://pdimg.dot-st.com/images/pageboy/goods/itemImg41/414159/item_414159_main_09_1780305257.jpg,再入荷,https://www.dot-st.com/disp/ranking/?dispNo=001001003&periodTp=3&ageRange=25-29
2026-08-02,20代後半,25-29,6,10%OFF,PAGEBOY 【汗じみ防止/2サイズ展開】ジミレスコンパクトT【】,3591,https://www.dot-st.com/pageboy/disp/item/668665/,https://pdimg.dot-st.com/images/pageboy/goods/itemImg66/668665/item_668665_main_15_1780307027.jpg,SALE / 再入荷,https://www.dot-st.com/disp/ranking/?dispNo=001001003&periodTp=3&ageRange=25-29
2026-08-02,20代後半,25-29,7,LOWRYS,FARM ペプラムチュニックＳＳ,6050,https://www.dot-st.com/lowrysfarm/disp/item/660871/,https://pdimg.dot-st.com/images/lowrysfarm/goods/itemImg66/660871/item_660871_main_06_1783645877.jpg,,https://www.dot-st.com/disp/ranking/?dispNo=001001003&periodTp=3&ageRange=25-29
2026-08-02,20代後半,25-29,8,GLOBAL,WORK 【FRUITS ZIPPER 鎮西寿々歌さん着用】サラサラDRYスクエアタンク/636753,1980,https://www.dot-st.com/globalwork/disp/item/636753/,https://pdimg.dot-st.com/images/globalwork/goods/itemImg63/636753/item_636753_main_05_1785147369.jpg,,https://www.dot-st.com/disp/ranking/?dispNo=001001003&periodTp=3&ageRange=25-29
2026-08-02,20代後半,25-29,9,JEANASIS,シアージャガードシャーリングシャツSS,7190,https://www.dot-st.com/jeanasis/disp/item/859249/,https://pdimg.dot-st.com/images/jeanasis/goods/itemImg85/859249/item_859249_main_82_1778238768.jpg,,https://www.dot-st.com/disp/ranking/?dispNo=001001003&periodTp=3&ageRange=25-29
2026-08-02,20代後半,25-29,10,LOWRYS,FARM ヨウリュウシシュウノースリーブ,6990,https://www.dot-st.com/lowrysfarm/disp/item/867766/,https://pdimg.dot-st.com/images/lowrysfarm/goods/itemImg86/867766/item_867766_main_05_1779790204.jpg,NEW,https://www.dot-st.com/disp/ranking/?dispNo=001001003&periodTp=3&ageRange=25-29
2026-08-02,30代前半,30-34,1,20%OFF,LOWRYS FARM シャーリングチュニックフレンチスリーブ,4791,https://www.dot-st.com/lowrysfarm/disp/item/581468/,https://pdimg.dot-st.com/images/lowrysfarm/goods/itemImg58/581468/item_581468_main_08_1776892278.jpg,SALE,https://www.dot-st.com/disp/ranking/?dispNo=001001003&periodTp=3&ageRange=30-34
2026-08-02,30代前半,30-34,2,LOWRYS,FARM アシメティアードチュニックＳＳ,6050,https://www.dot-st.com/lowrysfarm/disp/item/1049042/,https://pdimg.dot-st.com/images/lowrysfarm/goods/itemImg104/1049042/item_1049042_main_05_1782896599.jpg,NEW,https://www.dot-st.com/disp/ranking/?dispNo=001001003&periodTp=3&ageRange=30-34
2026-08-02,30代前半,30-34,3,28%OFF,LOWRYS FARM シアーシャツＬＳ／接触冷感・吸水速乾,3960,https://www.dot-st.com/lowrysfarm/disp/item/605853/,https://pdimg.dot-st.com/images/lowrysfarm/goods/itemImg60/605853/item_605853_main_08_1783646299.jpg,SALE,https://www.dot-st.com/disp/ranking/?dispNo=001001003&periodTp=3&ageRange=30-34
2026-08-02,30代前半,30-34,4,LOWRYS,FARM シャーリングブラウスフレンチスリーブ,6600,https://www.dot-st.com/lowrysfarm/disp/item/1046442/,https://pdimg.dot-st.com/images/lowrysfarm/goods/itemImg104/1046442/item_1046442_main_22_1781769015.jpg,NEW,https://www.dot-st.com/disp/ranking/?dispNo=001001003&periodTp=3&ageRange=30-34
2026-08-02,30代前半,30-34,5,GLOBAL,WORK 【FRUITS ZIPPER 鎮西寿々歌さん着用】リッチクリーンプリントT半袖/636780,3490,https://www.dot-st.com/globalwork/disp/item/636780/,https://pdimg.dot-st.com/images/globalwork/goods/itemImg63/636780/item_636780_main_88_1785145985.jpg,,https://www.dot-st.com/disp/ranking/?dispNo=001001003&periodTp=3&ageRange=30-34
2026-08-02,30代前半,30-34,6,20%OFF,GLOBAL WORK 【FRUITS ZIPPER 鎮西寿々歌さん着用】シルキータッチシアーシャツ5分袖/636672,3591,https://www.dot-st.com/globalwork/disp/item/636672/,https://pdimg.dot-st.com/images/globalwork/goods/itemImg63/636672/item_636672_main_85_1785147763.jpg,NEW / SALE,https://www.dot-st.com/disp/ranking/?dispNo=001001003&periodTp=3&ageRange=30-34
2026-08-02,30代前半,30-34,7,25%OFF,LEPSIM シアーレースレイヤードT,3711,https://www.dot-st.com/lepsim/disp/item/887658/,https://pdimg.dot-st.com/images/lepsim/goods/itemImg88/887658/item_887658_main_19_1780017522.jpg,SALE,https://www.dot-st.com/disp/ranking/?dispNo=001001003&periodTp=3&ageRange=30-34
2026-08-02,30代前半,30-34,8,GLOBAL,WORK エアリーリラックス切り替えペプラム半袖/718860,4490,https://www.dot-st.com/globalwork/disp/item/718860/,https://pdimg.dot-st.com/images/globalwork/goods/itemImg71/718860/item_718860_main_93_1779959311.jpg,,https://www.dot-st.com/disp/ranking/?dispNo=001001003&periodTp=3&ageRange=30-34
2026-08-02,30代前半,30-34,9,HARE,【長袖から5分袖まで変化できる】スパンコールレースパーカー,16940,https://www.dot-st.com/hare/disp/item/670665/,https://pdimg.dot-st.com/images/hare/goods/itemImg67/670665/item_670665_main_05_1775098521.jpg,,https://www.dot-st.com/disp/ranking/?dispNo=001001003&periodTp=3&ageRange=30-34
2026-08-02,30代前半,30-34,10,50%OFF,Classical Elf 大人の配色で、オフィスにも着やすい♪着回し抜群の ランダムリブ 配色ポロトップスce1010636,2499,https://www.dot-st.com/classicalelf/disp/item/859558/,https://pdimg.dot-st.com/images/classicalelf/goods/itemImg85/859558/item_859558_main_50_1780362922.jpg,,https://www.dot-st.com/disp/ranking/?dispNo=001001003&periodTp=3&ageRange=30-34
2026-08-02,30代後半,35-39,1,35%OFF,LEPSIM パネルレースレイヤーベスト,3542,https://www.dot-st.com/lepsim/disp/item/670543/,https://pdimg.dot-st.com/images/lepsim/goods/itemImg67/670543/item_670543_main_09_1779440314.jpg,SALE,https://www.dot-st.com/disp/ranking/?dispNo=001001003&periodTp=3&ageRange=35-39
2026-08-02,30代後半,35-39,2,50%OFF,Classical Elf ラフなのに品よく見える。軽やかぽこぽこフクレジャガードトップス（半袖）ce1260557,1998,https://www.dot-st.com/classicalelf/disp/item/648357/,https://pdimg.dot-st.com/images/classicalelf/goods/itemImg64/648357/item_648357_main_05_1774235459.jpg,,https://www.dot-st.com/disp/ranking/?dispNo=001001003&periodTp=3&ageRange=35-39
2026-08-02,30代後半,35-39,3,studio,CLIP 3Dレースドルマンシャツ,5990,https://www.dot-st.com/studioclip/disp/item/1051626/,https://pdimg.dot-st.com/images/studioclip/goods/itemImg105/1051626/item_1051626_main_01_1783471293.jpg,NEW,https://www.dot-st.com/disp/ranking/?dispNo=001001003&periodTp=3&ageRange=35-39
2026-08-02,30代後半,35-39,4,GLOBAL,WORK GOODデニムシャツ半袖/655908,4990,https://www.dot-st.com/globalwork/disp/item/655908/,https://pdimg.dot-st.com/images/globalwork/goods/itemImg65/655908/item_655908_main_86_1777600034.jpg,,https://www.dot-st.com/disp/ranking/?dispNo=001001003&periodTp=3&ageRange=35-39
2026-08-02,30代後半,35-39,5,GLOBAL,WORK 【FRUITS ZIPPER 鎮西寿々歌さん着用】サラサラDRYスクエアタンク/636753,1980,https://www.dot-st.com/globalwork/disp/item/636753/,https://pdimg.dot-st.com/images/globalwork/goods/itemImg63/636753/item_636753_main_05_1785147369.jpg,,https://www.dot-st.com/disp/ranking/?dispNo=001001003&periodTp=3&ageRange=35-39
2026-08-02,30代後半,35-39,6,LOWRYS,FARM アシメティアードチュニックＳＳ,6050,https://www.dot-st.com/lowrysfarm/disp/item/1049042/,https://pdimg.dot-st.com/images/lowrysfarm/goods/itemImg104/1049042/item_1049042_main_05_1782896599.jpg,NEW,https://www.dot-st.com/disp/ranking/?dispNo=001001003&periodTp=3&ageRange=35-39
2026-08-02,30代後半,35-39,7,28%OFF,LOWRYS FARM シアーシャツＬＳ／接触冷感・吸水速乾,3960,https://www.dot-st.com/lowrysfarm/disp/item/605853/,https://pdimg.dot-st.com/images/lowrysfarm/goods/itemImg60/605853/item_605853_main_08_1783646299.jpg,SALE,https://www.dot-st.com/disp/ranking/?dispNo=001001003&periodTp=3&ageRange=35-39
2026-08-02,30代後半,35-39,8,50%OFF,Classical Elf 重ねてる風、が今っぽい。ビスチェ風チュールフリルドッキングTシャツce1010572,2499,https://www.dot-st.com/classicalelf/disp/item/644054/,https://pdimg.dot-st.com/images/classicalelf/goods/itemImg64/644054/item_644054_main_01_1774576827.jpg,,https://www.dot-st.com/disp/ranking/?dispNo=001001003&periodTp=3&ageRange=35-39
2026-08-02,30代後半,35-39,9,GLOBAL,WORK 【FRUITS ZIPPER 鎮西寿々歌さん着用】リッチクリーンプリントT半袖/636780,3490,https://www.dot-st.com/globalwork/disp/item/636780/,https://pdimg.dot-st.com/images/globalwork/goods/itemImg63/636780/item_636780_main_88_1785145985.jpg,,https://www.dot-st.com/disp/ranking/?dispNo=001001003&periodTp=3&ageRange=35-39
2026-08-02,30代後半,35-39,10,20%OFF,GLOBAL WORK ひんやり涼しい/フローズン切り替えペプラム/647529,2791,https://www.dot-st.com/globalwork/disp/item/647529/,https://pdimg.dot-st.com/images/globalwork/goods/itemImg64/647529/item_647529_main_38_1779931507.jpg,SALE,https://www.dot-st.com/disp/ranking/?dispNo=001001003&periodTp=3&ageRange=35-39
2026-08-03,20代後半,25-29,1,LOWRYS,FARM シャーリングブラウスフレンチスリーブ,6600,https://www.dot-st.com/lowrysfarm/disp/item/1046442/,https://pdimg.dot-st.com/images/lowrysfarm/goods/itemImg104/1046442/item_1046442_main_22_1781769015.jpg,NEW,https://www.dot-st.com/disp/ranking/?dispNo=001001003&periodTp=3&ageRange=25-29
2026-08-03,20代後半,25-29,2,PAGEBOY,【】スカシリーフニットボレロ,6990,https://www.dot-st.com/pageboy/disp/item/414159/,https://pdimg.dot-st.com/images/pageboy/goods/itemImg41/414159/item_414159_main_09_1780305257.jpg,再入荷,https://www.dot-st.com/disp/ranking/?dispNo=001001003&periodTp=3&ageRange=25-29
2026-08-03,20代後半,25-29,3,25%OFF,HARE チャイナカナグリブニット,5940,https://www.dot-st.com/hare/disp/item/647105/,https://pdimg.dot-st.com/images/hare/goods/itemImg64/647105/item_647105_main_09_1772782119.jpg,SALE,https://www.dot-st.com/disp/ranking/?dispNo=001001003&periodTp=3&ageRange=25-29
2026-08-03,20代後半,25-29,4,niko,and ... ハイカロリーラグランTシャツ,4000,https://www.dot-st.com/nikoand/disp/item/654215/,https://pdimg.dot-st.com/images/nikoand/goods/itemImg65/654215/item_654215_main_71_1781836737.jpg,SALE,https://www.dot-st.com/disp/ranking/?dispNo=001001003&periodTp=3&ageRange=25-29
2026-08-03,20代後半,25-29,5,GLOBAL,WORK 【FRUITS ZIPPER 鎮西寿々歌さん着用】サラサラDRYスクエアタンク/636753,1980,https://www.dot-st.com/globalwork/disp/item/636753/,https://pdimg.dot-st.com/images/globalwork/goods/itemImg63/636753/item_636753_main_05_1785147369.jpg,,https://www.dot-st.com/disp/ranking/?dispNo=001001003&periodTp=3&ageRange=25-29
2026-08-03,20代後半,25-29,6,HARE,イソザイレイヤーフリルキャミソール,9900,https://www.dot-st.com/hare/disp/item/759478/,https://pdimg.dot-st.com/images/hare/goods/itemImg75/759478/item_759478_main_08_1777373001.jpg,,https://www.dot-st.com/disp/ranking/?dispNo=001001003&periodTp=3&ageRange=25-29
2026-08-03,20代後半,25-29,7,LOWRYS,FARM ヨウリュウシシュウノースリーブ,6990,https://www.dot-st.com/lowrysfarm/disp/item/867766/,https://pdimg.dot-st.com/images/lowrysfarm/goods/itemImg86/867766/item_867766_main_05_1779790204.jpg,NEW,https://www.dot-st.com/disp/ranking/?dispNo=001001003&periodTp=3&ageRange=25-29
2026-08-03,20代後半,25-29,8,20%OFF,LOWRYS FARM ヨウリュウシシュウキャミチュニック,5592,https://www.dot-st.com/lowrysfarm/disp/item/903513/,https://pdimg.dot-st.com/images/lowrysfarm/goods/itemImg90/903513/item_903513_main_05_1779789378.jpg,,https://www.dot-st.com/disp/ranking/?dispNo=001001003&periodTp=3&ageRange=25-29
2026-08-03,20代後半,25-29,9,10%OFF,Heather ボリュームチュールキャミ,6930,https://www.dot-st.com/heather/disp/item/659558/,https://pdimg.dot-st.com/images/heather/goods/itemImg65/659558/item_659558_main_08_1772534057.jpg,,https://www.dot-st.com/disp/ranking/?dispNo=001001003&periodTp=3&ageRange=25-29
2026-08-03,20代後半,25-29,10,LOWRYS,FARM ペプラムチュニックＳＳ,6050,https://www.dot-st.com/lowrysfarm/disp/item/660871/,https://pdimg.dot-st.com/images/lowrysfarm/goods/itemImg66/660871/item_660871_main_06_1783645877.jpg,,https://www.dot-st.com/disp/ranking/?dispNo=001001003&periodTp=3&ageRange=25-29
2026-08-03,30代前半,30-34,1,LOWRYS,FARM シャーリングブラウスフレンチスリーブ,6600,https://www.dot-st.com/lowrysfarm/disp/item/1046442/,https://pdimg.dot-st.com/images/lowrysfarm/goods/itemImg104/1046442/item_1046442_main_22_1781769015.jpg,NEW,https://www.dot-st.com/disp/ranking/?dispNo=001001003&periodTp=3&ageRange=30-34
2026-08-03,30代前半,30-34,2,LOWRYS,FARM アシメティアードチュニックＳＳ,6050,https://www.dot-st.com/lowrysfarm/disp/item/1049042/,https://pdimg.dot-st.com/images/lowrysfarm/goods/itemImg104/1049042/item_1049042_main_05_1782896599.jpg,NEW,https://www.dot-st.com/disp/ranking/?dispNo=001001003&periodTp=3&ageRange=30-34
2026-08-03,30代前半,30-34,3,10%OFF,mysty woman シャーリングブラウスセットワンピース,12870,https://www.dot-st.com/mystywoman/disp/item/1054930/,https://pdimg.dot-st.com/images/mystywoman/goods/itemImg105/1054930/item_1054930_main_58_1783490589.jpg,NEW,https://www.dot-st.com/disp/ranking/?dispNo=001001003&periodTp=3&ageRange=30-34
2026-08-03,30代前半,30-34,4,LOWRYS,FARM ヨウリュウシシュウノースリーブ,6990,https://www.dot-st.com/lowrysfarm/disp/item/867766/,https://pdimg.dot-st.com/images/lowrysfarm/goods/itemImg86/867766/item_867766_main_05_1779790204.jpg,NEW,https://www.dot-st.com/disp/ranking/?dispNo=001001003&periodTp=3&ageRange=30-34
2026-08-03,30代前半,30-34,5,niko,and ... ハイカロリーラグランTシャツ,4000,https://www.dot-st.com/nikoand/disp/item/654215/,https://pdimg.dot-st.com/images/nikoand/goods/itemImg65/654215/item_654215_main_71_1781836737.jpg,SALE,https://www.dot-st.com/disp/ranking/?dispNo=001001003&periodTp=3&ageRange=30-34
2026-08-03,30代前半,30-34,6,40%OFF,Classical Elf ひらっと心が躍る。オーバーサイズランダムタックシアーカーディガンce1260606,2998,https://www.dot-st.com/classicalelf/disp/item/654856/,https://pdimg.dot-st.com/images/classicalelf/goods/itemImg65/654856/item_654856_main_13_1784086477.jpg,,https://www.dot-st.com/disp/ranking/?dispNo=001001003&periodTp=3&ageRange=30-34
2026-08-03,30代前半,30-34,7,50%OFF,Classical Elf ラフなのに品よく見える。軽やかぽこぽこフクレジャガードトップス（半袖）ce1260557,1998,https://www.dot-st.com/classicalelf/disp/item/648357/,https://pdimg.dot-st.com/images/classicalelf/goods/itemImg64/648357/item_648357_main_05_1774235459.jpg,,https://www.dot-st.com/disp/ranking/?dispNo=001001003&periodTp=3&ageRange=30-34
2026-08-03,30代前半,30-34,8,HARE,【WEB SET UP対応】オパールシアーシャツ,9900,https://www.dot-st.com/hare/disp/item/1050600/,https://pdimg.dot-st.com/images/hare/goods/itemImg105/1050600/item_1050600_main_78_1784890045.jpg,予約,https://www.dot-st.com/disp/ranking/?dispNo=001001003&periodTp=3&ageRange=30-34
2026-08-03,30代前半,30-34,9,25%OFF,LEPSIM シアーレースレイヤードT,3711,https://www.dot-st.com/lepsim/disp/item/887658/,https://pdimg.dot-st.com/images/lepsim/goods/itemImg88/887658/item_887658_main_19_1780017522.jpg,SALE,https://www.dot-st.com/disp/ranking/?dispNo=001001003&periodTp=3&ageRange=30-34
2026-08-03,30代前半,30-34,10,51%OFF,niko and ... トリムレースドッキングTシャツ,2695,https://www.dot-st.com/nikoand/disp/item/741561/,https://pdimg.dot-st.com/images/nikoand/goods/itemImg74/741561/item_741561_main_18_1781836938.jpg,SALE,https://www.dot-st.com/disp/ranking/?dispNo=001001003&periodTp=3&ageRange=30-34
2026-08-03,30代後半,35-39,1,30%OFF,studio CLIP レースフードシャツ,4193,https://www.dot-st.com/studioclip/disp/item/1050108/,https://pdimg.dot-st.com/images/studioclip/goods/itemImg105/1050108/item_1050108_main_07_1780280243.jpg,,https://www.dot-st.com/disp/ranking/?dispNo=001001003&periodTp=3&ageRange=35-39
2026-08-03,30代後半,35-39,2,70%OFF,studio CLIP 【吸放湿性】ウールミックスシアーボートネックシアープルオーバー[プラスサイズあり],990,https://www.dot-st.com/studioclip/disp/item/600659/,https://pdimg.dot-st.com/images/studioclip/goods/itemImg60/600659/item_600659_main_55_1765524497.jpg,SALE,https://www.dot-st.com/disp/ranking/?dispNo=001001003&periodTp=3&ageRange=35-39
2026-08-03,30代後半,35-39,3,50%OFF,Classical Elf ラフなのに品よく見える。軽やかぽこぽこフクレジャガードトップス（半袖）ce1260557,1998,https://www.dot-st.com/classicalelf/disp/item/648357/,https://pdimg.dot-st.com/images/classicalelf/goods/itemImg64/648357/item_648357_main_05_1774235459.jpg,,https://www.dot-st.com/disp/ranking/?dispNo=001001003&periodTp=3&ageRange=35-39
2026-08-03,30代後半,35-39,4,LOWRYS,FARM アシメティアードチュニックＳＳ,6050,https://www.dot-st.com/lowrysfarm/disp/item/1049042/,https://pdimg.dot-st.com/images/lowrysfarm/goods/itemImg104/1049042/item_1049042_main_05_1782896599.jpg,NEW,https://www.dot-st.com/disp/ranking/?dispNo=001001003&periodTp=3&ageRange=35-39
2026-08-03,30代後半,35-39,5,20%OFF,GLOBAL WORK 【FRUITS ZIPPER 鎮西寿々歌さん着用】シルキータッチシアーシャツ5分袖/636672,3591,https://www.dot-st.com/globalwork/disp/item/636672/,https://pdimg.dot-st.com/images/globalwork/goods/itemImg63/636672/item_636672_main_85_1785147763.jpg,NEW / SALE,https://www.dot-st.com/disp/ranking/?dispNo=001001003&periodTp=3&ageRange=35-39
2026-08-03,30代後半,35-39,6,51%OFF,niko and ... トリムレースドッキングTシャツ,2695,https://www.dot-st.com/nikoand/disp/item/741561/,https://pdimg.dot-st.com/images/nikoand/goods/itemImg74/741561/item_741561_main_19_1777346016.jpg,SALE,https://www.dot-st.com/disp/ranking/?dispNo=001001003&periodTp=3&ageRange=35-39
2026-08-03,30代後半,35-39,7,28%OFF,LOWRYS FARM シアーシャツＬＳ／接触冷感・吸水速乾,3960,https://www.dot-st.com/lowrysfarm/disp/item/605853/,https://pdimg.dot-st.com/images/lowrysfarm/goods/itemImg60/605853/item_605853_main_08_1783646299.jpg,SALE,https://www.dot-st.com/disp/ranking/?dispNo=001001003&periodTp=3&ageRange=35-39
2026-08-03,30代後半,35-39,8,35%OFF,LEPSIM パネルレースレイヤーベスト,3542,https://www.dot-st.com/lepsim/disp/item/670543/,https://pdimg.dot-st.com/images/lepsim/goods/itemImg67/670543/item_670543_main_09_1779440314.jpg,SALE,https://www.dot-st.com/disp/ranking/?dispNo=001001003&periodTp=3&ageRange=35-39
2026-08-03,30代後半,35-39,9,GLOBAL,WORK リッチクリーンTシャツ/半袖プリント/636394,3990,https://www.dot-st.com/globalwork/disp/item/636394/,https://pdimg.dot-st.com/images/globalwork/goods/itemImg63/636394/item_636394_main_05_1778238037.jpg,,https://www.dot-st.com/disp/ranking/?dispNo=001001003&periodTp=3&ageRange=35-39
2026-08-03,30代後半,35-39,10,60%OFF,LEPSIM 2WAYレースキャミT,1995,https://www.dot-st.com/lepsim/disp/item/816421/,https://pdimg.dot-st.com/images/lepsim/goods/itemImg81/816421/item_816421_main_18_1780030552.jpg,SALE,https://www.dot-st.com/disp/ranking/?dispNo=001001003&periodTp=3&ageRange=35-39
2026-08-04,20代後半,25-29,1,LOWRYS,FARM アシメティアードチュニックＳＳ,6050,https://www.dot-st.com/lowrysfarm/disp/item/1049042/,https://pdimg.dot-st.com/images/lowrysfarm/goods/itemImg104/1049042/item_1049042_main_05_1782896599.jpg,NEW,https://www.dot-st.com/disp/ranking/?dispNo=001001003&periodTp=3&ageRange=25-29
2026-08-04,20代後半,25-29,2,LOWRYS,FARM シャーリングブラウスフレンチスリーブ,6600,https://www.dot-st.com/lowrysfarm/disp/item/1046442/,https://pdimg.dot-st.com/images/lowrysfarm/goods/itemImg104/1046442/item_1046442_main_22_1781769015.jpg,NEW,https://www.dot-st.com/disp/ranking/?dispNo=001001003&periodTp=3&ageRange=25-29
2026-08-04,20代後半,25-29,3,JEANASIS,シアーワッフルドロストプルオーバーLS,6600,https://www.dot-st.com/jeanasis/disp/item/1067550/,https://pdimg.dot-st.com/images/jeanasis/goods/itemImg106/1067550/item_1067550_main_06_1784196956.jpg,NEW,https://www.dot-st.com/disp/ranking/?dispNo=001001003&periodTp=3&ageRange=25-29
2026-08-04,20代後半,25-29,4,HARE,ストリングリブタンクトップ,3300,https://www.dot-st.com/hare/disp/item/636796/,https://pdimg.dot-st.com/images/hare/goods/itemImg63/636796/item_636796_main_09_1772767891.jpg,,https://www.dot-st.com/disp/ranking/?dispNo=001001003&periodTp=3&ageRange=25-29
2026-08-04,20代後半,25-29,5,30%OFF,LOWRYS FARM シアーシャツＬＳ／接触冷感・吸水速乾,3850,https://www.dot-st.com/lowrysfarm/disp/item/605853/,https://pdimg.dot-st.com/images/lowrysfarm/goods/itemImg60/605853/item_605853_main_08_1783646299.jpg,SALE,https://www.dot-st.com/disp/ranking/?dispNo=001001003&periodTp=3&ageRange=25-29
2026-08-04,20代後半,25-29,6,30%OFF,LOWRYS FARM ヨウリュウシシュウキャミチュニック,4892,https://www.dot-st.com/lowrysfarm/disp/item/903513/,https://pdimg.dot-st.com/images/lowrysfarm/goods/itemImg90/903513/item_903513_main_05_1779789378.jpg,SALE,https://www.dot-st.com/disp/ranking/?dispNo=001001003&periodTp=3&ageRange=25-29
2026-08-04,20代後半,25-29,7,Classical,Elf 大人の配色で、オフィスにも着やすい♪着回し抜群の ランダムリブ 配色ポロトップスce1010636,4998,https://www.dot-st.com/classicalelf/disp/item/859558/,https://pdimg.dot-st.com/images/classicalelf/goods/itemImg85/859558/item_859558_main_50_1780362922.jpg,,https://www.dot-st.com/disp/ranking/?dispNo=001001003&periodTp=3&ageRange=25-29
2026-08-04,20代後半,25-29,8,Classical,Elf ラフなのに品よく見える。軽やかぽこぽこフクレジャガードトップス（半袖）ce1260557,3998,https://www.dot-st.com/classicalelf/disp/item/648357/,https://pdimg.dot-st.com/images/classicalelf/goods/itemImg64/648357/item_648357_main_05_1774235459.jpg,,https://www.dot-st.com/disp/ranking/?dispNo=001001003&periodTp=3&ageRange=25-29
2026-08-04,20代後半,25-29,9,20%OFF,LOWRYS FARM フェザー２ＷＡＹベスト,3520,https://www.dot-st.com/lowrysfarm/disp/item/663172/,https://pdimg.dot-st.com/images/lowrysfarm/goods/itemImg66/663172/item_663172_main_08_1774424745.jpg,SALE,https://www.dot-st.com/disp/ranking/?dispNo=001001003&periodTp=3&ageRange=25-29
2026-08-04,20代後半,25-29,10,20%OFF,LOWRYS FARM ショルダーパフカーディガン５Ｓ,3520,https://www.dot-st.com/lowrysfarm/disp/item/665444/,https://pdimg.dot-st.com/images/lowrysfarm/goods/itemImg66/665444/item_665444_main_10_1774422722.jpg,SALE,https://www.dot-st.com/disp/ranking/?dispNo=001001003&periodTp=3&ageRange=25-29
2026-08-04,30代前半,30-34,1,LOWRYS,FARM アシメティアードチュニックＳＳ,6050,https://www.dot-st.com/lowrysfarm/disp/item/1049042/,https://pdimg.dot-st.com/images/lowrysfarm/goods/itemImg104/1049042/item_1049042_main_05_1782896599.jpg,NEW,https://www.dot-st.com/disp/ranking/?dispNo=001001003&periodTp=3&ageRange=30-34
2026-08-04,30代前半,30-34,2,studio,CLIP レースフードシャツ,5990,https://www.dot-st.com/studioclip/disp/item/1050108/,https://pdimg.dot-st.com/images/studioclip/goods/itemImg105/1050108/item_1050108_main_19_1780280238.jpg,,https://www.dot-st.com/disp/ranking/?dispNo=001001003&periodTp=3&ageRange=30-34
2026-08-04,30代前半,30-34,3,20%OFF,GLOBAL WORK 【FRUITS ZIPPER 鎮西寿々歌さん着用】シルキータッチシアーシャツ5分袖/636672,3591,https://www.dot-st.com/globalwork/disp/item/636672/,https://pdimg.dot-st.com/images/globalwork/goods/itemImg63/636672/item_636672_main_85_1785147763.jpg,NEW / SALE,https://www.dot-st.com/disp/ranking/?dispNo=001001003&periodTp=3&ageRange=30-34
2026-08-04,30代前半,30-34,4,Classical,Elf ラフなのに品よく見える。軽やかぽこぽこフクレジャガードトップス（半袖）ce1260557,3998,https://www.dot-st.com/classicalelf/disp/item/648357/,https://pdimg.dot-st.com/images/classicalelf/goods/itemImg64/648357/item_648357_main_05_1774235459.jpg,,https://www.dot-st.com/disp/ranking/?dispNo=001001003&periodTp=3&ageRange=30-34
2026-08-04,30代前半,30-34,5,GLOBAL,WORK 【FRUITS ZIPPER 鎮西寿々歌さん着用】サラサラDRYスクエアタンク/636753,1980,https://www.dot-st.com/globalwork/disp/item/636753/,https://pdimg.dot-st.com/images/globalwork/goods/itemImg63/636753/item_636753_main_05_1785147369.jpg,,https://www.dot-st.com/disp/ranking/?dispNo=001001003&periodTp=3&ageRange=30-34
2026-08-04,30代前半,30-34,6,GLOBAL,WORK 【FRUITS ZIPPER 鎮西寿々歌さん着用】リッチクリーンプリントT半袖/636780,3490,https://www.dot-st.com/globalwork/disp/item/636780/,https://pdimg.dot-st.com/images/globalwork/goods/itemImg63/636780/item_636780_main_17_1771321159.jpg,,https://www.dot-st.com/disp/ranking/?dispNo=001001003&periodTp=3&ageRange=30-34
2026-08-04,30代前半,30-34,7,12%OFF,HARE チャイナカナグリブニット,6930,https://www.dot-st.com/hare/disp/item/647105/,https://pdimg.dot-st.com/images/hare/goods/itemImg64/647105/item_647105_main_09_1772782119.jpg,SALE,https://www.dot-st.com/disp/ranking/?dispNo=001001003&periodTp=3&ageRange=30-34
2026-08-04,30代前半,30-34,8,40%OFF,LEPSIM 着回し5分袖ブラウス《2点セット》,3300,https://www.dot-st.com/lepsim/disp/item/639519/,https://pdimg.dot-st.com/images/lepsim/goods/itemImg63/639519/item_639519_main_92_1775541189.jpg,SALE,https://www.dot-st.com/disp/ranking/?dispNo=001001003&periodTp=3&ageRange=30-34
2026-08-04,30代前半,30-34,9,30%OFF,LEPSIM パネルレースレイヤーベスト,3850,https://www.dot-st.com/lepsim/disp/item/670543/,https://pdimg.dot-st.com/images/lepsim/goods/itemImg67/670543/item_670543_main_09_1779440314.jpg,SALE,https://www.dot-st.com/disp/ranking/?dispNo=001001003&periodTp=3&ageRange=30-34
2026-08-04,30代前半,30-34,10,LOWRYS,FARM ヨウリュウシシュウノースリーブ,6990,https://www.dot-st.com/lowrysfarm/disp/item/867766/,https://pdimg.dot-st.com/images/lowrysfarm/goods/itemImg86/867766/item_867766_main_05_1779790204.jpg,NEW,https://www.dot-st.com/disp/ranking/?dispNo=001001003&periodTp=3&ageRange=30-34
2026-08-04,30代後半,35-39,1,30%OFF,LEPSIM パネルレースレイヤーベスト,3850,https://www.dot-st.com/lepsim/disp/item/670543/,https://pdimg.dot-st.com/images/lepsim/goods/itemImg67/670543/item_670543_main_09_1779440314.jpg,SALE,https://www.dot-st.com/disp/ranking/?dispNo=001001003&periodTp=3&ageRange=35-39
2026-08-04,30代後半,35-39,2,LOWRYS,FARM アシメティアードチュニックＳＳ,6050,https://www.dot-st.com/lowrysfarm/disp/item/1049042/,https://pdimg.dot-st.com/images/lowrysfarm/goods/itemImg104/1049042/item_1049042_main_05_1782896599.jpg,NEW,https://www.dot-st.com/disp/ranking/?dispNo=001001003&periodTp=3&ageRange=35-39
2026-08-04,30代後半,35-39,3,studio,CLIP レースフードシャツ,5990,https://www.dot-st.com/studioclip/disp/item/1050108/,https://pdimg.dot-st.com/images/studioclip/goods/itemImg105/1050108/item_1050108_main_19_1780280238.jpg,,https://www.dot-st.com/disp/ranking/?dispNo=001001003&periodTp=3&ageRange=35-39
2026-08-04,30代後半,35-39,4,Classical,Elf ラフなのに品よく見える。軽やかぽこぽこフクレジャガードトップス（半袖）ce1260557,3998,https://www.dot-st.com/classicalelf/disp/item/648357/,https://pdimg.dot-st.com/images/classicalelf/goods/itemImg64/648357/item_648357_main_05_1774235459.jpg,,https://www.dot-st.com/disp/ranking/?dispNo=001001003&periodTp=3&ageRange=35-39
2026-08-04,30代後半,35-39,5,LOWRYS,FARM シャーリングブラウスフレンチスリーブ,6600,https://www.dot-st.com/lowrysfarm/disp/item/1046442/,https://pdimg.dot-st.com/images/lowrysfarm/goods/itemImg104/1046442/item_1046442_main_22_1781769015.jpg,NEW,https://www.dot-st.com/disp/ranking/?dispNo=001001003&periodTp=3&ageRange=35-39
2026-08-04,30代後半,35-39,6,40%OFF,LEPSIM 着回し5分袖ブラウス《2点セット》,3300,https://www.dot-st.com/lepsim/disp/item/639519/,https://pdimg.dot-st.com/images/lepsim/goods/itemImg63/639519/item_639519_main_92_1775541189.jpg,SALE,https://www.dot-st.com/disp/ranking/?dispNo=001001003&periodTp=3&ageRange=35-39
2026-08-04,30代後半,35-39,7,50%OFF,LEPSIM 2WAYレースキャミT,2494,https://www.dot-st.com/lepsim/disp/item/816421/,https://pdimg.dot-st.com/images/lepsim/goods/itemImg81/816421/item_816421_main_18_1780030552.jpg,SALE,https://www.dot-st.com/disp/ranking/?dispNo=001001003&periodTp=3&ageRange=35-39
2026-08-04,30代後半,35-39,8,GLOBAL,WORK クロシェレースビスチェ/759908,2990,https://www.dot-st.com/globalwork/disp/item/759908/,https://pdimg.dot-st.com/images/globalwork/goods/itemImg75/759908/item_759908_main_08_1782961513.jpg,NEW,https://www.dot-st.com/disp/ranking/?dispNo=001001003&periodTp=3&ageRange=35-39
2026-08-04,30代後半,35-39,9,20%OFF,GLOBAL WORK 【FRUITS ZIPPER 鎮西寿々歌さん着用】シルキータッチシアーシャツ5分袖/636672,3591,https://www.dot-st.com/globalwork/disp/item/636672/,https://pdimg.dot-st.com/images/globalwork/goods/itemImg63/636672/item_636672_main_85_1785147763.jpg,NEW / SALE,https://www.dot-st.com/disp/ranking/?dispNo=001001003&periodTp=3&ageRange=35-39
2026-08-04,30代後半,35-39,10,50%OFF,LEPSIM レースレイヤードキャミチュニック,2494,https://www.dot-st.com/lepsim/disp/item/647490/,https://pdimg.dot-st.com/images/lepsim/goods/itemImg64/647490/item_647490_main_09_1773059211.jpg,SALE,https://www.dot-st.com/disp/ranking/?dispNo=001001003&periodTp=3&ageRange=35-39
2026-08-05,20代後半,25-29,1,LOWRYS,FARM シャーリングブラウスフレンチスリーブ,6600,https://www.dot-st.com/lowrysfarm/disp/item/1046442/,https://pdimg.dot-st.com/images/lowrysfarm/goods/itemImg104/1046442/item_1046442_main_22_1781769015.jpg,NEW,https://www.dot-st.com/disp/ranking/?dispNo=001001003&periodTp=3&ageRange=25-29
2026-08-05,20代後半,25-29,2,LEPSIM,【310企画】310/リバーシブルビスチェ付きT,6600,https://www.dot-st.com/lepsim/disp/item/656761/,https://pdimg.dot-st.com/images/lepsim/goods/itemImg65/656761/item_656761_main_82_1784688205.jpg,NEW,https://www.dot-st.com/disp/ranking/?dispNo=001001003&periodTp=3&ageRange=25-29
2026-08-05,20代後半,25-29,3,PAGEBOY,【】スカシリーフニットボレロ,6990,https://www.dot-st.com/pageboy/disp/item/414159/,https://pdimg.dot-st.com/images/pageboy/goods/itemImg41/414159/item_414159_main_09_1780305257.jpg,再入荷,https://www.dot-st.com/disp/ranking/?dispNo=001001003&periodTp=3&ageRange=25-29
2026-08-05,20代後半,25-29,4,HARE,【長袖から5分袖まで変化できる】スパンコールレースパーカー,16940,https://www.dot-st.com/hare/disp/item/670665/,https://pdimg.dot-st.com/images/hare/goods/itemImg67/670665/item_670665_main_05_1775098521.jpg,,https://www.dot-st.com/disp/ranking/?dispNo=001001003&periodTp=3&ageRange=25-29
2026-08-05,20代後半,25-29,5,LOWRYS,FARM アシメティアードチュニックＳＳ,6050,https://www.dot-st.com/lowrysfarm/disp/item/1049042/,https://pdimg.dot-st.com/images/lowrysfarm/goods/itemImg104/1049042/item_1049042_main_05_1782896599.jpg,NEW,https://www.dot-st.com/disp/ranking/?dispNo=001001003&periodTp=3&ageRange=25-29
2026-08-05,20代後半,25-29,6,20%OFF,LOWRYS FARM ペプラムチュニックＳＳ,4840,https://www.dot-st.com/lowrysfarm/disp/item/660871/,https://pdimg.dot-st.com/images/lowrysfarm/goods/itemImg66/660871/item_660871_main_06_1783645877.jpg,SALE,https://www.dot-st.com/disp/ranking/?dispNo=001001003&periodTp=3&ageRange=25-29
2026-08-05,20代後半,25-29,7,HARE,フリルシアーシャツ,9900,https://www.dot-st.com/hare/disp/item/1052808/,https://pdimg.dot-st.com/images/hare/goods/itemImg105/1052808/item_1052808_main_38_1784770183.jpg,NEW,https://www.dot-st.com/disp/ranking/?dispNo=001001003&periodTp=3&ageRange=25-29
2026-08-05,20代後半,25-29,8,JEANASIS,シアーワッフルドロストプルオーバーLS,6600,https://www.dot-st.com/jeanasis/disp/item/1067550/,https://pdimg.dot-st.com/images/jeanasis/goods/itemImg106/1067550/item_1067550_main_06_1784196956.jpg,NEW,https://www.dot-st.com/disp/ranking/?dispNo=001001003&periodTp=3&ageRange=25-29
2026-08-05,20代後半,25-29,9,30%OFF,LOWRYS FARM ヨウリュウシシュウキャミチュニック,4892,https://www.dot-st.com/lowrysfarm/disp/item/903513/,https://pdimg.dot-st.com/images/lowrysfarm/goods/itemImg90/903513/item_903513_main_05_1779789378.jpg,SALE,https://www.dot-st.com/disp/ranking/?dispNo=001001003&periodTp=3&ageRange=25-29
2026-08-05,20代後半,25-29,10,ADAM,ET ROPE’ モヘアミックス オーバーサイズ クルーネックカーディガン,17930,https://www.dot-st.com/adametrope/disp/item/627248/,https://pdimg.dot-st.com/images/adametrope/goods/itemImg62/627248/item_627248_main_30_2025122304.jpg,,https://www.dot-st.com/disp/ranking/?dispNo=001001003&periodTp=3&ageRange=25-29
2026-08-05,30代前半,30-34,1,LEPSIM,【310企画】310/リバーシブルビスチェ付きT,6600,https://www.dot-st.com/lepsim/disp/item/656761/,https://pdimg.dot-st.com/images/lepsim/goods/itemImg65/656761/item_656761_main_82_1784688205.jpg,NEW,https://www.dot-st.com/disp/ranking/?dispNo=001001003&periodTp=3&ageRange=30-34
2026-08-05,30代前半,30-34,2,LOWRYS,FARM シャーリングブラウスフレンチスリーブ,6600,https://www.dot-st.com/lowrysfarm/disp/item/1046442/,https://pdimg.dot-st.com/images/lowrysfarm/goods/itemImg104/1046442/item_1046442_main_22_1781769015.jpg,NEW,https://www.dot-st.com/disp/ranking/?dispNo=001001003&periodTp=3&ageRange=30-34
2026-08-05,30代前半,30-34,3,LOWRYS,FARM アシメティアードチュニックＳＳ,6050,https://www.dot-st.com/lowrysfarm/disp/item/1049042/,https://pdimg.dot-st.com/images/lowrysfarm/goods/itemImg104/1049042/item_1049042_main_05_1782896599.jpg,NEW,https://www.dot-st.com/disp/ranking/?dispNo=001001003&periodTp=3&ageRange=30-34
2026-08-05,30代前半,30-34,4,20%OFF,LOWRYS FARM ペプラムチュニックＳＳ,4840,https://www.dot-st.com/lowrysfarm/disp/item/660871/,https://pdimg.dot-st.com/images/lowrysfarm/goods/itemImg66/660871/item_660871_main_06_1783645877.jpg,SALE,https://www.dot-st.com/disp/ranking/?dispNo=001001003&periodTp=3&ageRange=30-34
2026-08-05,30代前半,30-34,5,Curensology,【】ノルディックフードベスト,31900,https://www.dot-st.com/curensology/disp/item/659094/,https://pdimg.dot-st.com/images/curensology/goods/itemImg65/659094/item_659094_main_15_1785299705.jpg,NEW / 予約,https://www.dot-st.com/disp/ranking/?dispNo=001001003&periodTp=3&ageRange=30-34
2026-08-05,30代前半,30-34,6,40%OFF,LOWRYS FARM シャーリングチュニックフレンチスリーブ,3630,https://www.dot-st.com/lowrysfarm/disp/item/581468/,https://pdimg.dot-st.com/images/lowrysfarm/goods/itemImg58/581468/item_581468_main_08_1776892278.jpg,SALE,https://www.dot-st.com/disp/ranking/?dispNo=001001003&periodTp=3&ageRange=30-34
2026-08-05,30代前半,30-34,7,LEPSIM,《生産余剰分・数量限定販売》【みわたら企画】水陸ラッシュガード,8990,https://www.dot-st.com/lepsim/disp/item/660049/,https://pdimg.dot-st.com/images/lepsim/goods/itemImg66/660049/item_660049_main_18_1773369281.jpg,,https://www.dot-st.com/disp/ranking/?dispNo=001001003&periodTp=3&ageRange=30-34
2026-08-05,30代前半,30-34,8,20%OFF,LEPSIM シアーレースレイヤードT,3991,https://www.dot-st.com/lepsim/disp/item/887658/,https://pdimg.dot-st.com/images/lepsim/goods/itemImg88/887658/item_887658_main_19_1780017522.jpg,SALE,https://www.dot-st.com/disp/ranking/?dispNo=001001003&periodTp=3&ageRange=30-34
2026-08-05,30代前半,30-34,9,25%OFF,HARE 【SET UP対応 接触冷感】カタアキトロミショートシャツ,5940,https://www.dot-st.com/hare/disp/item/646515/,https://pdimg.dot-st.com/images/hare/goods/itemImg64/646515/item_646515_main_65_1777002561.jpg,SALE,https://www.dot-st.com/disp/ranking/?dispNo=001001003&periodTp=3&ageRange=30-34
2026-08-05,30代前半,30-34,10,LEPSIM,シアー刺繍リブシャツカーディガン,6600,https://www.dot-st.com/lepsim/disp/item/1042907/,https://pdimg.dot-st.com/images/lepsim/goods/itemImg104/1042907/item_1042907_main_18_1784166625.jpg,NEW,https://www.dot-st.com/disp/ranking/?dispNo=001001003&periodTp=3&ageRange=30-34
2026-08-05,30代後半,35-39,1,LEPSIM,【310企画】310/リバーシブルビスチェ付きT,6600,https://www.dot-st.com/lepsim/disp/item/656761/,https://pdimg.dot-st.com/images/lepsim/goods/itemImg65/656761/item_656761_main_82_1784688205.jpg,NEW,https://www.dot-st.com/disp/ranking/?dispNo=001001003&periodTp=3&ageRange=35-39
2026-08-05,30代後半,35-39,2,LEPSIM,《生産余剰分・数量限定販売》【みわたら企画】水陸ラッシュガード,8990,https://www.dot-st.com/lepsim/disp/item/660049/,https://pdimg.dot-st.com/images/lepsim/goods/itemImg66/660049/item_660049_main_18_1773369281.jpg,,https://www.dot-st.com/disp/ranking/?dispNo=001001003&periodTp=3&ageRange=35-39
2026-08-05,30代後半,35-39,3,GLOBAL,WORK 【FRUITS ZIPPER 鎮西寿々歌さん着用】サラサラDRYスクエアタンク/636753,1980,https://www.dot-st.com/globalwork/disp/item/636753/,https://pdimg.dot-st.com/images/globalwork/goods/itemImg63/636753/item_636753_main_05_1785147369.jpg,,https://www.dot-st.com/disp/ranking/?dispNo=001001003&periodTp=3&ageRange=35-39
2026-08-05,30代後半,35-39,4,20%OFF,LEPSIM シアーレースレイヤードT,3991,https://www.dot-st.com/lepsim/disp/item/887658/,https://pdimg.dot-st.com/images/lepsim/goods/itemImg88/887658/item_887658_main_19_1780017522.jpg,SALE,https://www.dot-st.com/disp/ranking/?dispNo=001001003&periodTp=3&ageRange=35-39
2026-08-05,30代後半,35-39,5,30%OFF,LEPSIM マルメリドルマン5分袖シャツ,3850,https://www.dot-st.com/lepsim/disp/item/681282/,https://pdimg.dot-st.com/images/lepsim/goods/itemImg68/681282/item_681282_main_53_1775533487.jpg,SALE,https://www.dot-st.com/disp/ranking/?dispNo=001001003&periodTp=3&ageRange=35-39
2026-08-05,30代後半,35-39,6,LOWRYS,FARM シャーリングブラウスフレンチスリーブ,6600,https://www.dot-st.com/lowrysfarm/disp/item/1046442/,https://pdimg.dot-st.com/images/lowrysfarm/goods/itemImg104/1046442/item_1046442_main_22_1781769015.jpg,NEW,https://www.dot-st.com/disp/ranking/?dispNo=001001003&periodTp=3&ageRange=35-39
2026-08-05,30代後半,35-39,7,LEPSIM,2WAY柄シアー長袖シャツ,5500,https://www.dot-st.com/lepsim/disp/item/664892/,https://pdimg.dot-st.com/images/lepsim/goods/itemImg66/664892/item_664892_main_52_1784718032.jpg,,https://www.dot-st.com/disp/ranking/?dispNo=001001003&periodTp=3&ageRange=35-39
2026-08-05,30代後半,35-39,8,10%OFF,GLOBAL WORK 【FRUITS ZIPPER 鎮西寿々歌さん着用】リッチクリーンプリントT半袖/636780,3140,https://www.dot-st.com/globalwork/disp/item/636780/,https://pdimg.dot-st.com/images/globalwork/goods/itemImg63/636780/item_636780_main_17_1771321159.jpg,SALE,https://www.dot-st.com/disp/ranking/?dispNo=001001003&periodTp=3&ageRange=35-39
2026-08-05,30代後半,35-39,9,BABYLONE,【柳橋唯さんYouTube紹介アイテム】ICE FABRICカットソー,9350,https://www.dot-st.com/babylone/disp/item/829358/,https://pdimg.dot-st.com/images/babylone/goods/itemImg82/829358/item_829358_main_10_1784866532.jpg,NEW,https://www.dot-st.com/disp/ranking/?dispNo=001001003&periodTp=3&ageRange=35-39
2026-08-05,30代後半,35-39,10,20%OFF,LEPSIM カラーロゴTEE,3520,https://www.dot-st.com/lepsim/disp/item/1049028/,https://pdimg.dot-st.com/images/lepsim/goods/itemImg104/1049028/item_1049028_main_25_1782356094.jpg,SALE,https://www.dot-st.com/disp/ranking/?dispNo=001001003&periodTp=3&ageRange=35-39
2026-08-06,20代後半,25-29,1,LOWRYS,FARM TOY STORY(トイ・ストーリー)/プリントTシャツ,4990,https://www.dot-st.com/lowrysfarm/disp/item/839513/,https://pdimg.dot-st.com/images/lowrysfarm/goods/itemImg83/839513/item_839513_main_05_1781593867.jpg,NEW,https://www.dot-st.com/disp/ranking/?dispNo=001001003&periodTp=3&ageRange=25-29
2026-08-06,20代後半,25-29,2,LOWRYS,FARM シャーリングブラウスフレンチスリーブ,6600,https://www.dot-st.com/lowrysfarm/disp/item/1046442/,https://pdimg.dot-st.com/images/lowrysfarm/goods/itemImg104/1046442/item_1046442_main_22_1781769015.jpg,NEW,https://www.dot-st.com/disp/ranking/?dispNo=001001003&periodTp=3&ageRange=25-29
2026-08-06,20代後半,25-29,3,RAGEBLUE,TOY STORY(トイ・ストーリー)/加工プリントTシャツ,5990,https://www.dot-st.com/rageblue/disp/item/1049345/,https://pdimg.dot-st.com/images/rageblue/goods/itemImg104/1049345/item_1049345_main_12_1785045782.jpg,NEW,https://www.dot-st.com/disp/ranking/?dispNo=001001003&periodTp=3&ageRange=25-29
2026-08-06,20代後半,25-29,4,LOWRYS,FARM LFM(U) /TOY STORY(トイ・ストーリー)/プリントＴＥＥ,5500,https://www.dot-st.com/lowrysfarm/disp/item/878229/,https://pdimg.dot-st.com/images/lowrysfarm/goods/itemImg87/878229/item_878229_main_06_1781676464.jpg,NEW,https://www.dot-st.com/disp/ranking/?dispNo=001001003&periodTp=3&ageRange=25-29
2026-08-06,20代後半,25-29,5,mysty,woman 【トイ・ストーリー】キャラクタープリントTシャツ,6600,https://www.dot-st.com/mystywoman/disp/item/1051327/,https://pdimg.dot-st.com/images/mystywoman/goods/itemImg105/1051327/item_1051327_main_03_1782279455.jpg,NEW,https://www.dot-st.com/disp/ranking/?dispNo=001001003&periodTp=3&ageRange=25-29
2026-08-06,20代後半,25-29,6,GLOBAL,WORK TOY STORY 5(トイ・ストーリー5)/刺繍チェック長袖シャツ/812553,5490,https://www.dot-st.com/globalwork/disp/item/812553/,https://pdimg.dot-st.com/images/globalwork/goods/itemImg81/812553/item_812553_main_58_1785207013.jpg,NEW,https://www.dot-st.com/disp/ranking/?dispNo=001001003&periodTp=3&ageRange=25-29
2026-08-06,20代後半,25-29,7,HARE,【新世紀エヴァンゲリオン×HARE】シアーカットLS,8910,https://www.dot-st.com/hare/disp/item/1023238/,https://pdimg.dot-st.com/images/hare/goods/itemImg102/1023238/item_1023238_main_05_1784632958.jpg,NEW,https://www.dot-st.com/disp/ranking/?dispNo=001001003&periodTp=3&ageRange=25-29
2026-08-06,20代後半,25-29,8,JEANASIS,シアーワッフルドロストプルオーバーLS,6600,https://www.dot-st.com/jeanasis/disp/item/1067550/,https://pdimg.dot-st.com/images/jeanasis/goods/itemImg106/1067550/item_1067550_main_06_1784196956.jpg,NEW,https://www.dot-st.com/disp/ranking/?dispNo=001001003&periodTp=3&ageRange=25-29
2026-08-06,20代後半,25-29,9,GLOBAL,WORK TOY STORY 5(トイ・ストーリー5)/ヘビロッTEE/812422,3990,https://www.dot-st.com/globalwork/disp/item/812422/,https://pdimg.dot-st.com/images/globalwork/goods/itemImg81/812422/item_812422_main_09_1785216538.jpg,NEW,https://www.dot-st.com/disp/ranking/?dispNo=001001003&periodTp=3&ageRange=25-29
2026-08-06,20代後半,25-29,10,22%OFF,PAGEBOY 【接触冷感/汗じみ防止/SETUP対応】ドラバスウエストベルトショートスリーブジャケット,6990,https://www.dot-st.com/pageboy/disp/item/1046888/,https://pdimg.dot-st.com/images/pageboy/goods/itemImg104/1046888/item_1046888_main_18_1782960290.jpg,NEW / SALE,https://www.dot-st.com/disp/ranking/?dispNo=001001003&periodTp=3&ageRange=25-29
2026-08-06,30代前半,30-34,1,LOWRYS,FARM TOY STORY(トイ・ストーリー)/プリントTシャツ,4990,https://www.dot-st.com/lowrysfarm/disp/item/839513/,https://pdimg.dot-st.com/images/lowrysfarm/goods/itemImg83/839513/item_839513_main_05_1781593867.jpg,NEW,https://www.dot-st.com/disp/ranking/?dispNo=001001003&periodTp=3&ageRange=30-34
2026-08-06,30代前半,30-34,2,GLOBAL,WORK TOY STORY 5(トイ・ストーリー5)/ヘビロッTEE/812422,3990,https://www.dot-st.com/globalwork/disp/item/812422/,https://pdimg.dot-st.com/images/globalwork/goods/itemImg81/812422/item_812422_main_09_1785216538.jpg,NEW,https://www.dot-st.com/disp/ranking/?dispNo=001001003&periodTp=3&ageRange=30-34
2026-08-06,30代前半,30-34,3,RAGEBLUE,TOY STORY(トイ・ストーリー)/加工プリントTシャツ,5990,https://www.dot-st.com/rageblue/disp/item/1049345/,https://pdimg.dot-st.com/images/rageblue/goods/itemImg104/1049345/item_1049345_main_12_1785045782.jpg,NEW,https://www.dot-st.com/disp/ranking/?dispNo=001001003&periodTp=3&ageRange=30-34
2026-08-06,30代前半,30-34,4,mysty,woman 【トイ・ストーリー】キャラクタープリントTシャツ,6600,https://www.dot-st.com/mystywoman/disp/item/1051327/,https://pdimg.dot-st.com/images/mystywoman/goods/itemImg105/1051327/item_1051327_main_03_1782279455.jpg,NEW,https://www.dot-st.com/disp/ranking/?dispNo=001001003&periodTp=3&ageRange=30-34
2026-08-06,30代前半,30-34,5,LOWRYS,FARM アシメティアードチュニックＳＳ,6050,https://www.dot-st.com/lowrysfarm/disp/item/1049042/,https://pdimg.dot-st.com/images/lowrysfarm/goods/itemImg104/1049042/item_1049042_main_05_1782896599.jpg,NEW,https://www.dot-st.com/disp/ranking/?dispNo=001001003&periodTp=3&ageRange=30-34
2026-08-06,30代前半,30-34,6,JEANASIS,シアーワッフルドロストプルオーバーLS,6600,https://www.dot-st.com/jeanasis/disp/item/1067550/,https://pdimg.dot-st.com/images/jeanasis/goods/itemImg106/1067550/item_1067550_main_06_1784196956.jpg,NEW,https://www.dot-st.com/disp/ranking/?dispNo=001001003&periodTp=3&ageRange=30-34
2026-08-06,30代前半,30-34,7,BAYFLOW,TOY STORY(トイ・ストーリー)/ピザブラネットTシャツ（WOMEN）,5990,https://www.dot-st.com/bayflow/disp/item/805706/,https://pdimg.dot-st.com/images/bayflow/goods/itemImg80/805706/item_805706_main_11_1782727462.jpg,NEW,https://www.dot-st.com/disp/ranking/?dispNo=001001003&periodTp=3&ageRange=30-34
2026-08-06,30代前半,30-34,8,LOWRYS,FARM シャーリングブラウスフレンチスリーブ,6600,https://www.dot-st.com/lowrysfarm/disp/item/1046442/,https://pdimg.dot-st.com/images/lowrysfarm/goods/itemImg104/1046442/item_1046442_main_22_1781769015.jpg,NEW,https://www.dot-st.com/disp/ranking/?dispNo=001001003&periodTp=3&ageRange=30-34
2026-08-06,30代前半,30-34,9,LOWRYS,FARM LFM(U) /TOY STORY(トイ・ストーリー)/プリントＴＥＥ,5500,https://www.dot-st.com/lowrysfarm/disp/item/878229/,https://pdimg.dot-st.com/images/lowrysfarm/goods/itemImg87/878229/item_878229_main_06_1781676464.jpg,NEW,https://www.dot-st.com/disp/ranking/?dispNo=001001003&periodTp=3&ageRange=30-34
2026-08-06,30代前半,30-34,10,GLOBAL,WORK TOY STORY 5(トイ・ストーリー5)/刺繍チェック長袖シャツ/812553,5490,https://www.dot-st.com/globalwork/disp/item/812553/,https://pdimg.dot-st.com/images/globalwork/goods/itemImg81/812553/item_812553_main_58_1785207013.jpg,NEW,https://www.dot-st.com/disp/ranking/?dispNo=001001003&periodTp=3&ageRange=30-34
2026-08-06,30代後半,35-39,1,LOWRYS,FARM TOY STORY(トイ・ストーリー)/プリントTシャツ,4990,https://www.dot-st.com/lowrysfarm/disp/item/839513/,https://pdimg.dot-st.com/images/lowrysfarm/goods/itemImg83/839513/item_839513_main_05_1781593867.jpg,NEW,https://www.dot-st.com/disp/ranking/?dispNo=001001003&periodTp=3&ageRange=35-39
2026-08-06,30代後半,35-39,2,GLOBAL,WORK TOY STORY 5(トイ・ストーリー5)/ヘビロッTEE/812422,3990,https://www.dot-st.com/globalwork/disp/item/812422/,https://pdimg.dot-st.com/images/globalwork/goods/itemImg81/812422/item_812422_main_09_1785216538.jpg,NEW,https://www.dot-st.com/disp/ranking/?dispNo=001001003&periodTp=3&ageRange=35-39
2026-08-06,30代後半,35-39,3,RAGEBLUE,TOY STORY(トイ・ストーリー)/加工プリントTシャツ,5990,https://www.dot-st.com/rageblue/disp/item/1049345/,https://pdimg.dot-st.com/images/rageblue/goods/itemImg104/1049345/item_1049345_main_12_1785045782.jpg,NEW,https://www.dot-st.com/disp/ranking/?dispNo=001001003&periodTp=3&ageRange=35-39
2026-08-06,30代後半,35-39,4,LOWRYS,FARM アシメティアードチュニックＳＳ,6050,https://www.dot-st.com/lowrysfarm/disp/item/1049042/,https://pdimg.dot-st.com/images/lowrysfarm/goods/itemImg104/1049042/item_1049042_main_05_1782896599.jpg,NEW,https://www.dot-st.com/disp/ranking/?dispNo=001001003&periodTp=3&ageRange=35-39
2026-08-06,30代後半,35-39,5,LEPSIM,【310企画】310/リバーシブルビスチェ付きT,6600,https://www.dot-st.com/lepsim/disp/item/656761/,https://pdimg.dot-st.com/images/lepsim/goods/itemImg65/656761/item_656761_main_82_1784688205.jpg,NEW,https://www.dot-st.com/disp/ranking/?dispNo=001001003&periodTp=3&ageRange=35-39
2026-08-06,30代後半,35-39,6,mysty,woman 【トイ・ストーリー】キャラクタープリントTシャツ,6600,https://www.dot-st.com/mystywoman/disp/item/1051327/,https://pdimg.dot-st.com/images/mystywoman/goods/itemImg105/1051327/item_1051327_main_03_1782279455.jpg,NEW,https://www.dot-st.com/disp/ranking/?dispNo=001001003&periodTp=3&ageRange=35-39
2026-08-06,30代後半,35-39,7,GLOBAL,WORK TOY STORY 5(トイ・ストーリー5)/刺繍チェック長袖シャツ/812553,5490,https://www.dot-st.com/globalwork/disp/item/812553/,https://pdimg.dot-st.com/images/globalwork/goods/itemImg81/812553/item_812553_main_58_1785207013.jpg,NEW,https://www.dot-st.com/disp/ranking/?dispNo=001001003&periodTp=3&ageRange=35-39
2026-08-06,30代後半,35-39,8,GLOBAL,WORK GOODデニムシャツ半袖/655908,4990,https://www.dot-st.com/globalwork/disp/item/655908/,https://pdimg.dot-st.com/images/globalwork/goods/itemImg65/655908/item_655908_main_86_1777600034.jpg,,https://www.dot-st.com/disp/ranking/?dispNo=001001003&periodTp=3&ageRange=35-39
2026-08-06,30代後半,35-39,9,44%OFF,BONJOUR SAGAN ペプラムフリルTee / フレンチスリーブフリルプルオーバー,1991,https://www.dot-st.com/bonjoursagan/disp/item/679995/,https://pdimg.dot-st.com/images/bonjoursagan/goods/itemImg67/679995/item_679995_main_53_1773718010.jpg,,https://www.dot-st.com/disp/ranking/?dispNo=001001003&periodTp=3&ageRange=35-39
2026-08-06,30代後半,35-39,10,LEPSIM,2WAY柄シアー長袖シャツ,5500,https://www.dot-st.com/lepsim/disp/item/664892/,https://pdimg.dot-st.com/images/lepsim/goods/itemImg66/664892/item_664892_main_50_1784718222.jpg,,https://www.dot-st.com/disp/ranking/?dispNo=001001003&periodTp=3&ageRange=35-39
2026-08-07,20代後半,25-29,1,LOWRYS,FARM シャーリングブラウスフレンチスリーブ,6600,https://www.dot-st.com/lowrysfarm/disp/item/1046442/,https://pdimg.dot-st.com/images/lowrysfarm/goods/itemImg104/1046442/item_1046442_main_22_1781769015.jpg,NEW,https://www.dot-st.com/disp/ranking/?dispNo=001001003&periodTp=3&ageRange=25-29
2026-08-07,20代後半,25-29,2,BRILL,サイズ展開スタート【】パーフェクトシャツ,36300,https://www.dot-st.com/brill/disp/item/655831/,https://pdimg.dot-st.com/images/brill/goods/itemImg65/655831/item_655831_main_86_1783909510.jpg,NEW,https://www.dot-st.com/disp/ranking/?dispNo=001001003&periodTp=3&ageRange=25-29
2026-08-07,20代後半,25-29,3,HARE,【WEB】マルチカラータイトカーディガン,8910,https://www.dot-st.com/hare/disp/item/812567/,https://pdimg.dot-st.com/images/hare/goods/itemImg81/812567/item_812567_main_39_1784279465.jpg,NEW / 予約,https://www.dot-st.com/disp/ranking/?dispNo=001001003&periodTp=3&ageRange=25-29
2026-08-07,20代後半,25-29,4,JEANASIS,シアーワッフルドロストプルオーバーLS,6600,https://www.dot-st.com/jeanasis/disp/item/1067550/,https://pdimg.dot-st.com/images/jeanasis/goods/itemImg106/1067550/item_1067550_main_06_1784196956.jpg,NEW,https://www.dot-st.com/disp/ranking/?dispNo=001001003&periodTp=3&ageRange=25-29
2026-08-07,20代後半,25-29,5,28%OFF,GLOBAL WORK 【FRUITS ZIPPER 鎮西寿々歌さん着用】リッチクリーンプリントT半袖/636780,2512,https://www.dot-st.com/globalwork/disp/item/636780/,https://pdimg.dot-st.com/images/globalwork/goods/itemImg63/636780/item_636780_main_17_1771321159.jpg,SALE,https://www.dot-st.com/disp/ranking/?dispNo=001001003&periodTp=3&ageRange=25-29
2026-08-07,20代後半,25-29,6,LOWRYS,FARM ドレーププルオーバーＳＳ,4400,https://www.dot-st.com/lowrysfarm/disp/item/1053677/,https://pdimg.dot-st.com/images/lowrysfarm/goods/itemImg105/1053677/item_1053677_main_08_1784101212.jpg,,https://www.dot-st.com/disp/ranking/?dispNo=001001003&periodTp=3&ageRange=25-29
2026-08-07,20代後半,25-29,7,RAGEBLUE,TOY STORY(トイ・ストーリー)/加工プリントTシャツ,5990,https://www.dot-st.com/rageblue/disp/item/1049345/,https://pdimg.dot-st.com/images/rageblue/goods/itemImg104/1049345/item_1049345_main_12_1785045782.jpg,NEW,https://www.dot-st.com/disp/ranking/?dispNo=001001003&periodTp=3&ageRange=25-29
2026-08-07,20代後半,25-29,8,HARE,【＋10%ポイント付与キャンペーン対象 WEB】シシュウダンボールパーカー,11000,https://www.dot-st.com/hare/disp/item/1063459/,https://pdimg.dot-st.com/images/hare/goods/itemImg106/1063459/item_1063459_main_85_1784278788.jpg,NEW / 予約,https://www.dot-st.com/disp/ranking/?dispNo=001001003&periodTp=3&ageRange=25-29
2026-08-07,20代後半,25-29,9,niko,and ... ハイカロリーラグランTシャツ,4000,https://www.dot-st.com/nikoand/disp/item/654215/,https://pdimg.dot-st.com/images/nikoand/goods/itemImg65/654215/item_654215_main_88_1773727342.jpg,SALE,https://www.dot-st.com/disp/ranking/?dispNo=001001003&periodTp=3&ageRange=25-29
2026-08-07,20代後半,25-29,10,JEANASIS,シアージャガードシャーリングシャツSS,7190,https://www.dot-st.com/jeanasis/disp/item/859249/,https://pdimg.dot-st.com/images/jeanasis/goods/itemImg85/859249/item_859249_main_82_1778238768.jpg,,https://www.dot-st.com/disp/ranking/?dispNo=001001003&periodTp=3&ageRange=25-29
2026-08-07,30代前半,30-34,1,28%OFF,GLOBAL WORK 【FRUITS ZIPPER 鎮西寿々歌さん着用】リッチクリーンプリントT半袖/636780,2512,https://www.dot-st.com/globalwork/disp/item/636780/,https://pdimg.dot-st.com/images/globalwork/goods/itemImg63/636780/item_636780_main_17_1771321159.jpg,SALE,https://www.dot-st.com/disp/ranking/?dispNo=001001003&periodTp=3&ageRange=30-34
2026-08-07,30代前半,30-34,2,JEANASIS,シアーワッフルドロストプルオーバーLS,6600,https://www.dot-st.com/jeanasis/disp/item/1067550/,https://pdimg.dot-st.com/images/jeanasis/goods/itemImg106/1067550/item_1067550_main_06_1784196956.jpg,NEW,https://www.dot-st.com/disp/ranking/?dispNo=001001003&periodTp=3&ageRange=30-34
2026-08-07,30代前半,30-34,3,niko,and ... ハイカロリーラグランTシャツ,4000,https://www.dot-st.com/nikoand/disp/item/654215/,https://pdimg.dot-st.com/images/nikoand/goods/itemImg65/654215/item_654215_main_88_1773727342.jpg,SALE,https://www.dot-st.com/disp/ranking/?dispNo=001001003&periodTp=3&ageRange=30-34
2026-08-07,30代前半,30-34,4,30%OFF,niko and ... インド刺繍フレアブラウス,4199,https://www.dot-st.com/nikoand/disp/item/662015/,https://pdimg.dot-st.com/images/nikoand/goods/itemImg66/662015/item_662015_main_11_1780372554.jpg,SALE,https://www.dot-st.com/disp/ranking/?dispNo=001001003&periodTp=3&ageRange=30-34
2026-08-07,30代前半,30-34,5,44%OFF,GLOBAL WORK ひんやり涼しい/フローズン袖フレアプルオーバー半袖/680557,2234,https://www.dot-st.com/globalwork/disp/item/680557/,https://pdimg.dot-st.com/images/globalwork/goods/itemImg68/680557/item_680557_main_08_1779950817.jpg,SALE,https://www.dot-st.com/disp/ranking/?dispNo=001001003&periodTp=3&ageRange=30-34
2026-08-07,30代前半,30-34,6,GLOBAL,WORK TOY STORY 5(トイ・ストーリー5)/ヘビロッTEE/812422,3990,https://www.dot-st.com/globalwork/disp/item/812422/,https://pdimg.dot-st.com/images/globalwork/goods/itemImg81/812422/item_812422_main_09_1785216538.jpg,NEW,https://www.dot-st.com/disp/ranking/?dispNo=001001003&periodTp=3&ageRange=30-34
2026-08-07,30代前半,30-34,7,LOWRYS,FARM シャーリングブラウスフレンチスリーブ,6600,https://www.dot-st.com/lowrysfarm/disp/item/1046442/,https://pdimg.dot-st.com/images/lowrysfarm/goods/itemImg104/1046442/item_1046442_main_22_1781769015.jpg,NEW,https://www.dot-st.com/disp/ranking/?dispNo=001001003&periodTp=3&ageRange=30-34
2026-08-07,30代前半,30-34,8,LOWRYS,FARM アシメティアードチュニックＳＳ,6050,https://www.dot-st.com/lowrysfarm/disp/item/1049042/,https://pdimg.dot-st.com/images/lowrysfarm/goods/itemImg104/1049042/item_1049042_main_05_1782896599.jpg,NEW,https://www.dot-st.com/disp/ranking/?dispNo=001001003&periodTp=3&ageRange=30-34
2026-08-07,30代前半,30-34,9,28%OFF,GLOBAL WORK エアリーリラックス切り替えペプラム半袖/718860,3231,https://www.dot-st.com/globalwork/disp/item/718860/,https://pdimg.dot-st.com/images/globalwork/goods/itemImg71/718860/item_718860_main_93_1779959311.jpg,SALE,https://www.dot-st.com/disp/ranking/?dispNo=001001003&periodTp=3&ageRange=30-34
2026-08-07,30代前半,30-34,10,28%OFF,GLOBAL WORK 【FRUITS ZIPPER 櫻井優衣さん着用】フェイクレイヤードT半袖/684021,2152,https://www.dot-st.com/globalwork/disp/item/684021/,https://pdimg.dot-st.com/images/globalwork/goods/itemImg68/684021/item_684021_main_09_1782438839.jpg,SALE,https://www.dot-st.com/disp/ranking/?dispNo=001001003&periodTp=3&ageRange=30-34
2026-08-07,30代後半,35-39,1,28%OFF,GLOBAL WORK 【FRUITS ZIPPER 鎮西寿々歌さん着用】リッチクリーンプリントT半袖/636780,2512,https://www.dot-st.com/globalwork/disp/item/636780/,https://pdimg.dot-st.com/images/globalwork/goods/itemImg63/636780/item_636780_main_17_1771321159.jpg,SALE,https://www.dot-st.com/disp/ranking/?dispNo=001001003&periodTp=3&ageRange=35-39
2026-08-07,30代後半,35-39,2,28%OFF,GLOBAL WORK 【FRUITS ZIPPER 櫻井優衣さん着用】フェイクレイヤードT半袖/684021,2152,https://www.dot-st.com/globalwork/disp/item/684021/,https://pdimg.dot-st.com/images/globalwork/goods/itemImg68/684021/item_684021_main_09_1782438839.jpg,SALE,https://www.dot-st.com/disp/ranking/?dispNo=001001003&periodTp=3&ageRange=35-39
2026-08-07,30代後半,35-39,3,30%OFF,niko and ... インド刺繍フレアブラウス,4199,https://www.dot-st.com/nikoand/disp/item/662015/,https://pdimg.dot-st.com/images/nikoand/goods/itemImg66/662015/item_662015_main_11_1780372554.jpg,SALE,https://www.dot-st.com/disp/ranking/?dispNo=001001003&periodTp=3&ageRange=35-39
2026-08-07,30代後半,35-39,4,44%OFF,GLOBAL WORK ひんやり涼しい/フローズン袖フレアプルオーバー半袖/680557,2234,https://www.dot-st.com/globalwork/disp/item/680557/,https://pdimg.dot-st.com/images/globalwork/goods/itemImg68/680557/item_680557_main_08_1779950817.jpg,SALE,https://www.dot-st.com/disp/ranking/?dispNo=001001003&periodTp=3&ageRange=35-39
2026-08-07,30代後半,35-39,5,28%OFF,GLOBAL WORK エアリーリラックス切り替えペプラム半袖/718860,3231,https://www.dot-st.com/globalwork/disp/item/718860/,https://pdimg.dot-st.com/images/globalwork/goods/itemImg71/718860/item_718860_main_93_1779959311.jpg,SALE,https://www.dot-st.com/disp/ranking/?dispNo=001001003&periodTp=3&ageRange=35-39
2026-08-07,30代後半,35-39,6,GLOBAL,WORK TOY STORY 5(トイ・ストーリー5)/ヘビロッTEE/812422,3990,https://www.dot-st.com/globalwork/disp/item/812422/,https://pdimg.dot-st.com/images/globalwork/goods/itemImg81/812422/item_812422_main_09_1785216538.jpg,NEW,https://www.dot-st.com/disp/ranking/?dispNo=001001003&periodTp=3&ageRange=35-39
2026-08-07,30代後半,35-39,7,niko,and ... ハイカロリーラグランTシャツ,4000,https://www.dot-st.com/nikoand/disp/item/654215/,https://pdimg.dot-st.com/images/nikoand/goods/itemImg65/654215/item_654215_main_88_1773727342.jpg,SALE,https://www.dot-st.com/disp/ranking/?dispNo=001001003&periodTp=3&ageRange=35-39
2026-08-07,30代後半,35-39,8,30%OFF,LEPSIM パネルレースレイヤーベスト,3850,https://www.dot-st.com/lepsim/disp/item/670543/,https://pdimg.dot-st.com/images/lepsim/goods/itemImg67/670543/item_670543_main_09_1779440314.jpg,SALE,https://www.dot-st.com/disp/ranking/?dispNo=001001003&periodTp=3&ageRange=35-39
2026-08-07,30代後半,35-39,9,36%OFF,GLOBAL WORK 【FRUITS ZIPPER 鎮西寿々歌さん着用】シルキータッチシアーシャツ5分袖/636672,2873,https://www.dot-st.com/globalwork/disp/item/636672/,https://pdimg.dot-st.com/images/globalwork/goods/itemImg63/636672/item_636672_main_85_1785147763.jpg,SALE,https://www.dot-st.com/disp/ranking/?dispNo=001001003&periodTp=3&ageRange=35-39
2026-08-07,30代後半,35-39,10,20%OFF,niko and ... フーディーレースTシャツ,3599,https://www.dot-st.com/nikoand/disp/item/1047191/,https://pdimg.dot-st.com/images/nikoand/goods/itemImg104/1047191/item_1047191_main_19_1782789400.jpg,SALE,https://www.dot-st.com/disp/ranking/?dispNo=001001003&periodTp=3&ageRange=35-39
2026-08-08,20代後半,25-29,1,LOWRYS,FARM シャーリングブラウスフレンチスリーブ,6600,https://www.dot-st.com/lowrysfarm/disp/item/1046442/,https://pdimg.dot-st.com/images/lowrysfarm/goods/itemImg104/1046442/item_1046442_main_22_1781769015.jpg,NEW,https://www.dot-st.com/disp/ranking/?dispNo=001001003&periodTp=3&ageRange=25-29
2026-08-08,20代後半,25-29,2,20%OFF,LOWRYS FARM ペプラムチュニックＳＳ,4840,https://www.dot-st.com/lowrysfarm/disp/item/660871/,https://pdimg.dot-st.com/images/lowrysfarm/goods/itemImg66/660871/item_660871_main_06_1783645877.jpg,SALE,https://www.dot-st.com/disp/ranking/?dispNo=001001003&periodTp=3&ageRange=25-29
2026-08-08,20代後半,25-29,3,30%OFF,niko and ... インド刺繍フレアブラウス,4199,https://www.dot-st.com/nikoand/disp/item/662015/,https://pdimg.dot-st.com/images/nikoand/goods/itemImg66/662015/item_662015_main_11_1780372554.jpg,SALE,https://www.dot-st.com/disp/ranking/?dispNo=001001003&periodTp=3&ageRange=25-29
2026-08-08,20代後半,25-29,4,HARE,【＋10%ポイント付与キャンペーン対象 WEB】ヘムシャツドッキングニット,9900,https://www.dot-st.com/hare/disp/item/1061287/,https://pdimg.dot-st.com/images/hare/goods/itemImg106/1061287/item_1061287_main_88_1784280677.jpg,予約,https://www.dot-st.com/disp/ranking/?dispNo=001001003&periodTp=3&ageRange=25-29
2026-08-08,20代後半,25-29,5,44%OFF,GLOBAL WORK ひんやり涼しい/フローズン袖フレアプルオーバー半袖/680557,2234,https://www.dot-st.com/globalwork/disp/item/680557/,https://pdimg.dot-st.com/images/globalwork/goods/itemImg68/680557/item_680557_main_08_1779950817.jpg,SALE,https://www.dot-st.com/disp/ranking/?dispNo=001001003&periodTp=3&ageRange=25-29
2026-08-08,20代後半,25-29,6,RAGEBLUE,TOY STORY(トイ・ストーリー)/加工プリントTシャツ,5990,https://www.dot-st.com/rageblue/disp/item/1049345/,https://pdimg.dot-st.com/images/rageblue/goods/itemImg104/1049345/item_1049345_main_12_1785045782.jpg,NEW,https://www.dot-st.com/disp/ranking/?dispNo=001001003&periodTp=3&ageRange=25-29
2026-08-08,20代後半,25-29,7,GLOBAL,WORK TOY STORY 5(トイ・ストーリー5)/ヘビロッTEE/812422,3990,https://www.dot-st.com/globalwork/disp/item/812422/,https://pdimg.dot-st.com/images/globalwork/goods/itemImg81/812422/item_812422_main_09_1785216538.jpg,NEW,https://www.dot-st.com/disp/ranking/?dispNo=001001003&periodTp=3&ageRange=25-29
2026-08-08,20代後半,25-29,8,28%OFF,GLOBAL WORK 【FRUITS ZIPPER 鎮西寿々歌さん着用】リッチクリーンプリントT半袖/636780,2512,https://www.dot-st.com/globalwork/disp/item/636780/,https://pdimg.dot-st.com/images/globalwork/goods/itemImg63/636780/item_636780_main_17_1771321159.jpg,SALE,https://www.dot-st.com/disp/ranking/?dispNo=001001003&periodTp=3&ageRange=25-29
2026-08-08,20代後半,25-29,9,HARE,【長袖から5分袖まで変化できる】スパンコールレースパーカー,16940,https://www.dot-st.com/hare/disp/item/670665/,https://pdimg.dot-st.com/images/hare/goods/itemImg67/670665/item_670665_main_05_1775098521.jpg,,https://www.dot-st.com/disp/ranking/?dispNo=001001003&periodTp=3&ageRange=25-29
2026-08-08,20代後半,25-29,10,40%OFF,BEAUTY＆YOUTH UNITED ARROWS ミラノリブ ショートスリーブ シャツカーディガン ウォッシャブル,8382,https://www.dot-st.com/beautyandyouthunitedarrows/disp/item/864111/,https://pdimg.dot-st.com/images/beautyandyouthunitedarrows/goods/itemImg86/864111/item_864111_main_01_2026062612.jpg,SALE,https://www.dot-st.com/disp/ranking/?dispNo=001001003&periodTp=3&ageRange=25-29
2026-08-08,30代前半,30-34,1,30%OFF,niko and ... インド刺繍フレアブラウス,4199,https://www.dot-st.com/nikoand/disp/item/662015/,https://pdimg.dot-st.com/images/nikoand/goods/itemImg66/662015/item_662015_main_11_1780372554.jpg,SALE,https://www.dot-st.com/disp/ranking/?dispNo=001001003&periodTp=3&ageRange=30-34
2026-08-08,30代前半,30-34,2,28%OFF,GLOBAL WORK 【FRUITS ZIPPER 鎮西寿々歌さん着用】リッチクリーンプリントT半袖/636780,2512,https://www.dot-st.com/globalwork/disp/item/636780/,https://pdimg.dot-st.com/images/globalwork/goods/itemImg63/636780/item_636780_main_17_1771321159.jpg,SALE,https://www.dot-st.com/disp/ranking/?dispNo=001001003&periodTp=3&ageRange=30-34
2026-08-08,30代前半,30-34,3,28%OFF,GLOBAL WORK 【FRUITS ZIPPER 櫻井優衣さん着用】フェイクレイヤードT半袖/684021,2152,https://www.dot-st.com/globalwork/disp/item/684021/,https://pdimg.dot-st.com/images/globalwork/goods/itemImg68/684021/item_684021_main_09_1782438839.jpg,SALE,https://www.dot-st.com/disp/ranking/?dispNo=001001003&periodTp=3&ageRange=30-34
2026-08-08,30代前半,30-34,4,niko,and ... ハイカロリーラグランTシャツ,4000,https://www.dot-st.com/nikoand/disp/item/654215/,https://pdimg.dot-st.com/images/nikoand/goods/itemImg65/654215/item_654215_main_88_1773727342.jpg,SALE,https://www.dot-st.com/disp/ranking/?dispNo=001001003&periodTp=3&ageRange=30-34
2026-08-08,30代前半,30-34,5,44%OFF,GLOBAL WORK ひんやり涼しい/フローズン袖フレアプルオーバー半袖/680557,2234,https://www.dot-st.com/globalwork/disp/item/680557/,https://pdimg.dot-st.com/images/globalwork/goods/itemImg68/680557/item_680557_main_08_1779950817.jpg,SALE,https://www.dot-st.com/disp/ranking/?dispNo=001001003&periodTp=3&ageRange=30-34
2026-08-08,30代前半,30-34,6,28%OFF,GLOBAL WORK エアリーリラックス切り替えペプラム半袖/718860,3231,https://www.dot-st.com/globalwork/disp/item/718860/,https://pdimg.dot-st.com/images/globalwork/goods/itemImg71/718860/item_718860_main_93_1779959311.jpg,SALE,https://www.dot-st.com/disp/ranking/?dispNo=001001003&periodTp=3&ageRange=30-34
2026-08-08,30代前半,30-34,7,30%OFF,Curensology ＜C.S.G＞サークルドットビスチェ,26950,https://www.dot-st.com/curensology/disp/item/582671/,https://pdimg.dot-st.com/images/curensology/goods/itemImg58/582671/item_582671_main_09_1760669790.jpg,SALE,https://www.dot-st.com/disp/ranking/?dispNo=001001003&periodTp=3&ageRange=30-34
2026-08-08,30代前半,30-34,8,LOWRYS,FARM シャーリングブラウスフレンチスリーブ,6600,https://www.dot-st.com/lowrysfarm/disp/item/1046442/,https://pdimg.dot-st.com/images/lowrysfarm/goods/itemImg104/1046442/item_1046442_main_22_1781769015.jpg,NEW,https://www.dot-st.com/disp/ranking/?dispNo=001001003&periodTp=3&ageRange=30-34
2026-08-08,30代前半,30-34,9,LOWRYS,FARM アシメティアードチュニックＳＳ,6050,https://www.dot-st.com/lowrysfarm/disp/item/1049042/,https://pdimg.dot-st.com/images/lowrysfarm/goods/itemImg104/1049042/item_1049042_main_05_1782896599.jpg,NEW,https://www.dot-st.com/disp/ranking/?dispNo=001001003&periodTp=3&ageRange=30-34
2026-08-08,30代前半,30-34,10,20%OFF,LOWRYS FARM ペプラムチュニックＳＳ,4840,https://www.dot-st.com/lowrysfarm/disp/item/660871/,https://pdimg.dot-st.com/images/lowrysfarm/goods/itemImg66/660871/item_660871_main_06_1783645877.jpg,SALE,https://www.dot-st.com/disp/ranking/?dispNo=001001003&periodTp=3&ageRange=30-34
2026-08-08,30代後半,35-39,1,28%OFF,GLOBAL WORK 【FRUITS ZIPPER 鎮西寿々歌さん着用】リッチクリーンプリントT半袖/636780,2512,https://www.dot-st.com/globalwork/disp/item/636780/,https://pdimg.dot-st.com/images/globalwork/goods/itemImg63/636780/item_636780_main_17_1771321159.jpg,SALE,https://www.dot-st.com/disp/ranking/?dispNo=001001003&periodTp=3&ageRange=35-39
2026-08-08,30代後半,35-39,2,28%OFF,GLOBAL WORK 【FRUITS ZIPPER 櫻井優衣さん着用】フェイクレイヤードT半袖/684021,2152,https://www.dot-st.com/globalwork/disp/item/684021/,https://pdimg.dot-st.com/images/globalwork/goods/itemImg68/684021/item_684021_main_09_1782438839.jpg,SALE,https://www.dot-st.com/disp/ranking/?dispNo=001001003&periodTp=3&ageRange=35-39
2026-08-08,30代後半,35-39,3,28%OFF,GLOBAL WORK エアリーリラックス切り替えペプラム半袖/718860,3231,https://www.dot-st.com/globalwork/disp/item/718860/,https://pdimg.dot-st.com/images/globalwork/goods/itemImg71/718860/item_718860_main_93_1779959311.jpg,SALE,https://www.dot-st.com/disp/ranking/?dispNo=001001003&periodTp=3&ageRange=35-39
2026-08-08,30代後半,35-39,4,30%OFF,niko and ... インド刺繍フレアブラウス,4199,https://www.dot-st.com/nikoand/disp/item/662015/,https://pdimg.dot-st.com/images/nikoand/goods/itemImg66/662015/item_662015_main_11_1780372554.jpg,SALE,https://www.dot-st.com/disp/ranking/?dispNo=001001003&periodTp=3&ageRange=35-39
2026-08-08,30代後半,35-39,5,44%OFF,GLOBAL WORK ひんやり涼しい/フローズン袖フレアプルオーバー半袖/680557,2234,https://www.dot-st.com/globalwork/disp/item/680557/,https://pdimg.dot-st.com/images/globalwork/goods/itemImg68/680557/item_680557_main_08_1779950817.jpg,SALE,https://www.dot-st.com/disp/ranking/?dispNo=001001003&periodTp=3&ageRange=35-39
2026-08-08,30代後半,35-39,6,36%OFF,GLOBAL WORK 【FRUITS ZIPPER 鎮西寿々歌さん着用】シルキータッチシアーシャツ5分袖/636672,2873,https://www.dot-st.com/globalwork/disp/item/636672/,https://pdimg.dot-st.com/images/globalwork/goods/itemImg63/636672/item_636672_main_85_1785147763.jpg,SALE,https://www.dot-st.com/disp/ranking/?dispNo=001001003&periodTp=3&ageRange=35-39
2026-08-08,30代後半,35-39,7,RAGEBLUE,TOY STORY(トイ・ストーリー)/加工プリントTシャツ,5990,https://www.dot-st.com/rageblue/disp/item/1049345/,https://pdimg.dot-st.com/images/rageblue/goods/itemImg104/1049345/item_1049345_main_12_1785045782.jpg,NEW,https://www.dot-st.com/disp/ranking/?dispNo=001001003&periodTp=3&ageRange=35-39
2026-08-08,30代後半,35-39,8,LOWRYS,FARM シャーリングブラウスフレンチスリーブ,6600,https://www.dot-st.com/lowrysfarm/disp/item/1046442/,https://pdimg.dot-st.com/images/lowrysfarm/goods/itemImg104/1046442/item_1046442_main_22_1781769015.jpg,NEW,https://www.dot-st.com/disp/ranking/?dispNo=001001003&periodTp=3&ageRange=35-39
2026-08-08,30代後半,35-39,9,niko,and ... ハイカロリーラグランTシャツ,4000,https://www.dot-st.com/nikoand/disp/item/654215/,https://pdimg.dot-st.com/images/nikoand/goods/itemImg65/654215/item_654215_main_88_1773727342.jpg,SALE,https://www.dot-st.com/disp/ranking/?dispNo=001001003&periodTp=3&ageRange=35-39
2026-08-08,30代後半,35-39,10,GLOBAL,WORK 【FRUITS ZIPPER 鎮西寿々歌さん着用】サラサラDRYスクエアタンク/636753,1980,https://www.dot-st.com/globalwork/disp/item/636753/,https://pdimg.dot-st.com/images/globalwork/goods/itemImg63/636753/item_636753_main_05_1785147369.jpg,,https://www.dot-st.com/disp/ranking/?dispNo=001001003&periodTp=3&ageRange=35-39
2026-08-09,20代後半,25-29,1,HARE,【新世紀エヴァンゲリオン×HARE】ラインアートシャツ,13970,https://www.dot-st.com/hare/disp/item/1023254/,https://pdimg.dot-st.com/images/hare/goods/itemImg102/1023254/item_1023254_main_30_1784631805.jpg,,https://www.dot-st.com/disp/ranking/?dispNo=001001003&periodTp=3&ageRange=25-29
2026-08-09,20代後半,25-29,2,28%OFF,GLOBAL WORK 【FRUITS ZIPPER 鎮西寿々歌さん着用】リッチクリーンプリントT半袖/636780,2512,https://www.dot-st.com/globalwork/disp/item/636780/,https://pdimg.dot-st.com/images/globalwork/goods/itemImg63/636780/item_636780_main_17_1771321159.jpg,SALE,https://www.dot-st.com/disp/ranking/?dispNo=001001003&periodTp=3&ageRange=25-29
2026-08-09,20代後半,25-29,3,40%OFF,Chaos 【追加】マルタシャツ,32340,https://www.dot-st.com/chaos/disp/item/253359/,https://pdimg.dot-st.com/images/chaos/goods/itemImg25/253359/item_253359_main_52_1773219434.jpg,SALE,https://www.dot-st.com/disp/ranking/?dispNo=001001003&periodTp=3&ageRange=25-29
2026-08-09,20代後半,25-29,4,20%OFF,LOWRYS FARM ペプラムチュニックＳＳ,4840,https://www.dot-st.com/lowrysfarm/disp/item/660871/,https://pdimg.dot-st.com/images/lowrysfarm/goods/itemImg66/660871/item_660871_main_06_1783645877.jpg,SALE,https://www.dot-st.com/disp/ranking/?dispNo=001001003&periodTp=3&ageRange=25-29
2026-08-09,20代後半,25-29,5,10%OFF,A part by 【名品シリーズ・イージーケア】ラクーンコンキンボタンカーディガン/WEB,13365,https://www.dot-st.com/apartbylowrys/disp/item/681236/,https://pdimg.dot-st.com/images/apartbylowrys/goods/itemImg68/681236/item_681236_main_54_1781771431.jpg,予約,https://www.dot-st.com/disp/ranking/?dispNo=001001003&periodTp=3&ageRange=25-29
2026-08-09,20代後半,25-29,6,LOWRYS,FARM シャーリングブラウスフレンチスリーブ,6600,https://www.dot-st.com/lowrysfarm/disp/item/1046442/,https://pdimg.dot-st.com/images/lowrysfarm/goods/itemImg104/1046442/item_1046442_main_22_1781769015.jpg,NEW,https://www.dot-st.com/disp/ranking/?dispNo=001001003&periodTp=3&ageRange=25-29
2026-08-09,20代後半,25-29,7,JEANASIS,シアーワッフルドロストプルオーバーLS,6600,https://www.dot-st.com/jeanasis/disp/item/1067550/,https://pdimg.dot-st.com/images/jeanasis/goods/itemImg106/1067550/item_1067550_main_06_1784196956.jpg,NEW,https://www.dot-st.com/disp/ranking/?dispNo=001001003&periodTp=3&ageRange=25-29
2026-08-09,20代後半,25-29,8,60%OFF,Classical Elf 大人の配色で、オフィスにも着やすい♪着回し抜群の ランダムリブ 配色ポロトップスce1010636,1998,https://www.dot-st.com/classicalelf/disp/item/859558/,https://pdimg.dot-st.com/images/classicalelf/goods/itemImg85/859558/item_859558_main_50_1780362922.jpg,,https://www.dot-st.com/disp/ranking/?dispNo=001001003&periodTp=3&ageRange=25-29
2026-08-09,20代後半,25-29,9,niko,and ... 【吸水速乾】DRYクシュイージーシャツ,5000,https://www.dot-st.com/nikoand/disp/item/645857/,https://pdimg.dot-st.com/images/nikoand/goods/itemImg64/645857/item_645857_main_17_1773711501.jpg,,https://www.dot-st.com/disp/ranking/?dispNo=001001003&periodTp=3&ageRange=25-29
2026-08-09,20代後半,25-29,10,LOWRYS,FARM TOY STORY(トイ・ストーリー)/プリントTシャツ,4990,https://www.dot-st.com/lowrysfarm/disp/item/839513/,https://pdimg.dot-st.com/images/lowrysfarm/goods/itemImg83/839513/item_839513_main_05_1781593867.jpg,,https://www.dot-st.com/disp/ranking/?dispNo=001001003&periodTp=3&ageRange=25-29
2026-08-09,30代前半,30-34,1,LOWRYS,FARM TOY STORY(トイ・ストーリー)/プリントTシャツ,4990,https://www.dot-st.com/lowrysfarm/disp/item/839513/,https://pdimg.dot-st.com/images/lowrysfarm/goods/itemImg83/839513/item_839513_main_05_1781593867.jpg,,https://www.dot-st.com/disp/ranking/?dispNo=001001003&periodTp=3&ageRange=30-34
2026-08-09,30代前半,30-34,2,30%OFF,niko and ... インド刺繍フレアブラウス,4199,https://www.dot-st.com/nikoand/disp/item/662015/,https://pdimg.dot-st.com/images/nikoand/goods/itemImg66/662015/item_662015_main_11_1780372554.jpg,SALE,https://www.dot-st.com/disp/ranking/?dispNo=001001003&periodTp=3&ageRange=30-34
2026-08-09,30代前半,30-34,3,28%OFF,GLOBAL WORK 【FRUITS ZIPPER 鎮西寿々歌さん着用】リッチクリーンプリントT半袖/636780,2512,https://www.dot-st.com/globalwork/disp/item/636780/,https://pdimg.dot-st.com/images/globalwork/goods/itemImg63/636780/item_636780_main_17_1771321159.jpg,SALE,https://www.dot-st.com/disp/ranking/?dispNo=001001003&periodTp=3&ageRange=30-34
2026-08-09,30代前半,30-34,4,28%OFF,GLOBAL WORK エアリーリラックス切り替えペプラム半袖/718860,3231,https://www.dot-st.com/globalwork/disp/item/718860/,https://pdimg.dot-st.com/images/globalwork/goods/itemImg71/718860/item_718860_main_93_1779959311.jpg,SALE,https://www.dot-st.com/disp/ranking/?dispNo=001001003&periodTp=3&ageRange=30-34
2026-08-09,30代前半,30-34,5,JEANASIS,シアーワッフルドロストプルオーバーLS,6600,https://www.dot-st.com/jeanasis/disp/item/1067550/,https://pdimg.dot-st.com/images/jeanasis/goods/itemImg106/1067550/item_1067550_main_06_1784196956.jpg,NEW,https://www.dot-st.com/disp/ranking/?dispNo=001001003&periodTp=3&ageRange=30-34
2026-08-09,30代前半,30-34,6,28%OFF,GLOBAL WORK 【FRUITS ZIPPER 櫻井優衣さん着用】フェイクレイヤードT半袖/684021,2152,https://www.dot-st.com/globalwork/disp/item/684021/,https://pdimg.dot-st.com/images/globalwork/goods/itemImg68/684021/item_684021_main_09_1782438839.jpg,SALE,https://www.dot-st.com/disp/ranking/?dispNo=001001003&periodTp=3&ageRange=30-34
2026-08-09,30代前半,30-34,7,GLOBAL,WORK 【FRUITS ZIPPER 鎮西寿々歌さん着用】サラサラDRYスクエアタンク/636753,1980,https://www.dot-st.com/globalwork/disp/item/636753/,https://pdimg.dot-st.com/images/globalwork/goods/itemImg63/636753/item_636753_main_05_1785147369.jpg,,https://www.dot-st.com/disp/ranking/?dispNo=001001003&periodTp=3&ageRange=30-34
2026-08-09,30代前半,30-34,8,20%OFF,LOWRYS FARM ペプラムチュニックＳＳ,4840,https://www.dot-st.com/lowrysfarm/disp/item/660871/,https://pdimg.dot-st.com/images/lowrysfarm/goods/itemImg66/660871/item_660871_main_06_1783645877.jpg,SALE,https://www.dot-st.com/disp/ranking/?dispNo=001001003&periodTp=3&ageRange=30-34
2026-08-09,30代前半,30-34,9,36%OFF,GLOBAL WORK 【FRUITS ZIPPER 鎮西寿々歌さん着用】シルキータッチシアーシャツ5分袖/636672,2873,https://www.dot-st.com/globalwork/disp/item/636672/,https://pdimg.dot-st.com/images/globalwork/goods/itemImg63/636672/item_636672_main_85_1785147763.jpg,SALE,https://www.dot-st.com/disp/ranking/?dispNo=001001003&periodTp=3&ageRange=30-34
2026-08-09,30代前半,30-34,10,LOWRYS,FARM シャーリングブラウスフレンチスリーブ,6600,https://www.dot-st.com/lowrysfarm/disp/item/1046442/,https://pdimg.dot-st.com/images/lowrysfarm/goods/itemImg104/1046442/item_1046442_main_22_1781769015.jpg,NEW,https://www.dot-st.com/disp/ranking/?dispNo=001001003&periodTp=3&ageRange=30-34
2026-08-09,30代後半,35-39,1,28%OFF,GLOBAL WORK 【FRUITS ZIPPER 鎮西寿々歌さん着用】リッチクリーンプリントT半袖/636780,2512,https://www.dot-st.com/globalwork/disp/item/636780/,https://pdimg.dot-st.com/images/globalwork/goods/itemImg63/636780/item_636780_main_17_1771321159.jpg,SALE,https://www.dot-st.com/disp/ranking/?dispNo=001001003&periodTp=3&ageRange=35-39
2026-08-09,30代後半,35-39,2,30%OFF,niko and ... インド刺繍フレアブラウス,4199,https://www.dot-st.com/nikoand/disp/item/662015/,https://pdimg.dot-st.com/images/nikoand/goods/itemImg66/662015/item_662015_main_11_1780372554.jpg,SALE,https://www.dot-st.com/disp/ranking/?dispNo=001001003&periodTp=3&ageRange=35-39
2026-08-09,30代後半,35-39,3,28%OFF,GLOBAL WORK 【FRUITS ZIPPER 櫻井優衣さん着用】フェイクレイヤードT半袖/684021,2152,https://www.dot-st.com/globalwork/disp/item/684021/,https://pdimg.dot-st.com/images/globalwork/goods/itemImg68/684021/item_684021_main_09_1782438839.jpg,SALE,https://www.dot-st.com/disp/ranking/?dispNo=001001003&periodTp=3&ageRange=35-39
2026-08-09,30代後半,35-39,4,30%OFF,LEPSIM マルメリドルマン5分袖シャツ,3850,https://www.dot-st.com/lepsim/disp/item/681282/,https://pdimg.dot-st.com/images/lepsim/goods/itemImg68/681282/item_681282_main_18_1775533481.jpg,SALE,https://www.dot-st.com/disp/ranking/?dispNo=001001003&periodTp=3&ageRange=35-39
2026-08-09,30代後半,35-39,5,36%OFF,GLOBAL WORK 【FRUITS ZIPPER 鎮西寿々歌さん着用】シルキータッチシアーシャツ5分袖/636672,2873,https://www.dot-st.com/globalwork/disp/item/636672/,https://pdimg.dot-st.com/images/globalwork/goods/itemImg63/636672/item_636672_main_85_1785147763.jpg,SALE,https://www.dot-st.com/disp/ranking/?dispNo=001001003&periodTp=3&ageRange=35-39
2026-08-09,30代後半,35-39,6,28%OFF,GLOBAL WORK エアリーリラックス切り替えペプラム半袖/718860,3231,https://www.dot-st.com/globalwork/disp/item/718860/,https://pdimg.dot-st.com/images/globalwork/goods/itemImg71/718860/item_718860_main_93_1779959311.jpg,SALE,https://www.dot-st.com/disp/ranking/?dispNo=001001003&periodTp=3&ageRange=35-39
2026-08-09,30代後半,35-39,7,LOWRYS,FARM シャーリングブラウスフレンチスリーブ,6600,https://www.dot-st.com/lowrysfarm/disp/item/1046442/,https://pdimg.dot-st.com/images/lowrysfarm/goods/itemImg104/1046442/item_1046442_main_22_1781769015.jpg,NEW,https://www.dot-st.com/disp/ranking/?dispNo=001001003&periodTp=3&ageRange=35-39
2026-08-09,30代後半,35-39,8,44%OFF,GLOBAL WORK ひんやり涼しい/フローズン袖フレアプルオーバー半袖/680557,2234,https://www.dot-st.com/globalwork/disp/item/680557/,https://pdimg.dot-st.com/images/globalwork/goods/itemImg68/680557/item_680557_main_08_1779950817.jpg,SALE,https://www.dot-st.com/disp/ranking/?dispNo=001001003&periodTp=3&ageRange=35-39
2026-08-09,30代後半,35-39,9,GLOBAL,WORK 【FRUITS ZIPPER 鎮西寿々歌さん着用】サラサラDRYスクエアタンク/636753,1980,https://www.dot-st.com/globalwork/disp/item/636753/,https://pdimg.dot-st.com/images/globalwork/goods/itemImg63/636753/item_636753_main_05_1785147369.jpg,,https://www.dot-st.com/disp/ranking/?dispNo=001001003&periodTp=3&ageRange=35-39
2026-08-09,30代後半,35-39,10,GLOBAL,WORK TOY STORY 5(トイ・ストーリー5)/ヘビロッTEE/812422,3990,https://www.dot-st.com/globalwork/disp/item/812422/,https://pdimg.dot-st.com/images/globalwork/goods/itemImg81/812422/item_812422_main_09_1785216538.jpg,NEW,https://www.dot-st.com/disp/ranking/?dispNo=001001003&periodTp=3&ageRange=35-39
2026-08-10,20代後半,25-29,1,HARE,【新世紀エヴァンゲリオン×HARE】シーンプリントカット,9900,https://www.dot-st.com/hare/disp/item/1023260/,https://pdimg.dot-st.com/images/hare/goods/itemImg102/1023260/item_1023260_main_05_1786064530.jpg,NEW,https://www.dot-st.com/disp/ranking/?dispNo=001001003&periodTp=3&ageRange=25-29
2026-08-10,20代後半,25-29,2,LOWRYS,FARM シャーリングブラウスフレンチスリーブ,6600,https://www.dot-st.com/lowrysfarm/disp/item/1046442/,https://pdimg.dot-st.com/images/lowrysfarm/goods/itemImg104/1046442/item_1046442_main_22_1781769015.jpg,NEW,https://www.dot-st.com/disp/ranking/?dispNo=001001003&periodTp=3&ageRange=25-29
2026-08-10,20代後半,25-29,3,RAGEBLUE,TOY STORY(トイ・ストーリー)/加工プリントTシャツ,5990,https://www.dot-st.com/rageblue/disp/item/1049345/,https://pdimg.dot-st.com/images/rageblue/goods/itemImg104/1049345/item_1049345_main_12_1785045782.jpg,NEW,https://www.dot-st.com/disp/ranking/?dispNo=001001003&periodTp=3&ageRange=25-29
2026-08-10,20代後半,25-29,4,28%OFF,GLOBAL WORK 【FRUITS ZIPPER 鎮西寿々歌さん着用】リッチクリーンプリントT半袖/636780,2512,https://www.dot-st.com/globalwork/disp/item/636780/,https://pdimg.dot-st.com/images/globalwork/goods/itemImg63/636780/item_636780_main_17_1771321159.jpg,SALE,https://www.dot-st.com/disp/ranking/?dispNo=001001003&periodTp=3&ageRange=25-29
2026-08-10,20代後半,25-29,5,HARE,【WEB】レースUPミドルカーディガン,13200,https://www.dot-st.com/hare/disp/item/782984/,https://pdimg.dot-st.com/images/hare/goods/itemImg78/782984/item_782984_main_12_1785138631.jpg,NEW / 予約,https://www.dot-st.com/disp/ranking/?dispNo=001001003&periodTp=3&ageRange=25-29
2026-08-10,20代後半,25-29,6,ADAM,ET ROPE’ TWトロチェックシャツ/防シワ,24200,https://www.dot-st.com/adametrope/disp/item/1066615/,https://pdimg.dot-st.com/images/adametrope/goods/itemImg106/1066615/item_1066615_main_53_2026073112.jpg,,https://www.dot-st.com/disp/ranking/?dispNo=001001003&periodTp=3&ageRange=25-29
2026-08-10,20代後半,25-29,7,30%OFF,niko and ... インド刺繍フレアブラウス,4199,https://www.dot-st.com/nikoand/disp/item/662015/,https://pdimg.dot-st.com/images/nikoand/goods/itemImg66/662015/item_662015_main_11_1780372554.jpg,SALE,https://www.dot-st.com/disp/ranking/?dispNo=001001003&periodTp=3&ageRange=25-29
2026-08-10,20代後半,25-29,8,30%OFF,LOWRYS FARM ヨウリュウシシュウキャミチュニック,4892,https://www.dot-st.com/lowrysfarm/disp/item/903513/,https://pdimg.dot-st.com/images/lowrysfarm/goods/itemImg90/903513/item_903513_main_05_1779789378.jpg,SALE,https://www.dot-st.com/disp/ranking/?dispNo=001001003&periodTp=3&ageRange=25-29
2026-08-10,20代後半,25-29,9,20%OFF,LOWRYS FARM ペプラムチュニックＳＳ,4840,https://www.dot-st.com/lowrysfarm/disp/item/660871/,https://pdimg.dot-st.com/images/lowrysfarm/goods/itemImg66/660871/item_660871_main_06_1783645877.jpg,SALE,https://www.dot-st.com/disp/ranking/?dispNo=001001003&periodTp=3&ageRange=25-29
2026-08-10,20代後半,25-29,10,33%OFF,HARE 【LADIES】レースキリカエBIGTシャツ,5940,https://www.dot-st.com/hare/disp/item/663760/,https://pdimg.dot-st.com/images/hare/goods/itemImg66/663760/item_663760_main_08_1778582968.jpg,SALE,https://www.dot-st.com/disp/ranking/?dispNo=001001003&periodTp=3&ageRange=25-29
2026-08-10,30代前半,30-34,1,28%OFF,GLOBAL WORK 【FRUITS ZIPPER 鎮西寿々歌さん着用】リッチクリーンプリントT半袖/636780,2512,https://www.dot-st.com/globalwork/disp/item/636780/,https://pdimg.dot-st.com/images/globalwork/goods/itemImg63/636780/item_636780_main_17_1771321159.jpg,SALE,https://www.dot-st.com/disp/ranking/?dispNo=001001003&periodTp=3&ageRange=30-34
2026-08-10,30代前半,30-34,2,30%OFF,niko and ... インド刺繍フレアブラウス,4199,https://www.dot-st.com/nikoand/disp/item/662015/,https://pdimg.dot-st.com/images/nikoand/goods/itemImg66/662015/item_662015_main_11_1780372554.jpg,SALE,https://www.dot-st.com/disp/ranking/?dispNo=001001003&periodTp=3&ageRange=30-34
2026-08-10,30代前半,30-34,3,40%OFF,LOWRYS FARM シャーリングチュニックフレンチスリーブ,3630,https://www.dot-st.com/lowrysfarm/disp/item/581468/,https://pdimg.dot-st.com/images/lowrysfarm/goods/itemImg58/581468/item_581468_main_08_1776892278.jpg,SALE,https://www.dot-st.com/disp/ranking/?dispNo=001001003&periodTp=3&ageRange=30-34
2026-08-10,30代前半,30-34,4,JEANASIS,シアーワッフルドロストプルオーバーLS,6600,https://www.dot-st.com/jeanasis/disp/item/1067550/,https://pdimg.dot-st.com/images/jeanasis/goods/itemImg106/1067550/item_1067550_main_06_1784196956.jpg,NEW,https://www.dot-st.com/disp/ranking/?dispNo=001001003&periodTp=3&ageRange=30-34
2026-08-10,30代前半,30-34,5,28%OFF,GLOBAL WORK エアリーリラックス切り替えペプラム半袖/718860,3231,https://www.dot-st.com/globalwork/disp/item/718860/,https://pdimg.dot-st.com/images/globalwork/goods/itemImg71/718860/item_718860_main_93_1779959311.jpg,SALE,https://www.dot-st.com/disp/ranking/?dispNo=001001003&periodTp=3&ageRange=30-34
2026-08-10,30代前半,30-34,6,36%OFF,GLOBAL WORK 【FRUITS ZIPPER 鎮西寿々歌さん着用】シルキータッチシアーシャツ5分袖/636672,2873,https://www.dot-st.com/globalwork/disp/item/636672/,https://pdimg.dot-st.com/images/globalwork/goods/itemImg63/636672/item_636672_main_85_1785147763.jpg,SALE,https://www.dot-st.com/disp/ranking/?dispNo=001001003&periodTp=3&ageRange=30-34
2026-08-10,30代前半,30-34,7,LOWRYS,FARM アシメティアードチュニックＳＳ,6050,https://www.dot-st.com/lowrysfarm/disp/item/1049042/,https://pdimg.dot-st.com/images/lowrysfarm/goods/itemImg104/1049042/item_1049042_main_05_1782896599.jpg,NEW,https://www.dot-st.com/disp/ranking/?dispNo=001001003&periodTp=3&ageRange=30-34
2026-08-10,30代前半,30-34,8,28%OFF,GLOBAL WORK 【FRUITS ZIPPER 櫻井優衣さん着用】フェイクレイヤードT半袖/684021,2152,https://www.dot-st.com/globalwork/disp/item/684021/,https://pdimg.dot-st.com/images/globalwork/goods/itemImg68/684021/item_684021_main_09_1782438839.jpg,SALE,https://www.dot-st.com/disp/ranking/?dispNo=001001003&periodTp=3&ageRange=30-34
2026-08-10,30代前半,30-34,9,niko,and ... ハイカロリーラグランTシャツ,4000,https://www.dot-st.com/nikoand/disp/item/654215/,https://pdimg.dot-st.com/images/nikoand/goods/itemImg65/654215/item_654215_main_88_1773727342.jpg,SALE,https://www.dot-st.com/disp/ranking/?dispNo=001001003&periodTp=3&ageRange=30-34
2026-08-10,30代前半,30-34,10,LOWRYS,FARM シャーリングブラウスフレンチスリーブ,6600,https://www.dot-st.com/lowrysfarm/disp/item/1046442/,https://pdimg.dot-st.com/images/lowrysfarm/goods/itemImg104/1046442/item_1046442_main_22_1781769015.jpg,NEW,https://www.dot-st.com/disp/ranking/?dispNo=001001003&periodTp=3&ageRange=30-34
2026-08-10,30代後半,35-39,1,28%OFF,GLOBAL WORK 【FRUITS ZIPPER 鎮西寿々歌さん着用】リッチクリーンプリントT半袖/636780,2512,https://www.dot-st.com/globalwork/disp/item/636780/,https://pdimg.dot-st.com/images/globalwork/goods/itemImg63/636780/item_636780_main_17_1771321159.jpg,SALE,https://www.dot-st.com/disp/ranking/?dispNo=001001003&periodTp=3&ageRange=35-39
2026-08-10,30代後半,35-39,2,28%OFF,GLOBAL WORK 【FRUITS ZIPPER 櫻井優衣さん着用】フェイクレイヤードT半袖/684021,2152,https://www.dot-st.com/globalwork/disp/item/684021/,https://pdimg.dot-st.com/images/globalwork/goods/itemImg68/684021/item_684021_main_09_1782438839.jpg,SALE,https://www.dot-st.com/disp/ranking/?dispNo=001001003&periodTp=3&ageRange=35-39
2026-08-10,30代後半,35-39,3,RAGEBLUE,TOY STORY(トイ・ストーリー)/加工プリントTシャツ,5990,https://www.dot-st.com/rageblue/disp/item/1049345/,https://pdimg.dot-st.com/images/rageblue/goods/itemImg104/1049345/item_1049345_main_12_1785045782.jpg,NEW,https://www.dot-st.com/disp/ranking/?dispNo=001001003&periodTp=3&ageRange=35-39
2026-08-10,30代後半,35-39,4,30%OFF,niko and ... インド刺繍フレアブラウス,4199,https://www.dot-st.com/nikoand/disp/item/662015/,https://pdimg.dot-st.com/images/nikoand/goods/itemImg66/662015/item_662015_main_11_1780372554.jpg,SALE,https://www.dot-st.com/disp/ranking/?dispNo=001001003&periodTp=3&ageRange=35-39
2026-08-10,30代後半,35-39,5,Chaos,【新色＆追加】ミュースTシャツ,11550,https://www.dot-st.com/chaos/disp/item/634318/,https://pdimg.dot-st.com/images/chaos/goods/itemImg63/634318/item_634318_main_18_1780029735.jpg,,https://www.dot-st.com/disp/ranking/?dispNo=001001003&periodTp=3&ageRange=35-39
2026-08-10,30代後半,35-39,6,GLOBAL,WORK TOY STORY 5(トイ・ストーリー5)/ヘビロッTEE/812422,3990,https://www.dot-st.com/globalwork/disp/item/812422/,https://pdimg.dot-st.com/images/globalwork/goods/itemImg81/812422/item_812422_main_09_1785216538.jpg,NEW,https://www.dot-st.com/disp/ranking/?dispNo=001001003&periodTp=3&ageRange=35-39
2026-08-10,30代後半,35-39,7,GLOBAL,WORK シアークレープチェックシャツ/680572,4490,https://www.dot-st.com/globalwork/disp/item/680572/,https://pdimg.dot-st.com/images/globalwork/goods/itemImg68/680572/item_680572_main_10_1782974088.jpg,NEW,https://www.dot-st.com/disp/ranking/?dispNo=001001003&periodTp=3&ageRange=35-39
2026-08-10,30代後半,35-39,8,36%OFF,GLOBAL WORK 【FRUITS ZIPPER 鎮西寿々歌さん着用】シルキータッチシアーシャツ5分袖/636672,2873,https://www.dot-st.com/globalwork/disp/item/636672/,https://pdimg.dot-st.com/images/globalwork/goods/itemImg63/636672/item_636672_main_85_1785147763.jpg,SALE,https://www.dot-st.com/disp/ranking/?dispNo=001001003&periodTp=3&ageRange=35-39
2026-08-10,30代後半,35-39,9,GLOBAL,WORK 【FRUITS ZIPPER 鎮西寿々歌さん着用】サラサラDRYスクエアタンク/636753,1980,https://www.dot-st.com/globalwork/disp/item/636753/,https://pdimg.dot-st.com/images/globalwork/goods/itemImg63/636753/item_636753_main_05_1785147369.jpg,,https://www.dot-st.com/disp/ranking/?dispNo=001001003&periodTp=3&ageRange=35-39
2026-08-10,30代後半,35-39,10,30%OFF,LEPSIM マルメリドルマン5分袖シャツ,3850,https://www.dot-st.com/lepsim/disp/item/681282/,https://pdimg.dot-st.com/images/lepsim/goods/itemImg68/681282/item_681282_main_18_1775533481.jpg,SALE,https://www.dot-st.com/disp/ranking/?dispNo=001001003&periodTp=3&ageRange=35-39
2026-08-11,20代後半,25-29,1,LOWRYS,FARM シャーリングブラウスフレンチスリーブ,6600,https://www.dot-st.com/lowrysfarm/disp/item/1046442/,https://pdimg.dot-st.com/images/lowrysfarm/goods/itemImg104/1046442/item_1046442_main_05_1784024394.jpg,NEW,https://www.dot-st.com/disp/ranking/?dispNo=001001003&periodTp=3&ageRange=25-29
2026-08-11,20代後半,25-29,2,20%OFF,LOWRYS FARM ペプラムチュニックＳＳ,4840,https://www.dot-st.com/lowrysfarm/disp/item/660871/,https://pdimg.dot-st.com/images/lowrysfarm/goods/itemImg66/660871/item_660871_main_06_1783645877.jpg,SALE,https://www.dot-st.com/disp/ranking/?dispNo=001001003&periodTp=3&ageRange=25-29
2026-08-11,20代後半,25-29,3,Curensology,【】2WAYドルマンタートルネックプルオーバー,30800,https://www.dot-st.com/curensology/disp/item/1044135/,https://pdimg.dot-st.com/images/curensology/goods/itemImg104/1044135/item_1044135_main_58_1785126336.jpg,予約,https://www.dot-st.com/disp/ranking/?dispNo=001001003&periodTp=3&ageRange=25-29
2026-08-11,20代後半,25-29,4,28%OFF,GLOBAL WORK 【FRUITS ZIPPER 鎮西寿々歌さん着用】リッチクリーンプリントT半袖/636780,2512,https://www.dot-st.com/globalwork/disp/item/636780/,https://pdimg.dot-st.com/images/globalwork/goods/itemImg63/636780/item_636780_main_17_1771321159.jpg,SALE,https://www.dot-st.com/disp/ranking/?dispNo=001001003&periodTp=3&ageRange=25-29
2026-08-11,20代後半,25-29,5,RAGEBLUE,TOY STORY(トイ・ストーリー)/加工プリントTシャツ,5990,https://www.dot-st.com/rageblue/disp/item/1049345/,https://pdimg.dot-st.com/images/rageblue/goods/itemImg104/1049345/item_1049345_main_12_1785045782.jpg,NEW,https://www.dot-st.com/disp/ranking/?dispNo=001001003&periodTp=3&ageRange=25-29
2026-08-11,20代後半,25-29,6,40%OFF,LOWRYS FARM シャーリングチュニックフレンチスリーブ,3630,https://www.dot-st.com/lowrysfarm/disp/item/581468/,https://pdimg.dot-st.com/images/lowrysfarm/goods/itemImg58/581468/item_581468_main_08_1776892278.jpg,SALE,https://www.dot-st.com/disp/ranking/?dispNo=001001003&periodTp=3&ageRange=25-29
2026-08-11,20代後半,25-29,7,30%OFF,LOWRYS FARM レースサテンキャミ,4235,https://www.dot-st.com/lowrysfarm/disp/item/1049036/,https://pdimg.dot-st.com/images/lowrysfarm/goods/itemImg104/1049036/item_1049036_main_82_1782873315.jpg,SALE,https://www.dot-st.com/disp/ranking/?dispNo=001001003&periodTp=3&ageRange=25-29
2026-08-11,20代後半,25-29,8,HARE,パーツツキコンパクトネクタイシャツ,11000,https://www.dot-st.com/hare/disp/item/1042101/,https://pdimg.dot-st.com/images/hare/goods/itemImg104/1042101/item_1042101_main_81_1780383155.jpg,,https://www.dot-st.com/disp/ranking/?dispNo=001001003&periodTp=3&ageRange=25-29
2026-08-11,20代後半,25-29,9,PAGEBOY,【前後2WAY】カットレースヘンリー2WAY,4400,https://www.dot-st.com/pageboy/disp/item/1054664/,https://pdimg.dot-st.com/images/pageboy/goods/itemImg105/1054664/item_1054664_main_10_1784502050.jpg,NEW,https://www.dot-st.com/disp/ranking/?dispNo=001001003&periodTp=3&ageRange=25-29
2026-08-11,20代後半,25-29,10,JEANASIS,シアーワッフルドロストプルオーバーLS,6600,https://www.dot-st.com/jeanasis/disp/item/1067550/,https://pdimg.dot-st.com/images/jeanasis/goods/itemImg106/1067550/item_1067550_main_06_1784196956.jpg,NEW,https://www.dot-st.com/disp/ranking/?dispNo=001001003&periodTp=3&ageRange=25-29
2026-08-11,30代前半,30-34,1,28%OFF,GLOBAL WORK 【FRUITS ZIPPER 鎮西寿々歌さん着用】リッチクリーンプリントT半袖/636780,2512,https://www.dot-st.com/globalwork/disp/item/636780/,https://pdimg.dot-st.com/images/globalwork/goods/itemImg63/636780/item_636780_main_17_1771321159.jpg,SALE,https://www.dot-st.com/disp/ranking/?dispNo=001001003&periodTp=3&ageRange=30-34
2026-08-11,30代前半,30-34,2,HARE,パーツバックルプリーツシャツ,11000,https://www.dot-st.com/hare/disp/item/1000134/,https://pdimg.dot-st.com/images/hare/goods/itemImg100/1000134/item_1000134_main_38_1782959389.jpg,,https://www.dot-st.com/disp/ranking/?dispNo=001001003&periodTp=3&ageRange=30-34
2026-08-11,30代前半,30-34,3,LOWRYS,FARM シャーリングブラウスフレンチスリーブ,6600,https://www.dot-st.com/lowrysfarm/disp/item/1046442/,https://pdimg.dot-st.com/images/lowrysfarm/goods/itemImg104/1046442/item_1046442_main_05_1784024394.jpg,NEW,https://www.dot-st.com/disp/ranking/?dispNo=001001003&periodTp=3&ageRange=30-34
2026-08-11,30代前半,30-34,4,LOWRYS,FARM アシメティアードチュニックＳＳ,6050,https://www.dot-st.com/lowrysfarm/disp/item/1049042/,https://pdimg.dot-st.com/images/lowrysfarm/goods/itemImg104/1049042/item_1049042_main_05_1782896599.jpg,NEW,https://www.dot-st.com/disp/ranking/?dispNo=001001003&periodTp=3&ageRange=30-34
2026-08-11,30代前半,30-34,5,HARE,【＋10%ポイント付与キャンペーン対象 WEB】シシュウダンボールパーカー,11000,https://www.dot-st.com/hare/disp/item/1063459/,https://pdimg.dot-st.com/images/hare/goods/itemImg106/1063459/item_1063459_main_85_1784278788.jpg,NEW / 予約,https://www.dot-st.com/disp/ranking/?dispNo=001001003&periodTp=3&ageRange=30-34
2026-08-11,30代前半,30-34,6,BABYLONE,ニュアンスフレンチスリーブプルオーバー,8250,https://www.dot-st.com/babylone/disp/item/681323/,https://pdimg.dot-st.com/images/babylone/goods/itemImg68/681323/item_681323_main_20_1780036649.jpg,,https://www.dot-st.com/disp/ranking/?dispNo=001001003&periodTp=3&ageRange=30-34
2026-08-11,30代前半,30-34,7,LOWRYS,FARM ギャザーポロＳＳ,5500,https://www.dot-st.com/lowrysfarm/disp/item/794100/,https://pdimg.dot-st.com/images/lowrysfarm/goods/itemImg79/794100/item_794100_main_58_1779758194.jpg,,https://www.dot-st.com/disp/ranking/?dispNo=001001003&periodTp=3&ageRange=30-34
2026-08-11,30代前半,30-34,8,28%OFF,GLOBAL WORK 【FRUITS ZIPPER 櫻井優衣さん着用】フェイクレイヤードT半袖/684021,2152,https://www.dot-st.com/globalwork/disp/item/684021/,https://pdimg.dot-st.com/images/globalwork/goods/itemImg68/684021/item_684021_main_09_1782438839.jpg,SALE,https://www.dot-st.com/disp/ranking/?dispNo=001001003&periodTp=3&ageRange=30-34
2026-08-11,30代前半,30-34,9,LOWRYS,FARM ストライプシャーリングＳＳ,5990,https://www.dot-st.com/lowrysfarm/disp/item/675847/,https://pdimg.dot-st.com/images/lowrysfarm/goods/itemImg67/675847/item_675847_main_70_1777275975.jpg,,https://www.dot-st.com/disp/ranking/?dispNo=001001003&periodTp=3&ageRange=30-34
2026-08-11,30代前半,30-34,10,30%OFF,niko and ... インド刺繍フレアブラウス,4199,https://www.dot-st.com/nikoand/disp/item/662015/,https://pdimg.dot-st.com/images/nikoand/goods/itemImg66/662015/item_662015_main_11_1780372554.jpg,SALE,https://www.dot-st.com/disp/ranking/?dispNo=001001003&periodTp=3&ageRange=30-34
2026-08-11,30代後半,35-39,1,28%OFF,GLOBAL WORK 【FRUITS ZIPPER 鎮西寿々歌さん着用】リッチクリーンプリントT半袖/636780,2512,https://www.dot-st.com/globalwork/disp/item/636780/,https://pdimg.dot-st.com/images/globalwork/goods/itemImg63/636780/item_636780_main_17_1771321159.jpg,SALE,https://www.dot-st.com/disp/ranking/?dispNo=001001003&periodTp=3&ageRange=35-39
2026-08-11,30代後半,35-39,2,28%OFF,GLOBAL WORK 【FRUITS ZIPPER 櫻井優衣さん着用】フェイクレイヤードT半袖/684021,2152,https://www.dot-st.com/globalwork/disp/item/684021/,https://pdimg.dot-st.com/images/globalwork/goods/itemImg68/684021/item_684021_main_09_1782438839.jpg,SALE,https://www.dot-st.com/disp/ranking/?dispNo=001001003&periodTp=3&ageRange=35-39
2026-08-11,30代後半,35-39,3,LOWRYS,FARM アシメティアードチュニックＳＳ,6050,https://www.dot-st.com/lowrysfarm/disp/item/1049042/,https://pdimg.dot-st.com/images/lowrysfarm/goods/itemImg104/1049042/item_1049042_main_05_1782896599.jpg,NEW,https://www.dot-st.com/disp/ranking/?dispNo=001001003&periodTp=3&ageRange=35-39
2026-08-11,30代後半,35-39,4,RAGEBLUE,TOY STORY(トイ・ストーリー)/加工プリントTシャツ,5990,https://www.dot-st.com/rageblue/disp/item/1049345/,https://pdimg.dot-st.com/images/rageblue/goods/itemImg104/1049345/item_1049345_main_12_1785045782.jpg,NEW,https://www.dot-st.com/disp/ranking/?dispNo=001001003&periodTp=3&ageRange=35-39
2026-08-11,30代後半,35-39,5,40%OFF,LOWRYS FARM シャーリングチュニックフレンチスリーブ,3630,https://www.dot-st.com/lowrysfarm/disp/item/581468/,https://pdimg.dot-st.com/images/lowrysfarm/goods/itemImg58/581468/item_581468_main_08_1776892278.jpg,SALE,https://www.dot-st.com/disp/ranking/?dispNo=001001003&periodTp=3&ageRange=35-39
2026-08-11,30代後半,35-39,6,36%OFF,GLOBAL WORK 【FRUITS ZIPPER 鎮西寿々歌さん着用】シルキータッチシアーシャツ5分袖/636672,2873,https://www.dot-st.com/globalwork/disp/item/636672/,https://pdimg.dot-st.com/images/globalwork/goods/itemImg63/636672/item_636672_main_85_1785147763.jpg,SALE,https://www.dot-st.com/disp/ranking/?dispNo=001001003&periodTp=3&ageRange=35-39
2026-08-11,30代後半,35-39,7,30%OFF,niko and ... インド刺繍フレアブラウス,4199,https://www.dot-st.com/nikoand/disp/item/662015/,https://pdimg.dot-st.com/images/nikoand/goods/itemImg66/662015/item_662015_main_11_1780372554.jpg,SALE,https://www.dot-st.com/disp/ranking/?dispNo=001001003&periodTp=3&ageRange=35-39
2026-08-11,30代後半,35-39,8,60%OFF,GLOBAL WORK お手入れラクラクセットアップ/ジレ/632433,2395,https://www.dot-st.com/globalwork/disp/item/632433/,https://pdimg.dot-st.com/images/globalwork/goods/itemImg63/632433/item_632433_main_51_1777601622.jpg,SALE,https://www.dot-st.com/disp/ranking/?dispNo=001001003&periodTp=3&ageRange=35-39
2026-08-11,30代後半,35-39,9,LOWRYS,FARM 【新色】【LFM(U)】CREWNECK SWEAT／P【UNISEX】,7700,https://www.dot-st.com/lowrysfarm/disp/item/629983/,https://pdimg.dot-st.com/images/lowrysfarm/goods/itemImg62/629983/item_629983_main_95_1782886264.jpg,予約,https://www.dot-st.com/disp/ranking/?dispNo=001001003&periodTp=3&ageRange=35-39
2026-08-11,30代後半,35-39,10,36%OFF,GLOBAL WORK GOODデニムシャツ半袖/655908,3193,https://www.dot-st.com/globalwork/disp/item/655908/,https://pdimg.dot-st.com/images/globalwork/goods/itemImg65/655908/item_655908_main_86_1777600034.jpg,SALE,https://www.dot-st.com/disp/ranking/?dispNo=001001003&periodTp=3&ageRange=35-39
2026-08-12,20代後半,25-29,1,JEANASIS,【HONGAMA】プリントTEE SS,5990,https://www.dot-st.com/jeanasis/disp/item/1061794/,https://pdimg.dot-st.com/images/jeanasis/goods/itemImg106/1061794/item_1061794_main_01_1784787622.jpg,,https://www.dot-st.com/disp/ranking/?dispNo=001001003&periodTp=3&ageRange=25-29
2026-08-12,20代後半,25-29,2,LOWRYS,FARM シャーリングブラウスフレンチスリーブ,6600,https://www.dot-st.com/lowrysfarm/disp/item/1046442/,https://pdimg.dot-st.com/images/lowrysfarm/goods/itemImg104/1046442/item_1046442_main_05_1784024394.jpg,NEW,https://www.dot-st.com/disp/ranking/?dispNo=001001003&periodTp=3&ageRange=25-29
2026-08-12,20代後半,25-29,3,RAGEBLUE,TOY STORY(トイ・ストーリー)/加工プリントTシャツ,5990,https://www.dot-st.com/rageblue/disp/item/1049345/,https://pdimg.dot-st.com/images/rageblue/goods/itemImg104/1049345/item_1049345_main_12_1785045782.jpg,NEW,https://www.dot-st.com/disp/ranking/?dispNo=001001003&periodTp=3&ageRange=25-29
2026-08-12,20代後半,25-29,4,JEANASIS,シアーワッフルドロストプルオーバーLS,6600,https://www.dot-st.com/jeanasis/disp/item/1067550/,https://pdimg.dot-st.com/images/jeanasis/goods/itemImg106/1067550/item_1067550_main_06_1784196956.jpg,NEW,https://www.dot-st.com/disp/ranking/?dispNo=001001003&periodTp=3&ageRange=25-29
2026-08-12,20代後半,25-29,5,LOWRYS,FARM ２ＷＡＹシャギーカーディガンＳＳ,4990,https://www.dot-st.com/lowrysfarm/disp/item/1051764/,https://pdimg.dot-st.com/images/lowrysfarm/goods/itemImg105/1051764/item_1051764_main_18_1786073975.jpg,NEW,https://www.dot-st.com/disp/ranking/?dispNo=001001003&periodTp=3&ageRange=25-29
2026-08-12,20代後半,25-29,6,28%OFF,GLOBAL WORK 【FRUITS ZIPPER 鎮西寿々歌さん着用】リッチクリーンプリントT半袖/636780,2512,https://www.dot-st.com/globalwork/disp/item/636780/,https://pdimg.dot-st.com/images/globalwork/goods/itemImg63/636780/item_636780_main_07_1776334984.jpg,SALE,https://www.dot-st.com/disp/ranking/?dispNo=001001003&periodTp=3&ageRange=25-29
2026-08-12,20代後半,25-29,7,30%OFF,LOWRYS FARM ヨウリュウシシュウキャミチュニック,4892,https://www.dot-st.com/lowrysfarm/disp/item/903513/,https://pdimg.dot-st.com/images/lowrysfarm/goods/itemImg90/903513/item_903513_main_05_1779789378.jpg,SALE,https://www.dot-st.com/disp/ranking/?dispNo=001001003&periodTp=3&ageRange=25-29
2026-08-12,20代後半,25-29,8,GLOBAL,WORK TOY STORY 5(トイ・ストーリー5)/ヘビロッTEE/812422,3990,https://www.dot-st.com/globalwork/disp/item/812422/,https://pdimg.dot-st.com/images/globalwork/goods/itemImg81/812422/item_812422_main_09_1785216538.jpg,NEW,https://www.dot-st.com/disp/ranking/?dispNo=001001003&periodTp=3&ageRange=25-29
2026-08-12,20代後半,25-29,9,HARE,【SET UP対応】ジャガードアシメプリーツシャツ,11000,https://www.dot-st.com/hare/disp/item/661455/,https://pdimg.dot-st.com/images/hare/goods/itemImg66/661455/item_661455_main_18_1779168485.jpg,,https://www.dot-st.com/disp/ranking/?dispNo=001001003&periodTp=3&ageRange=25-29
2026-08-12,20代後半,25-29,10,40%OFF,LOWRYS FARM シャーリングチュニックフレンチスリーブ,3630,https://www.dot-st.com/lowrysfarm/disp/item/581468/,https://pdimg.dot-st.com/images/lowrysfarm/goods/itemImg58/581468/item_581468_main_08_1776892278.jpg,SALE,https://www.dot-st.com/disp/ranking/?dispNo=001001003&periodTp=3&ageRange=25-29
2026-08-12,30代前半,30-34,1,JEANASIS,【HONGAMA】プリントTEE SS,5990,https://www.dot-st.com/jeanasis/disp/item/1061794/,https://pdimg.dot-st.com/images/jeanasis/goods/itemImg106/1061794/item_1061794_main_01_1784787622.jpg,,https://www.dot-st.com/disp/ranking/?dispNo=001001003&periodTp=3&ageRange=30-34
2026-08-12,30代前半,30-34,2,28%OFF,GLOBAL WORK 【FRUITS ZIPPER 鎮西寿々歌さん着用】リッチクリーンプリントT半袖/636780,2512,https://www.dot-st.com/globalwork/disp/item/636780/,https://pdimg.dot-st.com/images/globalwork/goods/itemImg63/636780/item_636780_main_07_1776334984.jpg,SALE,https://www.dot-st.com/disp/ranking/?dispNo=001001003&periodTp=3&ageRange=30-34
2026-08-12,30代前半,30-34,3,36%OFF,GLOBAL WORK 【FRUITS ZIPPER 鎮西寿々歌さん着用】サラサラDRYスクエアタンク/636753,1267,https://www.dot-st.com/globalwork/disp/item/636753/,https://pdimg.dot-st.com/images/globalwork/goods/itemImg63/636753/item_636753_main_05_1785147369.jpg,SALE,https://www.dot-st.com/disp/ranking/?dispNo=001001003&periodTp=3&ageRange=30-34
2026-08-12,30代前半,30-34,4,20%OFF,LOWRYS FARM ペプラムチュニックＳＳ,4840,https://www.dot-st.com/lowrysfarm/disp/item/660871/,https://pdimg.dot-st.com/images/lowrysfarm/goods/itemImg66/660871/item_660871_main_06_1783645877.jpg,SALE,https://www.dot-st.com/disp/ranking/?dispNo=001001003&periodTp=3&ageRange=30-34
2026-08-12,30代前半,30-34,5,36%OFF,GLOBAL WORK 【FRUITS ZIPPER 鎮西寿々歌さん着用】シルキータッチシアーシャツ5分袖/636672,2873,https://www.dot-st.com/globalwork/disp/item/636672/,https://pdimg.dot-st.com/images/globalwork/goods/itemImg63/636672/item_636672_main_85_1785147763.jpg,SALE,https://www.dot-st.com/disp/ranking/?dispNo=001001003&periodTp=3&ageRange=30-34
2026-08-12,30代前半,30-34,6,LOWRYS,FARM シャーリングブラウスフレンチスリーブ,6600,https://www.dot-st.com/lowrysfarm/disp/item/1046442/,https://pdimg.dot-st.com/images/lowrysfarm/goods/itemImg104/1046442/item_1046442_main_05_1784024394.jpg,NEW,https://www.dot-st.com/disp/ranking/?dispNo=001001003&periodTp=3&ageRange=30-34
2026-08-12,30代前半,30-34,7,GLOBAL,WORK クロシェレースビスチェ/759908,2990,https://www.dot-st.com/globalwork/disp/item/759908/,https://pdimg.dot-st.com/images/globalwork/goods/itemImg75/759908/item_759908_main_08_1782961513.jpg,NEW,https://www.dot-st.com/disp/ranking/?dispNo=001001003&periodTp=3&ageRange=30-34
2026-08-12,30代前半,30-34,8,20%OFF,A part by 【8/6お値下げ】接触冷感/フリルヘムブラウス,7920,https://www.dot-st.com/apartbylowrys/disp/item/668108/,https://pdimg.dot-st.com/images/apartbylowrys/goods/itemImg66/668108/item_668108_main_09_1776218278.jpg,SALE,https://www.dot-st.com/disp/ranking/?dispNo=001001003&periodTp=3&ageRange=30-34
2026-08-12,30代前半,30-34,9,36%OFF,GLOBAL WORK UVプロテクトフードシャツ/646416,2553,https://www.dot-st.com/globalwork/disp/item/646416/,https://pdimg.dot-st.com/images/globalwork/goods/itemImg64/646416/item_646416_main_05_1772535514.jpg,SALE,https://www.dot-st.com/disp/ranking/?dispNo=001001003&periodTp=3&ageRange=30-34
2026-08-12,30代前半,30-34,10,60%OFF,Classical Elf 大人の配色で、オフィスにも着やすい♪着回し抜群の ランダムリブ 配色ポロトップスce1010636,1998,https://www.dot-st.com/classicalelf/disp/item/859558/,https://pdimg.dot-st.com/images/classicalelf/goods/itemImg85/859558/item_859558_main_50_1780362922.jpg,,https://www.dot-st.com/disp/ranking/?dispNo=001001003&periodTp=3&ageRange=30-34
2026-08-12,30代後半,35-39,1,JEANASIS,【HONGAMA】プリントTEE SS,5990,https://www.dot-st.com/jeanasis/disp/item/1061794/,https://pdimg.dot-st.com/images/jeanasis/goods/itemImg106/1061794/item_1061794_main_01_1784787622.jpg,,https://www.dot-st.com/disp/ranking/?dispNo=001001003&periodTp=3&ageRange=35-39
2026-08-12,30代後半,35-39,2,28%OFF,GLOBAL WORK 【FRUITS ZIPPER 鎮西寿々歌さん着用】リッチクリーンプリントT半袖/636780,2512,https://www.dot-st.com/globalwork/disp/item/636780/,https://pdimg.dot-st.com/images/globalwork/goods/itemImg63/636780/item_636780_main_17_1771321159.jpg,SALE,https://www.dot-st.com/disp/ranking/?dispNo=001001003&periodTp=3&ageRange=35-39
2026-08-12,30代後半,35-39,3,36%OFF,GLOBAL WORK GOODデニムシャツ半袖/655908,3193,https://www.dot-st.com/globalwork/disp/item/655908/,https://pdimg.dot-st.com/images/globalwork/goods/itemImg65/655908/item_655908_main_86_1777600034.jpg,SALE,https://www.dot-st.com/disp/ranking/?dispNo=001001003&periodTp=3&ageRange=35-39
2026-08-12,30代後半,35-39,4,36%OFF,GLOBAL WORK UVプロテクトフードシャツ/646416,2553,https://www.dot-st.com/globalwork/disp/item/646416/,https://pdimg.dot-st.com/images/globalwork/goods/itemImg64/646416/item_646416_main_05_1772535514.jpg,SALE,https://www.dot-st.com/disp/ranking/?dispNo=001001003&periodTp=3&ageRange=35-39
2026-08-12,30代後半,35-39,5,36%OFF,GLOBAL WORK 【FRUITS ZIPPER 鎮西寿々歌さん着用】サラサラDRYスクエアタンク/636753,1267,https://www.dot-st.com/globalwork/disp/item/636753/,https://pdimg.dot-st.com/images/globalwork/goods/itemImg63/636753/item_636753_main_05_1785147369.jpg,SALE,https://www.dot-st.com/disp/ranking/?dispNo=001001003&periodTp=3&ageRange=35-39
2026-08-12,30代後半,35-39,6,28%OFF,GLOBAL WORK 【FRUITS ZIPPER 櫻井優衣さん着用】フェイクレイヤードT半袖/684021,2152,https://www.dot-st.com/globalwork/disp/item/684021/,https://pdimg.dot-st.com/images/globalwork/goods/itemImg68/684021/item_684021_main_09_1782438839.jpg,SALE,https://www.dot-st.com/disp/ranking/?dispNo=001001003&periodTp=3&ageRange=35-39
2026-08-12,30代後半,35-39,7,50%OFF,Classical Elf ラフなのに品よく見える。軽やかぽこぽこフクレジャガードトップス（半袖）ce1260557,1998,https://www.dot-st.com/classicalelf/disp/item/648357/,https://pdimg.dot-st.com/images/classicalelf/goods/itemImg64/648357/item_648357_main_05_1774235459.jpg,,https://www.dot-st.com/disp/ranking/?dispNo=001001003&periodTp=3&ageRange=35-39
2026-08-12,30代後半,35-39,8,35%OFF,GLOBAL WORK リッチクリーン透けにくいベーシックT/636788,1914,https://www.dot-st.com/globalwork/disp/item/636788/,https://pdimg.dot-st.com/images/globalwork/goods/itemImg63/636788/item_636788_main_19_1779954635.jpg,SALE,https://www.dot-st.com/disp/ranking/?dispNo=001001003&periodTp=3&ageRange=35-39
2026-08-12,30代後半,35-39,9,36%OFF,GLOBAL WORK 【FRUITS ZIPPER 鎮西寿々歌さん着用】シルキータッチシアーシャツ5分袖/636672,2873,https://www.dot-st.com/globalwork/disp/item/636672/,https://pdimg.dot-st.com/images/globalwork/goods/itemImg63/636672/item_636672_main_85_1785147763.jpg,SALE,https://www.dot-st.com/disp/ranking/?dispNo=001001003&periodTp=3&ageRange=35-39
2026-08-12,30代後半,35-39,10,52%OFF,GLOBAL WORK フェイクアシメヘムレースTシャツ/759899,1674,https://www.dot-st.com/globalwork/disp/item/759899/,https://pdimg.dot-st.com/images/globalwork/goods/itemImg75/759899/item_759899_main_73_1779931175.jpg,SALE,https://www.dot-st.com/disp/ranking/?dispNo=001001003&periodTp=3&ageRange=35-39
2026-08-13,20代後半,25-29,1,30%OFF,LOWRYS FARM ヨウリュウシシュウキャミチュニック,4892,https://www.dot-st.com/lowrysfarm/disp/item/903513/,https://pdimg.dot-st.com/images/lowrysfarm/goods/itemImg90/903513/item_903513_main_05_1779789378.jpg,SALE,https://www.dot-st.com/disp/ranking/?dispNo=001001003&periodTp=3&ageRange=25-29
2026-08-13,20代後半,25-29,2,20%OFF,LOWRYS FARM ペプラムチュニックＳＳ,4840,https://www.dot-st.com/lowrysfarm/disp/item/660871/,https://pdimg.dot-st.com/images/lowrysfarm/goods/itemImg66/660871/item_660871_main_06_1783645877.jpg,SALE,https://www.dot-st.com/disp/ranking/?dispNo=001001003&periodTp=3&ageRange=25-29
2026-08-13,20代後半,25-29,3,apres,jour 【セット着用可能】レースフードドロストジップパーカー,4995,https://www.dot-st.com/apres_jour/disp/item/1057244/,https://pdimg.dot-st.com/images/apres_jour/goods/itemImg105/1057244/item_1057244_main_15_1786525307.jpg,NEW,https://www.dot-st.com/disp/ranking/?dispNo=001001003&periodTp=3&ageRange=25-29
2026-08-13,20代後半,25-29,4,28%OFF,GLOBAL WORK 【FRUITS ZIPPER 鎮西寿々歌さん着用】リッチクリーンプリントT半袖/636780,2512,https://www.dot-st.com/globalwork/disp/item/636780/,https://pdimg.dot-st.com/images/globalwork/goods/itemImg63/636780/item_636780_main_07_1776334984.jpg,SALE,https://www.dot-st.com/disp/ranking/?dispNo=001001003&periodTp=3&ageRange=25-29
2026-08-13,20代後半,25-29,5,RAGEBLUE,TOY STORY(トイ・ストーリー)/加工プリントTシャツ,5990,https://www.dot-st.com/rageblue/disp/item/1049345/,https://pdimg.dot-st.com/images/rageblue/goods/itemImg104/1049345/item_1049345_main_12_1785045782.jpg,NEW,https://www.dot-st.com/disp/ranking/?dispNo=001001003&periodTp=3&ageRange=25-29
2026-08-13,20代後半,25-29,6,36%OFF,GLOBAL WORK リッチクリーンTシャツ/半袖プリント/636394,2553,https://www.dot-st.com/globalwork/disp/item/636394/,https://pdimg.dot-st.com/images/globalwork/goods/itemImg63/636394/item_636394_main_05_1778238037.jpg,SALE,https://www.dot-st.com/disp/ranking/?dispNo=001001003&periodTp=3&ageRange=25-29
2026-08-13,20代後半,25-29,7,HARE,【接触冷感】ポケットミニロゴカットソー,4400,https://www.dot-st.com/hare/disp/item/639076/,https://pdimg.dot-st.com/images/hare/goods/itemImg63/639076/item_639076_main_05_1777002916.jpg,,https://www.dot-st.com/disp/ranking/?dispNo=001001003&periodTp=3&ageRange=25-29
2026-08-13,20代後半,25-29,8,LOWRYS,FARM ハイショクタンク,3190,https://www.dot-st.com/lowrysfarm/disp/item/574839/,https://pdimg.dot-st.com/images/lowrysfarm/goods/itemImg57/574839/item_574839_main_22_1775807822.jpg,,https://www.dot-st.com/disp/ranking/?dispNo=001001003&periodTp=3&ageRange=25-29
2026-08-13,20代後半,25-29,9,40%OFF,LOWRYS FARM シャーリングチュニックフレンチスリーブ,3630,https://www.dot-st.com/lowrysfarm/disp/item/581468/,https://pdimg.dot-st.com/images/lowrysfarm/goods/itemImg58/581468/item_581468_main_08_1776892278.jpg,SALE,https://www.dot-st.com/disp/ranking/?dispNo=001001003&periodTp=3&ageRange=25-29
2026-08-13,20代後半,25-29,10,HARE,【＋10%ポイント付与キャンペーン対象 WEB】シシュウダンボールパーカー,11000,https://www.dot-st.com/hare/disp/item/1063459/,https://pdimg.dot-st.com/images/hare/goods/itemImg106/1063459/item_1063459_main_85_1784278788.jpg,NEW / 予約,https://www.dot-st.com/disp/ranking/?dispNo=001001003&periodTp=3&ageRange=25-29
2026-08-13,30代前半,30-34,1,28%OFF,GLOBAL WORK 【FRUITS ZIPPER 鎮西寿々歌さん着用】リッチクリーンプリントT半袖/636780,2512,https://www.dot-st.com/globalwork/disp/item/636780/,https://pdimg.dot-st.com/images/globalwork/goods/itemImg63/636780/item_636780_main_07_1776334984.jpg,SALE,https://www.dot-st.com/disp/ranking/?dispNo=001001003&periodTp=3&ageRange=30-34
2026-08-13,30代前半,30-34,2,40%OFF,LOWRYS FARM シャーリングチュニックフレンチスリーブ,3630,https://www.dot-st.com/lowrysfarm/disp/item/581468/,https://pdimg.dot-st.com/images/lowrysfarm/goods/itemImg58/581468/item_581468_main_08_1776892278.jpg,SALE,https://www.dot-st.com/disp/ranking/?dispNo=001001003&periodTp=3&ageRange=30-34
2026-08-13,30代前半,30-34,3,36%OFF,GLOBAL WORK 【FRUITS ZIPPER 鎮西寿々歌さん着用】サラサラDRYスクエアタンク/636753,1267,https://www.dot-st.com/globalwork/disp/item/636753/,https://pdimg.dot-st.com/images/globalwork/goods/itemImg63/636753/item_636753_main_05_1785147369.jpg,SALE,https://www.dot-st.com/disp/ranking/?dispNo=001001003&periodTp=3&ageRange=30-34
2026-08-13,30代前半,30-34,4,28%OFF,GLOBAL WORK 【FRUITS ZIPPER 櫻井優衣さん着用】フェイクレイヤードT半袖/684021,2152,https://www.dot-st.com/globalwork/disp/item/684021/,https://pdimg.dot-st.com/images/globalwork/goods/itemImg68/684021/item_684021_main_09_1782438839.jpg,SALE,https://www.dot-st.com/disp/ranking/?dispNo=001001003&periodTp=3&ageRange=30-34
2026-08-13,30代前半,30-34,5,RAGEBLUE,TOY STORY(トイ・ストーリー)/加工プリントTシャツ,5990,https://www.dot-st.com/rageblue/disp/item/1049345/,https://pdimg.dot-st.com/images/rageblue/goods/itemImg104/1049345/item_1049345_main_12_1785045782.jpg,NEW,https://www.dot-st.com/disp/ranking/?dispNo=001001003&periodTp=3&ageRange=30-34
2026-08-13,30代前半,30-34,6,LEPSIM,フーディシャツ長袖チュニック,6600,https://www.dot-st.com/lepsim/disp/item/1060614/,https://pdimg.dot-st.com/images/lepsim/goods/itemImg106/1060614/item_1060614_main_10_1785748865.jpg,NEW,https://www.dot-st.com/disp/ranking/?dispNo=001001003&periodTp=3&ageRange=30-34
2026-08-13,30代前半,30-34,7,36%OFF,GLOBAL WORK GOODデニムシャツ半袖/655908,3193,https://www.dot-st.com/globalwork/disp/item/655908/,https://pdimg.dot-st.com/images/globalwork/goods/itemImg65/655908/item_655908_main_86_1777600034.jpg,SALE,https://www.dot-st.com/disp/ranking/?dispNo=001001003&periodTp=3&ageRange=30-34
2026-08-13,30代前半,30-34,8,36%OFF,GLOBAL WORK UVプロテクトフードシャツ/646416,2553,https://www.dot-st.com/globalwork/disp/item/646416/,https://pdimg.dot-st.com/images/globalwork/goods/itemImg64/646416/item_646416_main_05_1772535514.jpg,SALE,https://www.dot-st.com/disp/ranking/?dispNo=001001003&periodTp=3&ageRange=30-34
2026-08-13,30代前半,30-34,9,LOWRYS,FARM アシメティアードチュニックＳＳ,6050,https://www.dot-st.com/lowrysfarm/disp/item/1049042/,https://pdimg.dot-st.com/images/lowrysfarm/goods/itemImg104/1049042/item_1049042_main_05_1782896599.jpg,NEW,https://www.dot-st.com/disp/ranking/?dispNo=001001003&periodTp=3&ageRange=30-34
2026-08-13,30代前半,30-34,10,33%OFF,HARE 【接触冷感】フラワーシシュウTシャツ,5940,https://www.dot-st.com/hare/disp/item/893705/,https://pdimg.dot-st.com/images/hare/goods/itemImg89/893705/item_893705_main_08_1780998475.jpg,SALE,https://www.dot-st.com/disp/ranking/?dispNo=001001003&periodTp=3&ageRange=30-34
2026-08-13,30代後半,35-39,1,28%OFF,GLOBAL WORK 【FRUITS ZIPPER 鎮西寿々歌さん着用】リッチクリーンプリントT半袖/636780,2512,https://www.dot-st.com/globalwork/disp/item/636780/,https://pdimg.dot-st.com/images/globalwork/goods/itemImg63/636780/item_636780_main_07_1776334984.jpg,SALE,https://www.dot-st.com/disp/ranking/?dispNo=001001003&periodTp=3&ageRange=35-39
2026-08-13,30代後半,35-39,2,36%OFF,GLOBAL WORK GOODデニムシャツ半袖/655908,3193,https://www.dot-st.com/globalwork/disp/item/655908/,https://pdimg.dot-st.com/images/globalwork/goods/itemImg65/655908/item_655908_main_86_1777600034.jpg,SALE,https://www.dot-st.com/disp/ranking/?dispNo=001001003&periodTp=3&ageRange=35-39
2026-08-13,30代後半,35-39,3,36%OFF,GLOBAL WORK UVプロテクトフードシャツ/646416,2553,https://www.dot-st.com/globalwork/disp/item/646416/,https://pdimg.dot-st.com/images/globalwork/goods/itemImg64/646416/item_646416_main_05_1772535514.jpg,SALE,https://www.dot-st.com/disp/ranking/?dispNo=001001003&periodTp=3&ageRange=35-39
2026-08-13,30代後半,35-39,4,36%OFF,GLOBAL WORK 【FRUITS ZIPPER 鎮西寿々歌さん着用】サラサラDRYスクエアタンク/636753,1267,https://www.dot-st.com/globalwork/disp/item/636753/,https://pdimg.dot-st.com/images/globalwork/goods/itemImg63/636753/item_636753_main_05_1785147369.jpg,SALE,https://www.dot-st.com/disp/ranking/?dispNo=001001003&periodTp=3&ageRange=35-39
2026-08-13,30代後半,35-39,5,28%OFF,GLOBAL WORK 【FRUITS ZIPPER 櫻井優衣さん着用】フェイクレイヤードT半袖/684021,2152,https://www.dot-st.com/globalwork/disp/item/684021/,https://pdimg.dot-st.com/images/globalwork/goods/itemImg68/684021/item_684021_main_09_1782438839.jpg,SALE,https://www.dot-st.com/disp/ranking/?dispNo=001001003&periodTp=3&ageRange=35-39
2026-08-13,30代後半,35-39,6,LEPSIM,フーディシャツ長袖チュニック,6600,https://www.dot-st.com/lepsim/disp/item/1060614/,https://pdimg.dot-st.com/images/lepsim/goods/itemImg106/1060614/item_1060614_main_10_1785748865.jpg,NEW,https://www.dot-st.com/disp/ranking/?dispNo=001001003&periodTp=3&ageRange=35-39
2026-08-13,30代後半,35-39,7,niko,and ... ハイカロリーラグランTシャツ,4000,https://www.dot-st.com/nikoand/disp/item/654215/,https://pdimg.dot-st.com/images/nikoand/goods/itemImg65/654215/item_654215_main_88_1773727342.jpg,SALE,https://www.dot-st.com/disp/ranking/?dispNo=001001003&periodTp=3&ageRange=35-39
2026-08-13,30代後半,35-39,8,36%OFF,GLOBAL WORK 【FRUITS ZIPPER 鎮西寿々歌さん着用】シルキータッチシアーシャツ5分袖/636672,2873,https://www.dot-st.com/globalwork/disp/item/636672/,https://pdimg.dot-st.com/images/globalwork/goods/itemImg63/636672/item_636672_main_85_1785147763.jpg,SALE,https://www.dot-st.com/disp/ranking/?dispNo=001001003&periodTp=3&ageRange=35-39
2026-08-13,30代後半,35-39,9,Classical,Elf ラフなのに品よく見える。軽やかぽこぽこフクレジャガードトップス（半袖）ce1260557,3998,https://www.dot-st.com/classicalelf/disp/item/648357/,https://pdimg.dot-st.com/images/classicalelf/goods/itemImg64/648357/item_648357_main_05_1774235459.jpg,,https://www.dot-st.com/disp/ranking/?dispNo=001001003&periodTp=3&ageRange=35-39
2026-08-13,30代後半,35-39,10,44%OFF,GLOBAL WORK ひんやり涼しい/フローズン袖フレアプルオーバー半袖/680557,2234,https://www.dot-st.com/globalwork/disp/item/680557/,https://pdimg.dot-st.com/images/globalwork/goods/itemImg68/680557/item_680557_main_08_1779950817.jpg,SALE,https://www.dot-st.com/disp/ranking/?dispNo=001001003&periodTp=3&ageRange=35-39
2026-08-14,20代後半,25-29,1,GLOBAL,WORK しゅりプロデュース/ティアードブラウス/1044406,4990,https://www.dot-st.com/globalwork/disp/item/1044406/,https://pdimg.dot-st.com/images/globalwork/goods/itemImg104/1044406/item_1044406_main_82_1784188256.jpg,NEW,https://www.dot-st.com/disp/ranking/?dispNo=001001003&periodTp=3&ageRange=25-29
2026-08-14,20代後半,25-29,2,LOWRYS,FARM シャーリングブラウスフレンチスリーブ,6600,https://www.dot-st.com/lowrysfarm/disp/item/1046442/,https://pdimg.dot-st.com/images/lowrysfarm/goods/itemImg104/1046442/item_1046442_main_05_1784024394.jpg,NEW,https://www.dot-st.com/disp/ranking/?dispNo=001001003&periodTp=3&ageRange=25-29
2026-08-14,20代後半,25-29,3,GLOBAL,WORK せこ子プロデュース/透かし編みニットプルオーバー/1044391,5490,https://www.dot-st.com/globalwork/disp/item/1044391/,https://pdimg.dot-st.com/images/globalwork/goods/itemImg104/1044391/item_1044391_main_08_1784689444.jpg,NEW / 予約,https://www.dot-st.com/disp/ranking/?dispNo=001001003&periodTp=3&ageRange=25-29
2026-08-14,20代後半,25-29,4,GLOBAL,WORK airiプロデュ－ス/シアーデニムシャツ/1044440,4990,https://www.dot-st.com/globalwork/disp/item/1044440/,https://pdimg.dot-st.com/images/globalwork/goods/itemImg104/1044440/item_1044440_main_83_1784184877.jpg,NEW / 予約,https://www.dot-st.com/disp/ranking/?dispNo=001001003&periodTp=3&ageRange=25-29
2026-08-14,20代後半,25-29,5,Curensology,【】パールボタンニットカーディガン,29700,https://www.dot-st.com/curensology/disp/item/1045150/,https://pdimg.dot-st.com/images/curensology/goods/itemImg104/1045150/item_1045150_main_09_1783493933.jpg,予約,https://www.dot-st.com/disp/ranking/?dispNo=001001003&periodTp=3&ageRange=25-29
2026-08-14,20代後半,25-29,6,JEANASIS,シアーワッフルドロストプルオーバーLS,6600,https://www.dot-st.com/jeanasis/disp/item/1067550/,https://pdimg.dot-st.com/images/jeanasis/goods/itemImg106/1067550/item_1067550_main_06_1784196956.jpg,NEW,https://www.dot-st.com/disp/ranking/?dispNo=001001003&periodTp=3&ageRange=25-29
2026-08-14,20代後半,25-29,7,RAGEBLUE,TOY STORY(トイ・ストーリー)/加工プリントTシャツ,5990,https://www.dot-st.com/rageblue/disp/item/1049345/,https://pdimg.dot-st.com/images/rageblue/goods/itemImg104/1049345/item_1049345_main_12_1785045782.jpg,NEW,https://www.dot-st.com/disp/ranking/?dispNo=001001003&periodTp=3&ageRange=25-29
2026-08-14,20代後半,25-29,8,50%OFF,Classical Elf ラフなのに品よく見える。軽やかぽこぽこフクレジャガードトップス（半袖）ce1260557,1998,https://www.dot-st.com/classicalelf/disp/item/648357/,https://pdimg.dot-st.com/images/classicalelf/goods/itemImg64/648357/item_648357_main_05_1774235459.jpg,,https://www.dot-st.com/disp/ranking/?dispNo=001001003&periodTp=3&ageRange=25-29
2026-08-14,20代後半,25-29,9,28%OFF,LOWRYS FARM ペプラムチュニックＳＳ,4356,https://www.dot-st.com/lowrysfarm/disp/item/660871/,https://pdimg.dot-st.com/images/lowrysfarm/goods/itemImg66/660871/item_660871_main_06_1783645877.jpg,SALE,https://www.dot-st.com/disp/ranking/?dispNo=001001003&periodTp=3&ageRange=25-29
2026-08-14,20代後半,25-29,10,LOWRYS,FARM ドレーププルオーバーＳＳ,4400,https://www.dot-st.com/lowrysfarm/disp/item/1053677/,https://pdimg.dot-st.com/images/lowrysfarm/goods/itemImg105/1053677/item_1053677_main_08_1784101212.jpg,,https://www.dot-st.com/disp/ranking/?dispNo=001001003&periodTp=3&ageRange=25-29
2026-08-14,30代前半,30-34,1,GLOBAL,WORK せこ子プロデュース/透かし編みニットプルオーバー/1044391,5490,https://www.dot-st.com/globalwork/disp/item/1044391/,https://pdimg.dot-st.com/images/globalwork/goods/itemImg104/1044391/item_1044391_main_08_1784689444.jpg,NEW / 予約,https://www.dot-st.com/disp/ranking/?dispNo=001001003&periodTp=3&ageRange=30-34
2026-08-14,30代前半,30-34,2,GLOBAL,WORK airiプロデュ－ス/シアーデニムシャツ/1044440,4990,https://www.dot-st.com/globalwork/disp/item/1044440/,https://pdimg.dot-st.com/images/globalwork/goods/itemImg104/1044440/item_1044440_main_83_1784184877.jpg,NEW / 予約,https://www.dot-st.com/disp/ranking/?dispNo=001001003&periodTp=3&ageRange=30-34
2026-08-14,30代前半,30-34,3,GLOBAL,WORK しゅりプロデュース/ティアードブラウス/1044406,4990,https://www.dot-st.com/globalwork/disp/item/1044406/,https://pdimg.dot-st.com/images/globalwork/goods/itemImg104/1044406/item_1044406_main_82_1784188256.jpg,NEW,https://www.dot-st.com/disp/ranking/?dispNo=001001003&periodTp=3&ageRange=30-34
2026-08-14,30代前半,30-34,4,GLOBAL,WORK るんるんプロデュース/切り替えデニム5分袖/1044443,4490,https://www.dot-st.com/globalwork/disp/item/1044443/,https://pdimg.dot-st.com/images/globalwork/goods/itemImg104/1044443/item_1044443_main_83_1784192574.jpg,,https://www.dot-st.com/disp/ranking/?dispNo=001001003&periodTp=3&ageRange=30-34
2026-08-14,30代前半,30-34,5,28%OFF,GLOBAL WORK 【FRUITS ZIPPER 鎮西寿々歌さん着用】リッチクリーンプリントT半袖/636780,2512,https://www.dot-st.com/globalwork/disp/item/636780/,https://pdimg.dot-st.com/images/globalwork/goods/itemImg63/636780/item_636780_main_07_1776334984.jpg,SALE,https://www.dot-st.com/disp/ranking/?dispNo=001001003&periodTp=3&ageRange=30-34
2026-08-14,30代前半,30-34,6,LEPSIM,《新作WEB》【BEVERLY HILLS POLO CLUB】シャギーチェックシャツ,8800,https://www.dot-st.com/lepsim/disp/item/683628/,https://pdimg.dot-st.com/images/lepsim/goods/itemImg68/683628/item_683628_main_55_1786528232.jpg,予約,https://www.dot-st.com/disp/ranking/?dispNo=001001003&periodTp=3&ageRange=30-34
2026-08-14,30代前半,30-34,7,46%OFF,LOWRYS FARM シャーリングチュニックフレンチスリーブ,3267,https://www.dot-st.com/lowrysfarm/disp/item/581468/,https://pdimg.dot-st.com/images/lowrysfarm/goods/itemImg58/581468/item_581468_main_08_1776892278.jpg,SALE,https://www.dot-st.com/disp/ranking/?dispNo=001001003&periodTp=3&ageRange=30-34
2026-08-14,30代前半,30-34,8,BAYFLOW,TOY STORY(トイ・ストーリー)/ピザブラネットTシャツ（WOMEN）,5990,https://www.dot-st.com/bayflow/disp/item/805706/,https://pdimg.dot-st.com/images/bayflow/goods/itemImg80/805706/item_805706_main_11_1782727462.jpg,NEW,https://www.dot-st.com/disp/ranking/?dispNo=001001003&periodTp=3&ageRange=30-34
2026-08-14,30代前半,30-34,9,36%OFF,GLOBAL WORK UVプロテクトフードシャツ/646416,2553,https://www.dot-st.com/globalwork/disp/item/646416/,https://pdimg.dot-st.com/images/globalwork/goods/itemImg64/646416/item_646416_main_05_1772535514.jpg,SALE,https://www.dot-st.com/disp/ranking/?dispNo=001001003&periodTp=3&ageRange=30-34
2026-08-14,30代前半,30-34,10,kutir,【12色展開】アソート袖リボンシアーメロートップス,2995,https://www.dot-st.com/kutir/disp/item/323537/,https://pdimg.dot-st.com/images/kutir/goods/itemImg32/323537/item_323537_main_51_1770088906.jpg,NEW,https://www.dot-st.com/disp/ranking/?dispNo=001001003&periodTp=3&ageRange=30-34
2026-08-14,30代後半,35-39,1,GLOBAL,WORK せこ子プロデュース/透かし編みニットプルオーバー/1044391,5490,https://www.dot-st.com/globalwork/disp/item/1044391/,https://pdimg.dot-st.com/images/globalwork/goods/itemImg104/1044391/item_1044391_main_08_1784689444.jpg,NEW / 予約,https://www.dot-st.com/disp/ranking/?dispNo=001001003&periodTp=3&ageRange=35-39
2026-08-14,30代後半,35-39,2,GLOBAL,WORK airiプロデュ－ス/シアーデニムシャツ/1044440,4990,https://www.dot-st.com/globalwork/disp/item/1044440/,https://pdimg.dot-st.com/images/globalwork/goods/itemImg104/1044440/item_1044440_main_83_1784184877.jpg,NEW / 予約,https://www.dot-st.com/disp/ranking/?dispNo=001001003&periodTp=3&ageRange=35-39
2026-08-14,30代後半,35-39,3,GLOBAL,WORK るんるんプロデュース/切り替えデニム5分袖/1044443,4490,https://www.dot-st.com/globalwork/disp/item/1044443/,https://pdimg.dot-st.com/images/globalwork/goods/itemImg104/1044443/item_1044443_main_83_1784192574.jpg,,https://www.dot-st.com/disp/ranking/?dispNo=001001003&periodTp=3&ageRange=35-39
2026-08-14,30代後半,35-39,4,GLOBAL,WORK しゅりプロデュース/ティアードブラウス/1044406,4990,https://www.dot-st.com/globalwork/disp/item/1044406/,https://pdimg.dot-st.com/images/globalwork/goods/itemImg104/1044406/item_1044406_main_82_1784188256.jpg,NEW,https://www.dot-st.com/disp/ranking/?dispNo=001001003&periodTp=3&ageRange=35-39
2026-08-14,30代後半,35-39,5,LEPSIM,《新作WEB》【BEVERLY HILLS POLO CLUB】シャギーチェックシャツ,8800,https://www.dot-st.com/lepsim/disp/item/683628/,https://pdimg.dot-st.com/images/lepsim/goods/itemImg68/683628/item_683628_main_55_1786528232.jpg,予約,https://www.dot-st.com/disp/ranking/?dispNo=001001003&periodTp=3&ageRange=35-39
2026-08-14,30代後半,35-39,6,28%OFF,GLOBAL WORK 【FRUITS ZIPPER 鎮西寿々歌さん着用】リッチクリーンプリントT半袖/636780,2512,https://www.dot-st.com/globalwork/disp/item/636780/,https://pdimg.dot-st.com/images/globalwork/goods/itemImg63/636780/item_636780_main_07_1776334984.jpg,SALE,https://www.dot-st.com/disp/ranking/?dispNo=001001003&periodTp=3&ageRange=35-39
2026-08-14,30代後半,35-39,7,GLOBAL,WORK シアークレープチェックシャツ/680572,4490,https://www.dot-st.com/globalwork/disp/item/680572/,https://pdimg.dot-st.com/images/globalwork/goods/itemImg68/680572/item_680572_main_10_1782974088.jpg,NEW,https://www.dot-st.com/disp/ranking/?dispNo=001001003&periodTp=3&ageRange=35-39
2026-08-14,30代後半,35-39,8,36%OFF,GLOBAL WORK GOODデニムシャツ半袖/655908,3193,https://www.dot-st.com/globalwork/disp/item/655908/,https://pdimg.dot-st.com/images/globalwork/goods/itemImg65/655908/item_655908_main_86_1777600034.jpg,SALE,https://www.dot-st.com/disp/ranking/?dispNo=001001003&periodTp=3&ageRange=35-39
2026-08-14,30代後半,35-39,9,36%OFF,GLOBAL WORK UVプロテクトフードシャツ/646416,2553,https://www.dot-st.com/globalwork/disp/item/646416/,https://pdimg.dot-st.com/images/globalwork/goods/itemImg64/646416/item_646416_main_05_1772535514.jpg,SALE,https://www.dot-st.com/disp/ranking/?dispNo=001001003&periodTp=3&ageRange=35-39
2026-08-14,30代後半,35-39,10,36%OFF,GLOBAL WORK 【FRUITS ZIPPER 鎮西寿々歌さん着用】サラサラDRYスクエアタンク/636753,1267,https://www.dot-st.com/globalwork/disp/item/636753/,https://pdimg.dot-st.com/images/globalwork/goods/itemImg63/636753/item_636753_main_05_1785147369.jpg,SALE,https://www.dot-st.com/disp/ranking/?dispNo=001001003&periodTp=3&ageRange=35-39
2026-08-15,20代後半,25-29,1,JEANASIS,シアーワッフルドロストプルオーバーLS,6600,https://www.dot-st.com/jeanasis/disp/item/1067550/,https://pdimg.dot-st.com/images/jeanasis/goods/itemImg106/1067550/item_1067550_main_06_1784196956.jpg,,https://www.dot-st.com/disp/ranking/?dispNo=001001003&periodTp=3&ageRange=25-29
2026-08-15,20代後半,25-29,2,kutir,【12色展開】アソート袖リボンシアーメロートップス,2995,https://www.dot-st.com/kutir/disp/item/323537/,https://pdimg.dot-st.com/images/kutir/goods/itemImg32/323537/item_323537_main_51_1770088906.jpg,NEW,https://www.dot-st.com/disp/ranking/?dispNo=001001003&periodTp=3&ageRange=25-29
2026-08-15,20代後半,25-29,3,niko,and ... [be with M] Misayoフードチェックシャツ【】,6600,https://www.dot-st.com/nikoand/disp/item/1050023/,https://pdimg.dot-st.com/images/nikoand/goods/itemImg105/1050023/item_1050023_main_50_1785814825.jpg,NEW / 予約,https://www.dot-st.com/disp/ranking/?dispNo=001001003&periodTp=3&ageRange=25-29
2026-08-15,20代後半,25-29,4,28%OFF,GLOBAL WORK 【FRUITS ZIPPER 鎮西寿々歌さん着用】リッチクリーンプリントT半袖/636780,2512,https://www.dot-st.com/globalwork/disp/item/636780/,https://pdimg.dot-st.com/images/globalwork/goods/itemImg63/636780/item_636780_main_07_1776334984.jpg,SALE,https://www.dot-st.com/disp/ranking/?dispNo=001001003&periodTp=3&ageRange=25-29
2026-08-15,20代後半,25-29,5,HARE,【新世紀エヴァンゲリオン×HARE】シーンプリントカット,9900,https://www.dot-st.com/hare/disp/item/1023260/,https://pdimg.dot-st.com/images/hare/goods/itemImg102/1023260/item_1023260_main_05_1786064530.jpg,NEW,https://www.dot-st.com/disp/ranking/?dispNo=001001003&periodTp=3&ageRange=25-29
2026-08-15,20代後半,25-29,6,50%OFF,Classical Elf 大人の配色で、オフィスにも着やすい♪着回し抜群の ランダムリブ 配色ポロトップスce1010636,2499,https://www.dot-st.com/classicalelf/disp/item/859558/,https://pdimg.dot-st.com/images/classicalelf/goods/itemImg85/859558/item_859558_main_50_1780362922.jpg,,https://www.dot-st.com/disp/ranking/?dispNo=001001003&periodTp=3&ageRange=25-29
2026-08-15,20代後半,25-29,7,niko,and ... [be with M] MisayoロゴWAYベスト【】,7500,https://www.dot-st.com/nikoand/disp/item/1050018/,https://pdimg.dot-st.com/images/nikoand/goods/itemImg105/1050018/item_1050018_main_78_1785815314.jpg,NEW / 予約,https://www.dot-st.com/disp/ranking/?dispNo=001001003&periodTp=3&ageRange=25-29
2026-08-15,20代後半,25-29,8,Wpc.,《公式限定》 最強の日傘「UVO」 UVパーカー ラッシュガード UVグッズ Wpc.,9900,https://www.dot-st.com/wpc-store/disp/item/666986/,https://pdimg.dot-st.com/images/wpc-store/goods/itemImg66/666986/item_666986_main_05_1771118534.jpg,,https://www.dot-st.com/disp/ranking/?dispNo=001001003&periodTp=3&ageRange=25-29
2026-08-15,20代後半,25-29,9,niko,and ... 【シリーズ累計販売数23万枚突破！】40ビエラレピアチェックシャツ【】,6000,https://www.dot-st.com/nikoand/disp/item/662023/,https://pdimg.dot-st.com/images/nikoand/goods/itemImg66/662023/item_662023_main_12_1783070872.jpg,予約,https://www.dot-st.com/disp/ranking/?dispNo=001001003&periodTp=3&ageRange=25-29
2026-08-15,20代後半,25-29,10,kutir,袖リボンシアーメロートップス,2995,https://www.dot-st.com/kutir/disp/item/660183/,https://pdimg.dot-st.com/images/kutir/goods/itemImg66/660183/item_660183_main_51_1785919776.jpg,NEW,https://www.dot-st.com/disp/ranking/?dispNo=001001003&periodTp=3&ageRange=25-29
2026-08-15,30代前半,30-34,1,niko,and ... [be with M] Misayoフードチェックシャツ【】,6600,https://www.dot-st.com/nikoand/disp/item/1050023/,https://pdimg.dot-st.com/images/nikoand/goods/itemImg105/1050023/item_1050023_main_50_1785814825.jpg,NEW / 予約,https://www.dot-st.com/disp/ranking/?dispNo=001001003&periodTp=3&ageRange=30-34
2026-08-15,30代前半,30-34,2,GLOBAL,WORK せこ子プロデュース/透かし編みニットプルオーバー/1044391,5490,https://www.dot-st.com/globalwork/disp/item/1044391/,https://pdimg.dot-st.com/images/globalwork/goods/itemImg104/1044391/item_1044391_main_08_1784689444.jpg,NEW / 予約,https://www.dot-st.com/disp/ranking/?dispNo=001001003&periodTp=3&ageRange=30-34
2026-08-15,30代前半,30-34,3,28%OFF,LOWRYS FARM ペプラムチュニックＳＳ,4356,https://www.dot-st.com/lowrysfarm/disp/item/660871/,https://pdimg.dot-st.com/images/lowrysfarm/goods/itemImg66/660871/item_660871_main_06_1783645877.jpg,SALE,https://www.dot-st.com/disp/ranking/?dispNo=001001003&periodTp=3&ageRange=30-34
2026-08-15,30代前半,30-34,4,GLOBAL,WORK airiプロデュ－ス/シアーデニムシャツ/1044440,4990,https://www.dot-st.com/globalwork/disp/item/1044440/,https://pdimg.dot-st.com/images/globalwork/goods/itemImg104/1044440/item_1044440_main_83_1784184877.jpg,NEW / 予約,https://www.dot-st.com/disp/ranking/?dispNo=001001003&periodTp=3&ageRange=30-34
2026-08-15,30代前半,30-34,5,LEPSIM,《新作WEB》【BEVERLY HILLS POLO CLUB】シャギーチェックシャツ,8800,https://www.dot-st.com/lepsim/disp/item/683628/,https://pdimg.dot-st.com/images/lepsim/goods/itemImg68/683628/item_683628_main_55_1786528232.jpg,予約,https://www.dot-st.com/disp/ranking/?dispNo=001001003&periodTp=3&ageRange=30-34
2026-08-15,30代前半,30-34,6,28%OFF,GLOBAL WORK 【FRUITS ZIPPER 鎮西寿々歌さん着用】リッチクリーンプリントT半袖/636780,2512,https://www.dot-st.com/globalwork/disp/item/636780/,https://pdimg.dot-st.com/images/globalwork/goods/itemImg63/636780/item_636780_main_07_1776334984.jpg,SALE,https://www.dot-st.com/disp/ranking/?dispNo=001001003&periodTp=3&ageRange=30-34
2026-08-15,30代前半,30-34,7,LOWRYS,FARM シャーリングブラウスフレンチスリーブ,6600,https://www.dot-st.com/lowrysfarm/disp/item/1046442/,https://pdimg.dot-st.com/images/lowrysfarm/goods/itemImg104/1046442/item_1046442_main_05_1784024394.jpg,NEW,https://www.dot-st.com/disp/ranking/?dispNo=001001003&periodTp=3&ageRange=30-34
2026-08-15,30代前半,30-34,8,50%OFF,Classical Elf ラフなのに品よく見える。軽やかぽこぽこフクレジャガードトップス（半袖）ce1260557,1998,https://www.dot-st.com/classicalelf/disp/item/648357/,https://pdimg.dot-st.com/images/classicalelf/goods/itemImg64/648357/item_648357_main_05_1774235459.jpg,,https://www.dot-st.com/disp/ranking/?dispNo=001001003&periodTp=3&ageRange=30-34
2026-08-15,30代前半,30-34,9,LEPSIM,ノーカラーデニムシャツ【カラー】,7990,https://www.dot-st.com/lepsim/disp/item/629900/,https://pdimg.dot-st.com/images/lepsim/goods/itemImg62/629900/item_629900_main_88_1784166845.jpg,予約,https://www.dot-st.com/disp/ranking/?dispNo=001001003&periodTp=3&ageRange=30-34
2026-08-15,30代前半,30-34,10,36%OFF,GLOBAL WORK UVプロテクトフードシャツ/646416,2553,https://www.dot-st.com/globalwork/disp/item/646416/,https://pdimg.dot-st.com/images/globalwork/goods/itemImg64/646416/item_646416_main_05_1772535514.jpg,SALE,https://www.dot-st.com/disp/ranking/?dispNo=001001003&periodTp=3&ageRange=30-34
2026-08-15,30代後半,35-39,1,niko,and ... [be with M] Misayoフードチェックシャツ【】,6600,https://www.dot-st.com/nikoand/disp/item/1050023/,https://pdimg.dot-st.com/images/nikoand/goods/itemImg105/1050023/item_1050023_main_50_1785814825.jpg,NEW / 予約,https://www.dot-st.com/disp/ranking/?dispNo=001001003&periodTp=3&ageRange=35-39
2026-08-15,30代後半,35-39,2,LEPSIM,《新作WEB》【BEVERLY HILLS POLO CLUB】シャギーチェックシャツ,8800,https://www.dot-st.com/lepsim/disp/item/683628/,https://pdimg.dot-st.com/images/lepsim/goods/itemImg68/683628/item_683628_main_55_1786528232.jpg,予約,https://www.dot-st.com/disp/ranking/?dispNo=001001003&periodTp=3&ageRange=35-39
2026-08-15,30代後半,35-39,3,niko,and ... [be with M] MisayoロゴWAYベスト【】,7500,https://www.dot-st.com/nikoand/disp/item/1050018/,https://pdimg.dot-st.com/images/nikoand/goods/itemImg105/1050018/item_1050018_main_78_1785815314.jpg,NEW / 予約,https://www.dot-st.com/disp/ranking/?dispNo=001001003&periodTp=3&ageRange=35-39
2026-08-15,30代後半,35-39,4,GLOBAL,WORK airiプロデュ－ス/シアーデニムシャツ/1044440,4990,https://www.dot-st.com/globalwork/disp/item/1044440/,https://pdimg.dot-st.com/images/globalwork/goods/itemImg104/1044440/item_1044440_main_83_1784184877.jpg,NEW / 予約,https://www.dot-st.com/disp/ranking/?dispNo=001001003&periodTp=3&ageRange=35-39
2026-08-15,30代後半,35-39,5,GLOBAL,WORK せこ子プロデュース/透かし編みニットプルオーバー/1044391,5490,https://www.dot-st.com/globalwork/disp/item/1044391/,https://pdimg.dot-st.com/images/globalwork/goods/itemImg104/1044391/item_1044391_main_08_1784689444.jpg,NEW / 予約,https://www.dot-st.com/disp/ranking/?dispNo=001001003&periodTp=3&ageRange=35-39
2026-08-15,30代後半,35-39,6,niko,and ... [be with M] MisayoリバーシブルT【】,6000,https://www.dot-st.com/nikoand/disp/item/1050010/,https://pdimg.dot-st.com/images/nikoand/goods/itemImg105/1050010/item_1050010_main_15_1785815463.jpg,NEW / 予約,https://www.dot-st.com/disp/ranking/?dispNo=001001003&periodTp=3&ageRange=35-39
2026-08-15,30代後半,35-39,7,28%OFF,GLOBAL WORK 【FRUITS ZIPPER 鎮西寿々歌さん着用】リッチクリーンプリントT半袖/636780,2512,https://www.dot-st.com/globalwork/disp/item/636780/,https://pdimg.dot-st.com/images/globalwork/goods/itemImg63/636780/item_636780_main_07_1776334984.jpg,SALE,https://www.dot-st.com/disp/ranking/?dispNo=001001003&periodTp=3&ageRange=35-39
2026-08-15,30代後半,35-39,8,niko,and ... [be with M] Misayoメッシュロゴプルオーバー【】,6600,https://www.dot-st.com/nikoand/disp/item/1050012/,https://pdimg.dot-st.com/images/nikoand/goods/itemImg105/1050012/item_1050012_main_15_1785815369.jpg,NEW / 予約,https://www.dot-st.com/disp/ranking/?dispNo=001001003&periodTp=3&ageRange=35-39
2026-08-15,30代後半,35-39,9,niko,and ... [be with M] Misayo万能レイヤーT【】,4000,https://www.dot-st.com/nikoand/disp/item/1050008/,https://pdimg.dot-st.com/images/nikoand/goods/itemImg105/1050008/item_1050008_main_40_1785815483.jpg,NEW / 予約,https://www.dot-st.com/disp/ranking/?dispNo=001001003&periodTp=3&ageRange=35-39
2026-08-15,30代後半,35-39,10,50%OFF,Classical Elf ラフなのに品よく見える。軽やかぽこぽこフクレジャガードトップス（半袖）ce1260557,1998,https://www.dot-st.com/classicalelf/disp/item/648357/,https://pdimg.dot-st.com/images/classicalelf/goods/itemImg64/648357/item_648357_main_05_1774235459.jpg,,https://www.dot-st.com/disp/ranking/?dispNo=001001003&periodTp=3&ageRange=35-39
2026-08-16,20代後半,25-29,1,JEANASIS,シアーワッフルドロストプルオーバーLS,6600,https://www.dot-st.com/jeanasis/disp/item/1067550/,https://pdimg.dot-st.com/images/jeanasis/goods/itemImg106/1067550/item_1067550_main_06_1784196956.jpg,,https://www.dot-st.com/disp/ranking/?dispNo=001001003&periodTp=3&ageRange=25-29
2026-08-16,20代後半,25-29,2,LOWRYS,FARM シャーリングブラウスフレンチスリーブ,6600,https://www.dot-st.com/lowrysfarm/disp/item/1046442/,https://pdimg.dot-st.com/images/lowrysfarm/goods/itemImg104/1046442/item_1046442_main_05_1784024394.jpg,NEW,https://www.dot-st.com/disp/ranking/?dispNo=001001003&periodTp=3&ageRange=25-29
2026-08-16,20代後半,25-29,3,50%OFF,Classical Elf 大人の配色で、オフィスにも着やすい♪着回し抜群の ランダムリブ 配色ポロトップスce1010636,2499,https://www.dot-st.com/classicalelf/disp/item/859558/,https://pdimg.dot-st.com/images/classicalelf/goods/itemImg85/859558/item_859558_main_50_1780362922.jpg,,https://www.dot-st.com/disp/ranking/?dispNo=001001003&periodTp=3&ageRange=25-29
2026-08-16,20代後半,25-29,4,10%OFF,mysty woman シャーリングブラウスセットワンピース,12870,https://www.dot-st.com/mystywoman/disp/item/1054930/,https://pdimg.dot-st.com/images/mystywoman/goods/itemImg105/1054930/item_1054930_main_58_1783490589.jpg,,https://www.dot-st.com/disp/ranking/?dispNo=001001003&periodTp=3&ageRange=25-29
2026-08-16,20代後半,25-29,5,29%OFF,Classical Elf ひらっと心が躍る。オーバーサイズランダムタックシアーカーディガンce1260606,3499,https://www.dot-st.com/classicalelf/disp/item/654856/,https://pdimg.dot-st.com/images/classicalelf/goods/itemImg65/654856/item_654856_main_13_1784086477.jpg,,https://www.dot-st.com/disp/ranking/?dispNo=001001003&periodTp=3&ageRange=25-29
2026-08-16,20代後半,25-29,6,niko,and ... ポコポコストライプシャツ,6000,https://www.dot-st.com/nikoand/disp/item/741559/,https://pdimg.dot-st.com/images/nikoand/goods/itemImg74/741559/item_741559_main_80_1783561086.jpg,NEW,https://www.dot-st.com/disp/ranking/?dispNo=001001003&periodTp=3&ageRange=25-29
2026-08-16,20代後半,25-29,7,RAGEBLUE,TOY STORY(トイ・ストーリー)/加工プリントTシャツ,5990,https://www.dot-st.com/rageblue/disp/item/1049345/,https://pdimg.dot-st.com/images/rageblue/goods/itemImg104/1049345/item_1049345_main_12_1785045782.jpg,NEW,https://www.dot-st.com/disp/ranking/?dispNo=001001003&periodTp=3&ageRange=25-29
2026-08-16,20代後半,25-29,8,36%OFF,GLOBAL WORK リッチクリーンTシャツ/半袖プリント/636394,2553,https://www.dot-st.com/globalwork/disp/item/636394/,https://pdimg.dot-st.com/images/globalwork/goods/itemImg63/636394/item_636394_main_05_1778238037.jpg,SALE,https://www.dot-st.com/disp/ranking/?dispNo=001001003&periodTp=3&ageRange=25-29
2026-08-16,20代後半,25-29,9,10%OFF,LOWRYS FARM ストライプシャーリングＳＳ,5391,https://www.dot-st.com/lowrysfarm/disp/item/675847/,https://pdimg.dot-st.com/images/lowrysfarm/goods/itemImg67/675847/item_675847_main_70_1777275975.jpg,,https://www.dot-st.com/disp/ranking/?dispNo=001001003&periodTp=3&ageRange=25-29
2026-08-16,20代後半,25-29,10,30%OFF,LOWRYS FARM MICKEY/リンガーＴ,3811,https://www.dot-st.com/lowrysfarm/disp/item/903290/,https://pdimg.dot-st.com/images/lowrysfarm/goods/itemImg90/903290/item_903290_main_18_1781861951.jpg,SALE,https://www.dot-st.com/disp/ranking/?dispNo=001001003&periodTp=3&ageRange=25-29
2026-08-16,30代前半,30-34,1,30%OFF,Chaos 【追加】エクリアノースリーブニット,21560,https://www.dot-st.com/chaos/disp/item/762872/,https://pdimg.dot-st.com/images/chaos/goods/itemImg76/762872/item_762872_main_58_1783053621.jpg,,https://www.dot-st.com/disp/ranking/?dispNo=001001003&periodTp=3&ageRange=30-34
2026-08-16,30代前半,30-34,2,GLOBAL,WORK airiプロデュ－ス/シアーデニムシャツ/1044440,4990,https://www.dot-st.com/globalwork/disp/item/1044440/,https://pdimg.dot-st.com/images/globalwork/goods/itemImg104/1044440/item_1044440_main_83_1784184877.jpg,NEW / 予約,https://www.dot-st.com/disp/ranking/?dispNo=001001003&periodTp=3&ageRange=30-34
2026-08-16,30代前半,30-34,3,LEPSIM,ノーカラーデニムシャツ【カラー】,7990,https://www.dot-st.com/lepsim/disp/item/629900/,https://pdimg.dot-st.com/images/lepsim/goods/itemImg62/629900/item_629900_main_88_1784166845.jpg,予約,https://www.dot-st.com/disp/ranking/?dispNo=001001003&periodTp=3&ageRange=30-34
2026-08-16,30代前半,30-34,4,LEPSIM,《新作WEB》【BEVERLY HILLS POLO CLUB】シャギーチェックシャツ,8800,https://www.dot-st.com/lepsim/disp/item/683628/,https://pdimg.dot-st.com/images/lepsim/goods/itemImg68/683628/item_683628_main_55_1786528232.jpg,予約,https://www.dot-st.com/disp/ranking/?dispNo=001001003&periodTp=3&ageRange=30-34
2026-08-16,30代前半,30-34,5,niko,and ... [be with M] Misayoフードチェックシャツ【】,6600,https://www.dot-st.com/nikoand/disp/item/1050023/,https://pdimg.dot-st.com/images/nikoand/goods/itemImg105/1050023/item_1050023_main_50_1785814825.jpg,NEW / 予約,https://www.dot-st.com/disp/ranking/?dispNo=001001003&periodTp=3&ageRange=30-34
2026-08-16,30代前半,30-34,6,JEANASIS,シアーワッフルドロストプルオーバーLS,6600,https://www.dot-st.com/jeanasis/disp/item/1067550/,https://pdimg.dot-st.com/images/jeanasis/goods/itemImg106/1067550/item_1067550_main_06_1784196956.jpg,,https://www.dot-st.com/disp/ranking/?dispNo=001001003&periodTp=3&ageRange=30-34
2026-08-16,30代前半,30-34,7,Chaos,【新色＆追加】バルドーＴシャツ,19800,https://www.dot-st.com/chaos/disp/item/151508/,https://pdimg.dot-st.com/images/chaos/goods/itemImg15/151508/item_151508_main_38_1786341681.jpg,NEW,https://www.dot-st.com/disp/ranking/?dispNo=001001003&periodTp=3&ageRange=30-34
2026-08-16,30代前半,30-34,8,GLOBAL,WORK せこ子プロデュース/透かし編みニットプルオーバー/1044391,5490,https://www.dot-st.com/globalwork/disp/item/1044391/,https://pdimg.dot-st.com/images/globalwork/goods/itemImg104/1044391/item_1044391_main_08_1784689444.jpg,NEW / 予約,https://www.dot-st.com/disp/ranking/?dispNo=001001003&periodTp=3&ageRange=30-34
2026-08-16,30代前半,30-34,9,28%OFF,GLOBAL WORK 【FRUITS ZIPPER 鎮西寿々歌さん着用】リッチクリーンプリントT半袖/636780,2512,https://www.dot-st.com/globalwork/disp/item/636780/,https://pdimg.dot-st.com/images/globalwork/goods/itemImg63/636780/item_636780_main_07_1776334984.jpg,SALE,https://www.dot-st.com/disp/ranking/?dispNo=001001003&periodTp=3&ageRange=30-34
2026-08-16,30代前半,30-34,10,28%OFF,LOWRYS FARM ペプラムチュニックＳＳ,4356,https://www.dot-st.com/lowrysfarm/disp/item/660871/,https://pdimg.dot-st.com/images/lowrysfarm/goods/itemImg66/660871/item_660871_main_06_1783645877.jpg,SALE,https://www.dot-st.com/disp/ranking/?dispNo=001001003&periodTp=3&ageRange=30-34
2026-08-16,30代後半,35-39,1,niko,and ... [be with M] Misayoフードチェックシャツ【】,6600,https://www.dot-st.com/nikoand/disp/item/1050023/,https://pdimg.dot-st.com/images/nikoand/goods/itemImg105/1050023/item_1050023_main_50_1785814825.jpg,NEW / 予約,https://www.dot-st.com/disp/ranking/?dispNo=001001003&periodTp=3&ageRange=35-39
2026-08-16,30代後半,35-39,2,LEPSIM,《新作WEB》【BEVERLY HILLS POLO CLUB】シャギーチェックシャツ,8800,https://www.dot-st.com/lepsim/disp/item/683628/,https://pdimg.dot-st.com/images/lepsim/goods/itemImg68/683628/item_683628_main_55_1786528232.jpg,予約,https://www.dot-st.com/disp/ranking/?dispNo=001001003&periodTp=3&ageRange=35-39
2026-08-16,30代後半,35-39,3,LEPSIM,ノーカラーデニムシャツ【カラー】,7990,https://www.dot-st.com/lepsim/disp/item/629900/,https://pdimg.dot-st.com/images/lepsim/goods/itemImg62/629900/item_629900_main_88_1784166845.jpg,予約,https://www.dot-st.com/disp/ranking/?dispNo=001001003&periodTp=3&ageRange=35-39
2026-08-16,30代後半,35-39,4,GLOBAL,WORK せこ子プロデュース/透かし編みニットプルオーバー/1044391,5490,https://www.dot-st.com/globalwork/disp/item/1044391/,https://pdimg.dot-st.com/images/globalwork/goods/itemImg104/1044391/item_1044391_main_08_1784689444.jpg,NEW / 予約,https://www.dot-st.com/disp/ranking/?dispNo=001001003&periodTp=3&ageRange=35-39
2026-08-16,30代後半,35-39,5,28%OFF,GLOBAL WORK 【FRUITS ZIPPER 鎮西寿々歌さん着用】リッチクリーンプリントT半袖/636780,2512,https://www.dot-st.com/globalwork/disp/item/636780/,https://pdimg.dot-st.com/images/globalwork/goods/itemImg63/636780/item_636780_main_07_1776334984.jpg,SALE,https://www.dot-st.com/disp/ranking/?dispNo=001001003&periodTp=3&ageRange=35-39
2026-08-16,30代後半,35-39,6,GLOBAL,WORK airiプロデュ－ス/シアーデニムシャツ/1044440,4990,https://www.dot-st.com/globalwork/disp/item/1044440/,https://pdimg.dot-st.com/images/globalwork/goods/itemImg104/1044440/item_1044440_main_83_1784184877.jpg,NEW / 予約,https://www.dot-st.com/disp/ranking/?dispNo=001001003&periodTp=3&ageRange=35-39
2026-08-16,30代後半,35-39,7,niko,and ... [be with M] Misayo万能レイヤーT【】,4000,https://www.dot-st.com/nikoand/disp/item/1050008/,https://pdimg.dot-st.com/images/nikoand/goods/itemImg105/1050008/item_1050008_main_40_1785815483.jpg,NEW / 予約,https://www.dot-st.com/disp/ranking/?dispNo=001001003&periodTp=3&ageRange=35-39
2026-08-16,30代後半,35-39,8,36%OFF,GLOBAL WORK 【FRUITS ZIPPER 鎮西寿々歌さん着用】シルキータッチシアーシャツ5分袖/636672,2873,https://www.dot-st.com/globalwork/disp/item/636672/,https://pdimg.dot-st.com/images/globalwork/goods/itemImg63/636672/item_636672_main_85_1785147763.jpg,SALE,https://www.dot-st.com/disp/ranking/?dispNo=001001003&periodTp=3&ageRange=35-39
2026-08-16,30代後半,35-39,9,44%OFF,Classical Elf 重ねてる風、が今っぽい。ビスチェ風チュールフリルドッキングTシャツce1010572,2798,https://www.dot-st.com/classicalelf/disp/item/644054/,https://pdimg.dot-st.com/images/classicalelf/goods/itemImg64/644054/item_644054_main_01_1774576827.jpg,,https://www.dot-st.com/disp/ranking/?dispNo=001001003&periodTp=3&ageRange=35-39
2026-08-16,30代後半,35-39,10,niko,and ... アソートレイヤープリントＴシャツ,5000,https://www.dot-st.com/nikoand/disp/item/1046989/,https://pdimg.dot-st.com/images/nikoand/goods/itemImg104/1046989/item_1046989_main_70_1782964177.jpg,NEW,https://www.dot-st.com/disp/ranking/?dispNo=001001003&periodTp=3&ageRange=35-39
2026-08-17,20代後半,25-29,1,JEANASIS,シアーワッフルドロストプルオーバーLS,6600,https://www.dot-st.com/jeanasis/disp/item/1067550/,https://pdimg.dot-st.com/images/jeanasis/goods/itemImg106/1067550/item_1067550_main_06_1784196956.jpg,,https://www.dot-st.com/disp/ranking/?dispNo=001001003&periodTp=3&ageRange=25-29
2026-08-17,20代後半,25-29,2,LOWRYS,FARM シャーリングブラウスフレンチスリーブ,6600,https://www.dot-st.com/lowrysfarm/disp/item/1046442/,https://pdimg.dot-st.com/images/lowrysfarm/goods/itemImg104/1046442/item_1046442_main_05_1784024394.jpg,NEW,https://www.dot-st.com/disp/ranking/?dispNo=001001003&periodTp=3&ageRange=25-29
2026-08-17,20代後半,25-29,3,RAGEBLUE,TOY STORY(トイ・ストーリー)/加工プリントTシャツ,5990,https://www.dot-st.com/rageblue/disp/item/1049345/,https://pdimg.dot-st.com/images/rageblue/goods/itemImg104/1049345/item_1049345_main_12_1785045782.jpg,NEW,https://www.dot-st.com/disp/ranking/?dispNo=001001003&periodTp=3&ageRange=25-29
2026-08-17,20代後半,25-29,4,10%OFF,LOWRYS FARM ギャザーポロＳＳ,4950,https://www.dot-st.com/lowrysfarm/disp/item/794100/,https://pdimg.dot-st.com/images/lowrysfarm/goods/itemImg79/794100/item_794100_main_58_1779758194.jpg,,https://www.dot-st.com/disp/ranking/?dispNo=001001003&periodTp=3&ageRange=25-29
2026-08-17,20代後半,25-29,5,37%OFF,LOWRYS FARM ヨウリュウシシュウキャミチュニック,4403,https://www.dot-st.com/lowrysfarm/disp/item/903513/,https://pdimg.dot-st.com/images/lowrysfarm/goods/itemImg90/903513/item_903513_main_05_1779789378.jpg,SALE,https://www.dot-st.com/disp/ranking/?dispNo=001001003&periodTp=3&ageRange=25-29
2026-08-17,20代後半,25-29,6,BABYLONE,【柳橋唯さんYouTube紹介アイテム】FOXカシミヤヘムベスト,26400,https://www.dot-st.com/babylone/disp/item/828089/,https://pdimg.dot-st.com/images/babylone/goods/itemImg82/828089/item_828089_main_98_1784267731.jpg,NEW,https://www.dot-st.com/disp/ranking/?dispNo=001001003&periodTp=3&ageRange=25-29
2026-08-17,20代後半,25-29,7,28%OFF,LOWRYS FARM ペプラムチュニックＳＳ,4356,https://www.dot-st.com/lowrysfarm/disp/item/660871/,https://pdimg.dot-st.com/images/lowrysfarm/goods/itemImg66/660871/item_660871_main_06_1783645877.jpg,SALE,https://www.dot-st.com/disp/ranking/?dispNo=001001003&periodTp=3&ageRange=25-29
2026-08-17,20代後半,25-29,8,LOWRYS,FARM シャーリングビスチェ,6050,https://www.dot-st.com/lowrysfarm/disp/item/1046445/,https://pdimg.dot-st.com/images/lowrysfarm/goods/itemImg104/1046445/item_1046445_main_09_1781832614.jpg,,https://www.dot-st.com/disp/ranking/?dispNo=001001003&periodTp=3&ageRange=25-29
2026-08-17,20代後半,25-29,9,10%OFF,HARE 【接触冷感】ポケットミニロゴカットソー,3960,https://www.dot-st.com/hare/disp/item/639076/,https://pdimg.dot-st.com/images/hare/goods/itemImg63/639076/item_639076_main_05_1777002916.jpg,,https://www.dot-st.com/disp/ranking/?dispNo=001001003&periodTp=3&ageRange=25-29
2026-08-17,20代後半,25-29,10,36%OFF,GLOBAL WORK 【FRUITS ZIPPER 鎮西寿々歌さん着用】シルキータッチシアーシャツ5分袖/636672,2873,https://www.dot-st.com/globalwork/disp/item/636672/,https://pdimg.dot-st.com/images/globalwork/goods/itemImg63/636672/item_636672_main_85_1785147763.jpg,SALE,https://www.dot-st.com/disp/ranking/?dispNo=001001003&periodTp=3&ageRange=25-29
2026-08-17,30代前半,30-34,1,28%OFF,GLOBAL WORK 【FRUITS ZIPPER 鎮西寿々歌さん着用】リッチクリーンプリントT半袖/636780,2512,https://www.dot-st.com/globalwork/disp/item/636780/,https://pdimg.dot-st.com/images/globalwork/goods/itemImg63/636780/item_636780_main_07_1776334984.jpg,SALE,https://www.dot-st.com/disp/ranking/?dispNo=001001003&periodTp=3&ageRange=30-34
2026-08-17,30代前半,30-34,2,LEPSIM,ノーカラーデニムシャツ【カラー】,7990,https://www.dot-st.com/lepsim/disp/item/629900/,https://pdimg.dot-st.com/images/lepsim/goods/itemImg62/629900/item_629900_main_88_1784166845.jpg,予約,https://www.dot-st.com/disp/ranking/?dispNo=001001003&periodTp=3&ageRange=30-34
2026-08-17,30代前半,30-34,3,36%OFF,GLOBAL WORK UVプロテクトフードシャツ/646416,2553,https://www.dot-st.com/globalwork/disp/item/646416/,https://pdimg.dot-st.com/images/globalwork/goods/itemImg64/646416/item_646416_main_05_1772535514.jpg,SALE,https://www.dot-st.com/disp/ranking/?dispNo=001001003&periodTp=3&ageRange=30-34
2026-08-17,30代前半,30-34,4,LEPSIM,《新作WEB》【BEVERLY HILLS POLO CLUB】シャギーチェックシャツ,8800,https://www.dot-st.com/lepsim/disp/item/683628/,https://pdimg.dot-st.com/images/lepsim/goods/itemImg68/683628/item_683628_main_55_1786528232.jpg,予約,https://www.dot-st.com/disp/ranking/?dispNo=001001003&periodTp=3&ageRange=30-34
2026-08-17,30代前半,30-34,5,LEPSIM,フーディシャツ長袖チュニック,6600,https://www.dot-st.com/lepsim/disp/item/1060614/,https://pdimg.dot-st.com/images/lepsim/goods/itemImg106/1060614/item_1060614_main_10_1785748865.jpg,NEW,https://www.dot-st.com/disp/ranking/?dispNo=001001003&periodTp=3&ageRange=30-34
2026-08-17,30代前半,30-34,6,HARE,【WEB】レースUPミドルカーディガン,13200,https://www.dot-st.com/hare/disp/item/782984/,https://pdimg.dot-st.com/images/hare/goods/itemImg78/782984/item_782984_main_12_1785138631.jpg,NEW / 予約,https://www.dot-st.com/disp/ranking/?dispNo=001001003&periodTp=3&ageRange=30-34
2026-08-17,30代前半,30-34,7,50%OFF,Classical Elf ラフなのに品よく見える。軽やかぽこぽこフクレジャガードトップス（半袖）ce1260557,1998,https://www.dot-st.com/classicalelf/disp/item/648357/,https://pdimg.dot-st.com/images/classicalelf/goods/itemImg64/648357/item_648357_main_05_1774235459.jpg,,https://www.dot-st.com/disp/ranking/?dispNo=001001003&periodTp=3&ageRange=30-34
2026-08-17,30代前半,30-34,8,44%OFF,Classical Elf 重ねてる風、が今っぽい。ビスチェ風チュールフリルドッキングTシャツce1010572,2798,https://www.dot-st.com/classicalelf/disp/item/644054/,https://pdimg.dot-st.com/images/classicalelf/goods/itemImg64/644054/item_644054_main_01_1774576827.jpg,,https://www.dot-st.com/disp/ranking/?dispNo=001001003&periodTp=3&ageRange=30-34
2026-08-17,30代前半,30-34,9,50%OFF,Classical Elf 大人の配色で、オフィスにも着やすい♪着回し抜群の ランダムリブ 配色ポロトップスce1010636,2499,https://www.dot-st.com/classicalelf/disp/item/859558/,https://pdimg.dot-st.com/images/classicalelf/goods/itemImg85/859558/item_859558_main_50_1780362922.jpg,,https://www.dot-st.com/disp/ranking/?dispNo=001001003&periodTp=3&ageRange=30-34
2026-08-17,30代前半,30-34,10,GLOBAL,WORK TOY STORY 5(トイ・ストーリー5)/ヘビロッTEE/812422,3990,https://www.dot-st.com/globalwork/disp/item/812422/,https://pdimg.dot-st.com/images/globalwork/goods/itemImg81/812422/item_812422_main_09_1785216538.jpg,NEW,https://www.dot-st.com/disp/ranking/?dispNo=001001003&periodTp=3&ageRange=30-34
2026-08-17,30代後半,35-39,1,LEPSIM,《新作WEB》【BEVERLY HILLS POLO CLUB】シャギーチェックシャツ,8800,https://www.dot-st.com/lepsim/disp/item/683628/,https://pdimg.dot-st.com/images/lepsim/goods/itemImg68/683628/item_683628_main_55_1786528232.jpg,予約,https://www.dot-st.com/disp/ranking/?dispNo=001001003&periodTp=3&ageRange=35-39
2026-08-17,30代後半,35-39,2,GLOBAL,WORK せこ子プロデュース/透かし編みニットプルオーバー/1044391,5490,https://www.dot-st.com/globalwork/disp/item/1044391/,https://pdimg.dot-st.com/images/globalwork/goods/itemImg104/1044391/item_1044391_main_08_1784689444.jpg,NEW / 予約,https://www.dot-st.com/disp/ranking/?dispNo=001001003&periodTp=3&ageRange=35-39
2026-08-17,30代後半,35-39,3,LEPSIM,ノーカラーデニムシャツ【カラー】,7990,https://www.dot-st.com/lepsim/disp/item/629900/,https://pdimg.dot-st.com/images/lepsim/goods/itemImg62/629900/item_629900_main_88_1784166845.jpg,予約,https://www.dot-st.com/disp/ranking/?dispNo=001001003&periodTp=3&ageRange=35-39
2026-08-17,30代後半,35-39,4,28%OFF,GLOBAL WORK 【FRUITS ZIPPER 鎮西寿々歌さん着用】リッチクリーンプリントT半袖/636780,2512,https://www.dot-st.com/globalwork/disp/item/636780/,https://pdimg.dot-st.com/images/globalwork/goods/itemImg63/636780/item_636780_main_07_1776334984.jpg,SALE,https://www.dot-st.com/disp/ranking/?dispNo=001001003&periodTp=3&ageRange=35-39
2026-08-17,30代後半,35-39,5,GLOBAL,WORK airiプロデュ－ス/シアーデニムシャツ/1044440,4990,https://www.dot-st.com/globalwork/disp/item/1044440/,https://pdimg.dot-st.com/images/globalwork/goods/itemImg104/1044440/item_1044440_main_83_1784184877.jpg,NEW / 予約,https://www.dot-st.com/disp/ranking/?dispNo=001001003&periodTp=3&ageRange=35-39
2026-08-17,30代後半,35-39,6,LEPSIM,フーディシャツ長袖チュニック,6600,https://www.dot-st.com/lepsim/disp/item/1060614/,https://pdimg.dot-st.com/images/lepsim/goods/itemImg106/1060614/item_1060614_main_10_1785748865.jpg,NEW,https://www.dot-st.com/disp/ranking/?dispNo=001001003&periodTp=3&ageRange=35-39
2026-08-17,30代後半,35-39,7,niko,and ... [be with M] Misayoフードチェックシャツ【】,6600,https://www.dot-st.com/nikoand/disp/item/1050023/,https://pdimg.dot-st.com/images/nikoand/goods/itemImg105/1050023/item_1050023_main_50_1785814825.jpg,NEW / 予約,https://www.dot-st.com/disp/ranking/?dispNo=001001003&periodTp=3&ageRange=35-39
2026-08-17,30代後半,35-39,8,GLOBAL,WORK シアークレープチェックシャツ/680572,4490,https://www.dot-st.com/globalwork/disp/item/680572/,https://pdimg.dot-st.com/images/globalwork/goods/itemImg68/680572/item_680572_main_10_1782974088.jpg,NEW,https://www.dot-st.com/disp/ranking/?dispNo=001001003&periodTp=3&ageRange=35-39
2026-08-17,30代後半,35-39,9,50%OFF,Classical Elf ラフなのに品よく見える。軽やかぽこぽこフクレジャガードトップス（半袖）ce1260557,1998,https://www.dot-st.com/classicalelf/disp/item/648357/,https://pdimg.dot-st.com/images/classicalelf/goods/itemImg64/648357/item_648357_main_05_1774235459.jpg,,https://www.dot-st.com/disp/ranking/?dispNo=001001003&periodTp=3&ageRange=35-39
2026-08-17,30代後半,35-39,10,36%OFF,GLOBAL WORK UVプロテクトフードシャツ/646416,2553,https://www.dot-st.com/globalwork/disp/item/646416/,https://pdimg.dot-st.com/images/globalwork/goods/itemImg64/646416/item_646416_main_05_1772535514.jpg,SALE,https://www.dot-st.com/disp/ranking/?dispNo=001001003&periodTp=3&ageRange=35-39
2026-08-18,20代後半,25-29,1,JEANASIS,シアーワッフルドロストプルオーバーLS【追加】,6600,https://www.dot-st.com/jeanasis/disp/item/1067550/,https://pdimg.dot-st.com/images/jeanasis/goods/itemImg106/1067550/item_1067550_main_06_1784196956.jpg,予約,https://www.dot-st.com/disp/ranking/?dispNo=001001003&periodTp=3&ageRange=25-29
2026-08-18,20代後半,25-29,2,A,part by 【名品シリーズ・イージーケア】ラクーンコンキンボタンカーディガン/WEB,14850,https://www.dot-st.com/apartbylowrys/disp/item/681236/,https://pdimg.dot-st.com/images/apartbylowrys/goods/itemImg68/681236/item_681236_main_54_1781771431.jpg,予約,https://www.dot-st.com/disp/ranking/?dispNo=001001003&periodTp=3&ageRange=25-29
2026-08-18,20代後半,25-29,3,HARE,【WEB】レースUPミドルカーディガン,13200,https://www.dot-st.com/hare/disp/item/782984/,https://pdimg.dot-st.com/images/hare/goods/itemImg78/782984/item_782984_main_12_1785138631.jpg,NEW / 予約,https://www.dot-st.com/disp/ranking/?dispNo=001001003&periodTp=3&ageRange=25-29
2026-08-18,20代後半,25-29,4,LOWRYS,FARM シャーリングブラウスフレンチスリーブ,6600,https://www.dot-st.com/lowrysfarm/disp/item/1046442/,https://pdimg.dot-st.com/images/lowrysfarm/goods/itemImg104/1046442/item_1046442_main_05_1784024394.jpg,NEW,https://www.dot-st.com/disp/ranking/?dispNo=001001003&periodTp=3&ageRange=25-29
2026-08-18,20代後半,25-29,5,LOWRYS,FARM アシメティアードチュニックＳＳ,6050,https://www.dot-st.com/lowrysfarm/disp/item/1049042/,https://pdimg.dot-st.com/images/lowrysfarm/goods/itemImg104/1049042/item_1049042_main_05_1782896599.jpg,,https://www.dot-st.com/disp/ranking/?dispNo=001001003&periodTp=3&ageRange=25-29
2026-08-18,20代後半,25-29,6,HARE,【＋10%ポイント付与キャンペーン対象 WEB】シシュウダンボールパーカー,11000,https://www.dot-st.com/hare/disp/item/1063459/,https://pdimg.dot-st.com/images/hare/goods/itemImg106/1063459/item_1063459_main_85_1784278788.jpg,NEW / 予約,https://www.dot-st.com/disp/ranking/?dispNo=001001003&periodTp=3&ageRange=25-29
2026-08-18,20代後半,25-29,7,HARE,【SETUP対応】オパールシアーシャツ,9900,https://www.dot-st.com/hare/disp/item/1050600/,https://pdimg.dot-st.com/images/hare/goods/itemImg105/1050600/item_1050600_main_78_1784890045.jpg,NEW,https://www.dot-st.com/disp/ranking/?dispNo=001001003&periodTp=3&ageRange=25-29
2026-08-18,20代後半,25-29,8,LOWRYS,FARM シャーリングビスチェ,6050,https://www.dot-st.com/lowrysfarm/disp/item/1046445/,https://pdimg.dot-st.com/images/lowrysfarm/goods/itemImg104/1046445/item_1046445_main_09_1781832614.jpg,,https://www.dot-st.com/disp/ranking/?dispNo=001001003&periodTp=3&ageRange=25-29
2026-08-18,20代後半,25-29,9,kutir,【12色展開】アソート袖リボンシアーメロートップス,2995,https://www.dot-st.com/kutir/disp/item/323537/,https://pdimg.dot-st.com/images/kutir/goods/itemImg32/323537/item_323537_main_51_1770088906.jpg,NEW,https://www.dot-st.com/disp/ranking/?dispNo=001001003&periodTp=3&ageRange=25-29
2026-08-18,20代後半,25-29,10,LEPSIM,《新作WEB》【BEVERLY HILLS POLO CLUB】シャギーチェックシャツ,8800,https://www.dot-st.com/lepsim/disp/item/683628/,https://pdimg.dot-st.com/images/lepsim/goods/itemImg68/683628/item_683628_main_55_1786528232.jpg,予約,https://www.dot-st.com/disp/ranking/?dispNo=001001003&periodTp=3&ageRange=25-29
2026-08-18,30代前半,30-34,1,LEPSIM,ミニ裏毛ドルマンプリント6分袖,5500,https://www.dot-st.com/lepsim/disp/item/840430/,https://pdimg.dot-st.com/images/lepsim/goods/itemImg84/840430/item_840430_main_12_1785980198.jpg,NEW,https://www.dot-st.com/disp/ranking/?dispNo=001001003&periodTp=3&ageRange=30-34
2026-08-18,30代前半,30-34,2,LEPSIM,《新作WEB》【BEVERLY HILLS POLO CLUB】シャギーチェックシャツ,8800,https://www.dot-st.com/lepsim/disp/item/683628/,https://pdimg.dot-st.com/images/lepsim/goods/itemImg68/683628/item_683628_main_55_1786528232.jpg,予約,https://www.dot-st.com/disp/ranking/?dispNo=001001003&periodTp=3&ageRange=30-34
2026-08-18,30代前半,30-34,3,LEPSIM,フーディシャツ長袖チュニック,6600,https://www.dot-st.com/lepsim/disp/item/1060614/,https://pdimg.dot-st.com/images/lepsim/goods/itemImg106/1060614/item_1060614_main_05_1786495648.jpg,NEW,https://www.dot-st.com/disp/ranking/?dispNo=001001003&periodTp=3&ageRange=30-34
2026-08-18,30代前半,30-34,4,HARE,【WEB】レースUPミドルカーディガン,13200,https://www.dot-st.com/hare/disp/item/782984/,https://pdimg.dot-st.com/images/hare/goods/itemImg78/782984/item_782984_main_12_1785138631.jpg,NEW / 予約,https://www.dot-st.com/disp/ranking/?dispNo=001001003&periodTp=3&ageRange=30-34
2026-08-18,30代前半,30-34,5,LOWRYS,FARM アシメティアードチュニックＳＳ,6050,https://www.dot-st.com/lowrysfarm/disp/item/1049042/,https://pdimg.dot-st.com/images/lowrysfarm/goods/itemImg104/1049042/item_1049042_main_05_1782896599.jpg,,https://www.dot-st.com/disp/ranking/?dispNo=001001003&periodTp=3&ageRange=30-34
2026-08-18,30代前半,30-34,6,GLOBAL,WORK airiプロデュ－ス/シアーデニムシャツ/1044440,4990,https://www.dot-st.com/globalwork/disp/item/1044440/,https://pdimg.dot-st.com/images/globalwork/goods/itemImg104/1044440/item_1044440_main_83_1784184877.jpg,NEW / 予約,https://www.dot-st.com/disp/ranking/?dispNo=001001003&periodTp=3&ageRange=30-34
2026-08-18,30代前半,30-34,7,LOWRYS,FARM シャーリングブラウスフレンチスリーブ,6600,https://www.dot-st.com/lowrysfarm/disp/item/1046442/,https://pdimg.dot-st.com/images/lowrysfarm/goods/itemImg104/1046442/item_1046442_main_05_1784024394.jpg,NEW,https://www.dot-st.com/disp/ranking/?dispNo=001001003&periodTp=3&ageRange=30-34
2026-08-18,30代前半,30-34,8,Classical,Elf ラフなのに品よく見える。軽やかぽこぽこフクレジャガードトップス（半袖）ce1260557,3998,https://www.dot-st.com/classicalelf/disp/item/648357/,https://pdimg.dot-st.com/images/classicalelf/goods/itemImg64/648357/item_648357_main_05_1774235459.jpg,,https://www.dot-st.com/disp/ranking/?dispNo=001001003&periodTp=3&ageRange=30-34
2026-08-18,30代前半,30-34,9,A,part by 【名品シリーズ・イージーケア】ラクーンコンキンボタンカーディガン/WEB,14850,https://www.dot-st.com/apartbylowrys/disp/item/681236/,https://pdimg.dot-st.com/images/apartbylowrys/goods/itemImg68/681236/item_681236_main_54_1781771431.jpg,予約,https://www.dot-st.com/disp/ranking/?dispNo=001001003&periodTp=3&ageRange=30-34
2026-08-18,30代前半,30-34,10,20%OFF,LOWRYS FARM ペプラムチュニックＳＳ,4840,https://www.dot-st.com/lowrysfarm/disp/item/660871/,https://pdimg.dot-st.com/images/lowrysfarm/goods/itemImg66/660871/item_660871_main_06_1783645877.jpg,SALE,https://www.dot-st.com/disp/ranking/?dispNo=001001003&periodTp=3&ageRange=30-34
2026-08-18,30代後半,35-39,1,LEPSIM,《新作WEB》【BEVERLY HILLS POLO CLUB】シャギーチェックシャツ,8800,https://www.dot-st.com/lepsim/disp/item/683628/,https://pdimg.dot-st.com/images/lepsim/goods/itemImg68/683628/item_683628_main_55_1786528232.jpg,予約,https://www.dot-st.com/disp/ranking/?dispNo=001001003&periodTp=3&ageRange=35-39
2026-08-18,30代後半,35-39,2,LEPSIM,ミニ裏毛ドルマンプリント6分袖,5500,https://www.dot-st.com/lepsim/disp/item/840430/,https://pdimg.dot-st.com/images/lepsim/goods/itemImg84/840430/item_840430_main_12_1785980198.jpg,NEW,https://www.dot-st.com/disp/ranking/?dispNo=001001003&periodTp=3&ageRange=35-39
2026-08-18,30代後半,35-39,3,20%OFF,GLOBAL WORK UVプロテクトフードシャツ/646416,3192,https://www.dot-st.com/globalwork/disp/item/646416/,https://pdimg.dot-st.com/images/globalwork/goods/itemImg64/646416/item_646416_main_05_1772535514.jpg,SALE,https://www.dot-st.com/disp/ranking/?dispNo=001001003&periodTp=3&ageRange=35-39
2026-08-18,30代後半,35-39,4,GLOBAL,WORK airiプロデュ－ス/シアーデニムシャツ/1044440,4990,https://www.dot-st.com/globalwork/disp/item/1044440/,https://pdimg.dot-st.com/images/globalwork/goods/itemImg104/1044440/item_1044440_main_83_1784184877.jpg,NEW / 予約,https://www.dot-st.com/disp/ranking/?dispNo=001001003&periodTp=3&ageRange=35-39
2026-08-18,30代後半,35-39,5,niko,and ... [be with M] Misayoフードチェックシャツ【】,6600,https://www.dot-st.com/nikoand/disp/item/1050023/,https://pdimg.dot-st.com/images/nikoand/goods/itemImg105/1050023/item_1050023_main_50_1785814825.jpg,NEW / 予約,https://www.dot-st.com/disp/ranking/?dispNo=001001003&periodTp=3&ageRange=35-39
2026-08-18,30代後半,35-39,6,GLOBAL,WORK せこ子プロデュース/透かし編みニットプルオーバー/1044391,5490,https://www.dot-st.com/globalwork/disp/item/1044391/,https://pdimg.dot-st.com/images/globalwork/goods/itemImg104/1044391/item_1044391_main_08_1784689444.jpg,NEW / 予約,https://www.dot-st.com/disp/ranking/?dispNo=001001003&periodTp=3&ageRange=35-39
2026-08-18,30代後半,35-39,7,LOWRYS,FARM シャーリングブラウスフレンチスリーブ,6600,https://www.dot-st.com/lowrysfarm/disp/item/1046442/,https://pdimg.dot-st.com/images/lowrysfarm/goods/itemImg104/1046442/item_1046442_main_05_1784024394.jpg,NEW,https://www.dot-st.com/disp/ranking/?dispNo=001001003&periodTp=3&ageRange=35-39
2026-08-18,30代後半,35-39,8,LEPSIM,フーディシャツ長袖チュニック,6600,https://www.dot-st.com/lepsim/disp/item/1060614/,https://pdimg.dot-st.com/images/lepsim/goods/itemImg106/1060614/item_1060614_main_05_1786495648.jpg,NEW,https://www.dot-st.com/disp/ranking/?dispNo=001001003&periodTp=3&ageRange=35-39
2026-08-18,30代後半,35-39,9,LEPSIM,モダンレース長袖フーディー,5500,https://www.dot-st.com/lepsim/disp/item/1069792/,https://pdimg.dot-st.com/images/lepsim/goods/itemImg106/1069792/item_1069792_main_78_1786951478.jpg,NEW,https://www.dot-st.com/disp/ranking/?dispNo=001001003&periodTp=3&ageRange=35-39
2026-08-18,30代後半,35-39,10,LEPSIM,ノーカラーデニムシャツ【カラー】,7990,https://www.dot-st.com/lepsim/disp/item/629900/,https://pdimg.dot-st.com/images/lepsim/goods/itemImg62/629900/item_629900_main_88_1784166845.jpg,予約,https://www.dot-st.com/disp/ranking/?dispNo=001001003&periodTp=3&ageRange=35-39
2026-08-19,20代後半,25-29,1,HARE,【WEB】レースUPミドルカーディガン,13200,https://www.dot-st.com/hare/disp/item/782984/,https://pdimg.dot-st.com/images/hare/goods/itemImg78/782984/item_782984_main_12_1785138631.jpg,NEW / 予約,https://www.dot-st.com/disp/ranking/?dispNo=001001003&periodTp=3&ageRange=25-29
2026-08-19,20代後半,25-29,2,LOWRYS,FARM シャーリングブラウスフレンチスリーブ,6600,https://www.dot-st.com/lowrysfarm/disp/item/1046442/,https://pdimg.dot-st.com/images/lowrysfarm/goods/itemImg104/1046442/item_1046442_main_05_1784024394.jpg,NEW,https://www.dot-st.com/disp/ranking/?dispNo=001001003&periodTp=3&ageRange=25-29
2026-08-19,20代後半,25-29,3,HARE,2Pフェザーシアーポロニット,13200,https://www.dot-st.com/hare/disp/item/1049600/,https://pdimg.dot-st.com/images/hare/goods/itemImg104/1049600/item_1049600_main_09_1783076207.jpg,,https://www.dot-st.com/disp/ranking/?dispNo=001001003&periodTp=3&ageRange=25-29
2026-08-19,20代後半,25-29,4,LEPSIM,《新作WEB》【BEVERLY HILLS POLO CLUB】シャギーチェックシャツ,8800,https://www.dot-st.com/lepsim/disp/item/683628/,https://pdimg.dot-st.com/images/lepsim/goods/itemImg68/683628/item_683628_main_55_1786528232.jpg,予約,https://www.dot-st.com/disp/ranking/?dispNo=001001003&periodTp=3&ageRange=25-29
2026-08-19,20代後半,25-29,5,niko,and ... アソートレイヤープリントＴシャツ,5000,https://www.dot-st.com/nikoand/disp/item/1046989/,https://pdimg.dot-st.com/images/nikoand/goods/itemImg104/1046989/item_1046989_main_70_1782964177.jpg,NEW,https://www.dot-st.com/disp/ranking/?dispNo=001001003&periodTp=3&ageRange=25-29
2026-08-19,20代後半,25-29,6,HARE,ストリングリブタンクトップ,3300,https://www.dot-st.com/hare/disp/item/636796/,https://pdimg.dot-st.com/images/hare/goods/itemImg63/636796/item_636796_main_09_1772767891.jpg,,https://www.dot-st.com/disp/ranking/?dispNo=001001003&periodTp=3&ageRange=25-29
2026-08-19,20代後半,25-29,7,LOWRYS,FARM シャーリングビスチェ,6050,https://www.dot-st.com/lowrysfarm/disp/item/1046445/,https://pdimg.dot-st.com/images/lowrysfarm/goods/itemImg104/1046445/item_1046445_main_09_1781832614.jpg,,https://www.dot-st.com/disp/ranking/?dispNo=001001003&periodTp=3&ageRange=25-29
2026-08-19,20代後半,25-29,8,HARE,【WEB】マルチカラータイトカーディガン,8910,https://www.dot-st.com/hare/disp/item/812567/,https://pdimg.dot-st.com/images/hare/goods/itemImg81/812567/item_812567_main_39_1784279465.jpg,NEW / 予約,https://www.dot-st.com/disp/ranking/?dispNo=001001003&periodTp=3&ageRange=25-29
2026-08-19,20代後半,25-29,9,A,part by ラクーンコンキンボタンVネックカーディガン/WEB,14850,https://www.dot-st.com/apartbylowrys/disp/item/666317/,https://pdimg.dot-st.com/images/apartbylowrys/goods/itemImg66/666317/item_666317_main_93_1781769386.jpg,予約,https://www.dot-st.com/disp/ranking/?dispNo=001001003&periodTp=3&ageRange=25-29
2026-08-19,20代後半,25-29,10,20%OFF,LOWRYS FARM ペプラムチュニックＳＳ,4840,https://www.dot-st.com/lowrysfarm/disp/item/660871/,https://pdimg.dot-st.com/images/lowrysfarm/goods/itemImg66/660871/item_660871_main_06_1783645877.jpg,SALE,https://www.dot-st.com/disp/ranking/?dispNo=001001003&periodTp=3&ageRange=25-29
2026-08-19,30代前半,30-34,1,LEPSIM,ノーカラーデニムシャツ【カラー】,7990,https://www.dot-st.com/lepsim/disp/item/629900/,https://pdimg.dot-st.com/images/lepsim/goods/itemImg62/629900/item_629900_main_88_1784166845.jpg,予約,https://www.dot-st.com/disp/ranking/?dispNo=001001003&periodTp=3&ageRange=30-34
2026-08-19,30代前半,30-34,2,LOWRYS,FARM シャーリングブラウスフレンチスリーブ,6600,https://www.dot-st.com/lowrysfarm/disp/item/1046442/,https://pdimg.dot-st.com/images/lowrysfarm/goods/itemImg104/1046442/item_1046442_main_05_1784024394.jpg,NEW,https://www.dot-st.com/disp/ranking/?dispNo=001001003&periodTp=3&ageRange=30-34
2026-08-19,30代前半,30-34,3,GLOBAL,WORK せこ子プロデュース/透かし編みニットプルオーバー/1044391,5490,https://www.dot-st.com/globalwork/disp/item/1044391/,https://pdimg.dot-st.com/images/globalwork/goods/itemImg104/1044391/item_1044391_main_08_1784689444.jpg,NEW / 予約,https://www.dot-st.com/disp/ranking/?dispNo=001001003&periodTp=3&ageRange=30-34
2026-08-19,30代前半,30-34,4,LEPSIM,《新作WEB》【BEVERLY HILLS POLO CLUB】シャギーチェックシャツ,8800,https://www.dot-st.com/lepsim/disp/item/683628/,https://pdimg.dot-st.com/images/lepsim/goods/itemImg68/683628/item_683628_main_55_1786528232.jpg,予約,https://www.dot-st.com/disp/ranking/?dispNo=001001003&periodTp=3&ageRange=30-34
2026-08-19,30代前半,30-34,5,HARE,【WEB】レースUPミドルカーディガン,13200,https://www.dot-st.com/hare/disp/item/782984/,https://pdimg.dot-st.com/images/hare/goods/itemImg78/782984/item_782984_main_12_1785138631.jpg,NEW / 予約,https://www.dot-st.com/disp/ranking/?dispNo=001001003&periodTp=3&ageRange=30-34
2026-08-19,30代前半,30-34,6,Chaos,【新色】シルクコンフレアタンク,23100,https://www.dot-st.com/chaos/disp/item/571347/,https://pdimg.dot-st.com/images/chaos/goods/itemImg57/571347/item_571347_main_09_1773309137.jpg,,https://www.dot-st.com/disp/ranking/?dispNo=001001003&periodTp=3&ageRange=30-34
2026-08-19,30代前半,30-34,7,JEANASIS,Wペプラムギャザーキャミ,6990,https://www.dot-st.com/jeanasis/disp/item/1054952/,https://pdimg.dot-st.com/images/jeanasis/goods/itemImg105/1054952/item_1054952_main_18_1784204697.jpg,,https://www.dot-st.com/disp/ranking/?dispNo=001001003&periodTp=3&ageRange=30-34
2026-08-19,30代前半,30-34,8,Gready,Brilliant TR気流染ギャザーVネックカーディガン｜上品｜羽織｜薄手｜秋,10450,https://www.dot-st.com/greadybrilliant/disp/item/1055698/,https://pdimg.dot-st.com/images/greadybrilliant/goods/itemImg105/1055698/item_1055698_main_55_1786079777.jpg,NEW,https://www.dot-st.com/disp/ranking/?dispNo=001001003&periodTp=3&ageRange=30-34
2026-08-19,30代前半,30-34,9,GLOBAL,WORK airiプロデュ－ス/シアーデニムシャツ/1044440,4990,https://www.dot-st.com/globalwork/disp/item/1044440/,https://pdimg.dot-st.com/images/globalwork/goods/itemImg104/1044440/item_1044440_main_83_1784184877.jpg,NEW / 予約,https://www.dot-st.com/disp/ranking/?dispNo=001001003&periodTp=3&ageRange=30-34
2026-08-19,30代前半,30-34,10,JEANASIS,【】ビンテージウラケBIGプルオーバー【】,7700,https://www.dot-st.com/jeanasis/disp/item/1070424/,https://pdimg.dot-st.com/images/jeanasis/goods/itemImg107/1070424/item_1070424_main_95_1784279269.jpg,予約 / WEB限定,https://www.dot-st.com/disp/ranking/?dispNo=001001003&periodTp=3&ageRange=30-34
2026-08-19,30代後半,35-39,1,LEPSIM,ノーカラーデニムシャツ【カラー】,7990,https://www.dot-st.com/lepsim/disp/item/629900/,https://pdimg.dot-st.com/images/lepsim/goods/itemImg62/629900/item_629900_main_88_1784166845.jpg,予約,https://www.dot-st.com/disp/ranking/?dispNo=001001003&periodTp=3&ageRange=35-39
2026-08-19,30代後半,35-39,2,LEPSIM,デニムBIG刺繍シャツ,9900,https://www.dot-st.com/lepsim/disp/item/1043551/,https://pdimg.dot-st.com/images/lepsim/goods/itemImg104/1043551/item_1043551_main_80_1784592243.jpg,NEW,https://www.dot-st.com/disp/ranking/?dispNo=001001003&periodTp=3&ageRange=35-39
2026-08-19,30代後半,35-39,3,LEPSIM,フーディシャツ長袖チュニック,6600,https://www.dot-st.com/lepsim/disp/item/1060614/,https://pdimg.dot-st.com/images/lepsim/goods/itemImg106/1060614/item_1060614_main_05_1786495648.jpg,NEW,https://www.dot-st.com/disp/ranking/?dispNo=001001003&periodTp=3&ageRange=35-39
2026-08-19,30代後半,35-39,4,niko,and ... [be with M] Misayoフードチェックシャツ【】,6600,https://www.dot-st.com/nikoand/disp/item/1050023/,https://pdimg.dot-st.com/images/nikoand/goods/itemImg105/1050023/item_1050023_main_50_1785814825.jpg,NEW / 予約,https://www.dot-st.com/disp/ranking/?dispNo=001001003&periodTp=3&ageRange=35-39
2026-08-19,30代後半,35-39,5,GLOBAL,WORK シアークレープチェックシャツ/680572,4490,https://www.dot-st.com/globalwork/disp/item/680572/,https://pdimg.dot-st.com/images/globalwork/goods/itemImg68/680572/item_680572_main_10_1782974088.jpg,,https://www.dot-st.com/disp/ranking/?dispNo=001001003&periodTp=3&ageRange=35-39
2026-08-19,30代後半,35-39,6,GLOBAL,WORK airiプロデュ－ス/シアーデニムシャツ/1044440,4990,https://www.dot-st.com/globalwork/disp/item/1044440/,https://pdimg.dot-st.com/images/globalwork/goods/itemImg104/1044440/item_1044440_main_83_1784184877.jpg,NEW / 予約,https://www.dot-st.com/disp/ranking/?dispNo=001001003&periodTp=3&ageRange=35-39
2026-08-19,30代後半,35-39,7,LEPSIM,《新作WEB》【BEVERLY HILLS POLO CLUB】シャギーチェックシャツ,8800,https://www.dot-st.com/lepsim/disp/item/683628/,https://pdimg.dot-st.com/images/lepsim/goods/itemImg68/683628/item_683628_main_55_1786528232.jpg,予約,https://www.dot-st.com/disp/ranking/?dispNo=001001003&periodTp=3&ageRange=35-39
2026-08-19,30代後半,35-39,8,and,ST MAKE 【バヤコ企画】フェスベスト26［keep being you］,7480,https://www.dot-st.com/make/disp/item/679476/,https://pdimg.dot-st.com/images/make/goods/itemImg67/679476/item_679476_main_09_1772161776.jpg,再入荷,https://www.dot-st.com/disp/ranking/?dispNo=001001003&periodTp=3&ageRange=35-39
2026-08-19,30代後半,35-39,9,20%OFF,GLOBAL WORK UVプロテクトフードシャツ/646416,3192,https://www.dot-st.com/globalwork/disp/item/646416/,https://pdimg.dot-st.com/images/globalwork/goods/itemImg64/646416/item_646416_main_05_1772535514.jpg,SALE,https://www.dot-st.com/disp/ranking/?dispNo=001001003&periodTp=3&ageRange=35-39
2026-08-19,30代後半,35-39,10,LEPSIM,ミニ裏毛ドルマンプリント6分袖,5500,https://www.dot-st.com/lepsim/disp/item/840430/,https://pdimg.dot-st.com/images/lepsim/goods/itemImg84/840430/item_840430_main_12_1785980198.jpg,NEW,https://www.dot-st.com/disp/ranking/?dispNo=001001003&periodTp=3&ageRange=35-39
2026-08-20,20代後半,25-29,1,LOWRYS,FARM シャーリングブラウスフレンチスリーブ,6600,https://www.dot-st.com/lowrysfarm/disp/item/1046442/,https://pdimg.dot-st.com/images/lowrysfarm/goods/itemImg104/1046442/item_1046442_main_05_1784024394.jpg,NEW,https://www.dot-st.com/disp/ranking/?dispNo=001001003&periodTp=3&ageRange=25-29
2026-08-20,20代後半,25-29,2,Ellno,Loset ローズ刺繍メタルボタンカーディガン,6930,https://www.dot-st.com/ellno_loset/disp/item/1067584/,https://pdimg.dot-st.com/images/ellno_loset/goods/itemImg106/1067584/item_1067584_main_09_1787121182.jpg,NEW,https://www.dot-st.com/disp/ranking/?dispNo=001001003&periodTp=3&ageRange=25-29
2026-08-20,20代後半,25-29,3,JEANASIS,【～8/26(水)12時59分まで、追加受注生産】プリントTEE SS【HONGAMA】,5990,https://www.dot-st.com/jeanasis/disp/item/1061794/,https://pdimg.dot-st.com/images/jeanasis/goods/itemImg106/1061794/item_1061794_main_01_1784787622.jpg,NEW / 予約,https://www.dot-st.com/disp/ranking/?dispNo=001001003&periodTp=3&ageRange=25-29
2026-08-20,20代後半,25-29,4,HARE,【WEB】シシュウダンボールパーカー,11000,https://www.dot-st.com/hare/disp/item/1063459/,https://pdimg.dot-st.com/images/hare/goods/itemImg106/1063459/item_1063459_main_85_1784278788.jpg,予約,https://www.dot-st.com/disp/ranking/?dispNo=001001003&periodTp=3&ageRange=25-29
2026-08-20,20代後半,25-29,5,JEANASIS,シアーワッフルドロストプルオーバーLS【追加】,6600,https://www.dot-st.com/jeanasis/disp/item/1067550/,https://pdimg.dot-st.com/images/jeanasis/goods/itemImg106/1067550/item_1067550_main_06_1784196956.jpg,予約,https://www.dot-st.com/disp/ranking/?dispNo=001001003&periodTp=3&ageRange=25-29
2026-08-20,20代後半,25-29,6,20%OFF,LOWRYS FARM ペプラムチュニックＳＳ,4840,https://www.dot-st.com/lowrysfarm/disp/item/660871/,https://pdimg.dot-st.com/images/lowrysfarm/goods/itemImg66/660871/item_660871_main_06_1783645877.jpg,SALE,https://www.dot-st.com/disp/ranking/?dispNo=001001003&periodTp=3&ageRange=25-29
2026-08-20,20代後半,25-29,7,HARE,イソザイレイヤーフリルキャミソール,9900,https://www.dot-st.com/hare/disp/item/759478/,https://pdimg.dot-st.com/images/hare/goods/itemImg75/759478/item_759478_main_09_1777373147.jpg,,https://www.dot-st.com/disp/ranking/?dispNo=001001003&periodTp=3&ageRange=25-29
2026-08-20,20代後半,25-29,8,HARE,【一部カラーSET UP対応】カナグナロー＊ボレロシャツ,8910,https://www.dot-st.com/hare/disp/item/1043956/,https://pdimg.dot-st.com/images/hare/goods/itemImg104/1043956/item_1043956_main_72_1782209483.jpg,,https://www.dot-st.com/disp/ranking/?dispNo=001001003&periodTp=3&ageRange=25-29
2026-08-20,20代後半,25-29,9,HARE,マルチカラータイトカーディガン,8910,https://www.dot-st.com/hare/disp/item/812567/,https://pdimg.dot-st.com/images/hare/goods/itemImg81/812567/item_812567_main_39_1784279465.jpg,NEW,https://www.dot-st.com/disp/ranking/?dispNo=001001003&periodTp=3&ageRange=25-29
2026-08-20,20代後半,25-29,10,HARE,チャイナスカシアミシャツカーディガン,8910,https://www.dot-st.com/hare/disp/item/911378/,https://pdimg.dot-st.com/images/hare/goods/itemImg91/911378/item_911378_main_11_1782451959.jpg,,https://www.dot-st.com/disp/ranking/?dispNo=001001003&periodTp=3&ageRange=25-29
2026-08-20,30代前半,30-34,1,JEANASIS,【～8/26(水)12時59分まで、追加受注生産】プリントTEE SS【HONGAMA】,5990,https://www.dot-st.com/jeanasis/disp/item/1061794/,https://pdimg.dot-st.com/images/jeanasis/goods/itemImg106/1061794/item_1061794_main_01_1784787622.jpg,NEW / 予約,https://www.dot-st.com/disp/ranking/?dispNo=001001003&periodTp=3&ageRange=30-34
2026-08-20,30代前半,30-34,2,LEPSIM,ノーカラーデニムシャツ【カラー】,7990,https://www.dot-st.com/lepsim/disp/item/629900/,https://pdimg.dot-st.com/images/lepsim/goods/itemImg62/629900/item_629900_main_88_1784166845.jpg,予約,https://www.dot-st.com/disp/ranking/?dispNo=001001003&periodTp=3&ageRange=30-34
2026-08-20,30代前半,30-34,3,LEPSIM,《新作WEB》【BEVERLY HILLS POLO CLUB】シャギーチェックシャツ,8800,https://www.dot-st.com/lepsim/disp/item/683628/,https://pdimg.dot-st.com/images/lepsim/goods/itemImg68/683628/item_683628_main_55_1786528232.jpg,予約,https://www.dot-st.com/disp/ranking/?dispNo=001001003&periodTp=3&ageRange=30-34
2026-08-20,30代前半,30-34,4,LOWRYS,FARM シャーリングブラウスフレンチスリーブ,6600,https://www.dot-st.com/lowrysfarm/disp/item/1046442/,https://pdimg.dot-st.com/images/lowrysfarm/goods/itemImg104/1046442/item_1046442_main_05_1784024394.jpg,NEW,https://www.dot-st.com/disp/ranking/?dispNo=001001003&periodTp=3&ageRange=30-34
2026-08-20,30代前半,30-34,5,HARE,イソザイレイヤーフリルキャミソール,9900,https://www.dot-st.com/hare/disp/item/759478/,https://pdimg.dot-st.com/images/hare/goods/itemImg75/759478/item_759478_main_09_1777373147.jpg,,https://www.dot-st.com/disp/ranking/?dispNo=001001003&periodTp=3&ageRange=30-34
2026-08-20,30代前半,30-34,6,HARE,【WEB】レースUPミドルカーディガン,13200,https://www.dot-st.com/hare/disp/item/782984/,https://pdimg.dot-st.com/images/hare/goods/itemImg78/782984/item_782984_main_12_1785138631.jpg,予約,https://www.dot-st.com/disp/ranking/?dispNo=001001003&periodTp=3&ageRange=30-34
2026-08-20,30代前半,30-34,7,HARE,アートガラフラワーシアーシャツ,13970,https://www.dot-st.com/hare/disp/item/1050661/,https://pdimg.dot-st.com/images/hare/goods/itemImg105/1050661/item_1050661_main_09_1785493173.jpg,再入荷,https://www.dot-st.com/disp/ranking/?dispNo=001001003&periodTp=3&ageRange=30-34
2026-08-20,30代前半,30-34,8,JEANASIS,【】ハーフZIPピーチウラケBIGプルオーバー,8290,https://www.dot-st.com/jeanasis/disp/item/1075111/,https://pdimg.dot-st.com/images/jeanasis/goods/itemImg107/1075111/item_1075111_main_89_1785752131.jpg,予約,https://www.dot-st.com/disp/ranking/?dispNo=001001003&periodTp=3&ageRange=30-34
2026-08-20,30代前半,30-34,9,apres,jour レースフリルシアーニットボレロカーディガン,3995,https://www.dot-st.com/apres_jour/disp/item/1066556/,https://pdimg.dot-st.com/images/apres_jour/goods/itemImg106/1066556/item_1066556_main_38_1787132177.jpg,NEW,https://www.dot-st.com/disp/ranking/?dispNo=001001003&periodTp=3&ageRange=30-34
2026-08-20,30代前半,30-34,10,JEANASIS,【】ビンテージウラケBIGプルオーバー【】,7700,https://www.dot-st.com/jeanasis/disp/item/1070424/,https://pdimg.dot-st.com/images/jeanasis/goods/itemImg107/1070424/item_1070424_main_95_1784279269.jpg,予約 / WEB限定,https://www.dot-st.com/disp/ranking/?dispNo=001001003&periodTp=3&ageRange=30-34
2026-08-20,30代後半,35-39,1,LEPSIM,《新作WEB》【BEVERLY HILLS POLO CLUB】シャギーチェックシャツ,8800,https://www.dot-st.com/lepsim/disp/item/683628/,https://pdimg.dot-st.com/images/lepsim/goods/itemImg68/683628/item_683628_main_55_1786528232.jpg,予約,https://www.dot-st.com/disp/ranking/?dispNo=001001003&periodTp=3&ageRange=35-39
2026-08-20,30代後半,35-39,2,GLOBAL,WORK せこ子プロデュース/透かし編みニットプルオーバー/1044391,5490,https://www.dot-st.com/globalwork/disp/item/1044391/,https://pdimg.dot-st.com/images/globalwork/goods/itemImg104/1044391/item_1044391_main_08_1784689444.jpg,NEW / 予約,https://www.dot-st.com/disp/ranking/?dispNo=001001003&periodTp=3&ageRange=35-39
2026-08-20,30代後半,35-39,3,LEPSIM,ノーカラーデニムシャツ【カラー】,7990,https://www.dot-st.com/lepsim/disp/item/629900/,https://pdimg.dot-st.com/images/lepsim/goods/itemImg62/629900/item_629900_main_88_1784166845.jpg,予約,https://www.dot-st.com/disp/ranking/?dispNo=001001003&periodTp=3&ageRange=35-39
2026-08-20,30代後半,35-39,4,LEPSIM,ミニ裏毛ドルマンプリント6分袖,5500,https://www.dot-st.com/lepsim/disp/item/840430/,https://pdimg.dot-st.com/images/lepsim/goods/itemImg84/840430/item_840430_main_12_1785980198.jpg,NEW,https://www.dot-st.com/disp/ranking/?dispNo=001001003&periodTp=3&ageRange=35-39
2026-08-20,30代後半,35-39,5,GLOBAL,WORK airiプロデュ－ス/シアーデニムシャツ/1044440,4990,https://www.dot-st.com/globalwork/disp/item/1044440/,https://pdimg.dot-st.com/images/globalwork/goods/itemImg104/1044440/item_1044440_main_83_1784184877.jpg,NEW / 予約,https://www.dot-st.com/disp/ranking/?dispNo=001001003&periodTp=3&ageRange=35-39
2026-08-20,30代後半,35-39,6,JEANASIS,【～8/26(水)12時59分まで、追加受注生産】プリントTEE SS【HONGAMA】,5990,https://www.dot-st.com/jeanasis/disp/item/1061794/,https://pdimg.dot-st.com/images/jeanasis/goods/itemImg106/1061794/item_1061794_main_01_1784787622.jpg,NEW / 予約,https://www.dot-st.com/disp/ranking/?dispNo=001001003&periodTp=3&ageRange=35-39
2026-08-20,30代後半,35-39,7,LEPSIM,フーディシャツ長袖チュニック,6600,https://www.dot-st.com/lepsim/disp/item/1060614/,https://pdimg.dot-st.com/images/lepsim/goods/itemImg106/1060614/item_1060614_main_05_1786495648.jpg,NEW,https://www.dot-st.com/disp/ranking/?dispNo=001001003&periodTp=3&ageRange=35-39
2026-08-20,30代後半,35-39,8,LOWRYS,FARM シャーリングブラウスフレンチスリーブ,6600,https://www.dot-st.com/lowrysfarm/disp/item/1046442/,https://pdimg.dot-st.com/images/lowrysfarm/goods/itemImg104/1046442/item_1046442_main_05_1784024394.jpg,NEW,https://www.dot-st.com/disp/ranking/?dispNo=001001003&periodTp=3&ageRange=35-39
2026-08-20,30代後半,35-39,9,JEANASIS,アソートチェックシャツLS,7920,https://www.dot-st.com/jeanasis/disp/item/1054891/,https://pdimg.dot-st.com/images/jeanasis/goods/itemImg105/1054891/item_1054891_main_67_1785133039.jpg,,https://www.dot-st.com/disp/ranking/?dispNo=001001003&periodTp=3&ageRange=35-39
2026-08-20,30代後半,35-39,10,LEPSIM,モダンレース長袖フーディー【カラー】,5500,https://www.dot-st.com/lepsim/disp/item/1069792/,https://pdimg.dot-st.com/images/lepsim/goods/itemImg106/1069792/item_1069792_main_78_1786951478.jpg,NEW / 予約,https://www.dot-st.com/disp/ranking/?dispNo=001001003&periodTp=3&ageRange=35-39
2026-08-21,20代後半,25-29,1,JEANASIS,【～8/26(水)12時59分まで、追加受注生産】プリントTEE SS【HONGAMA】,5990,https://www.dot-st.com/jeanasis/disp/item/1061794/,https://pdimg.dot-st.com/images/jeanasis/goods/itemImg106/1061794/item_1061794_main_01_1784787622.jpg,NEW / 予約,https://www.dot-st.com/disp/ranking/?dispNo=001001003&periodTp=3&ageRange=25-29
2026-08-21,20代後半,25-29,2,A,part by 【セットアップ可能】レースフレアブラウスノースリーブ,14300,https://www.dot-st.com/apartbylowrys/disp/item/1054666/,https://pdimg.dot-st.com/images/apartbylowrys/goods/itemImg105/1054666/item_1054666_main_08_1781772425.jpg,NEW,https://www.dot-st.com/disp/ranking/?dispNo=001001003&periodTp=3&ageRange=25-29
2026-08-21,20代後半,25-29,3,LOWRYS,FARM シャーリングブラウスフレンチスリーブ,6600,https://www.dot-st.com/lowrysfarm/disp/item/1046442/,https://pdimg.dot-st.com/images/lowrysfarm/goods/itemImg104/1046442/item_1046442_main_52_1784024369.jpg,NEW,https://www.dot-st.com/disp/ranking/?dispNo=001001003&periodTp=3&ageRange=25-29
2026-08-21,20代後半,25-29,4,LOWRYS,FARM ベロアホルター２Ｐ５Ｓ,5500,https://www.dot-st.com/lowrysfarm/disp/item/1052782/,https://pdimg.dot-st.com/images/lowrysfarm/goods/itemImg105/1052782/item_1052782_main_15_1787221048.jpg,NEW,https://www.dot-st.com/disp/ranking/?dispNo=001001003&periodTp=3&ageRange=25-29
2026-08-21,20代後半,25-29,5,niko,and ... ポコポコストライプシャツ,6000,https://www.dot-st.com/nikoand/disp/item/741559/,https://pdimg.dot-st.com/images/nikoand/goods/itemImg74/741559/item_741559_main_80_1783561086.jpg,,https://www.dot-st.com/disp/ranking/?dispNo=001001003&periodTp=3&ageRange=25-29
2026-08-21,20代後半,25-29,6,apres,jour レースフリルシアーニットボレロカーディガン,3995,https://www.dot-st.com/apres_jour/disp/item/1066556/,https://pdimg.dot-st.com/images/apres_jour/goods/itemImg106/1066556/item_1066556_main_38_1787132177.jpg,NEW,https://www.dot-st.com/disp/ranking/?dispNo=001001003&periodTp=3&ageRange=25-29
2026-08-21,20代後半,25-29,7,40%OFF,HARE 【一部カラーSET UP対応 LADIES】ラメアートジャガードショートシャツ,5940,https://www.dot-st.com/hare/disp/item/661462/,https://pdimg.dot-st.com/images/hare/goods/itemImg66/661462/item_661462_main_78_1774257274.jpg,SALE,https://www.dot-st.com/disp/ranking/?dispNo=001001003&periodTp=3&ageRange=25-29
2026-08-21,20代後半,25-29,8,JEANASIS,【】14GナポレオンカーディガンLS,7700,https://www.dot-st.com/jeanasis/disp/item/1075999/,https://pdimg.dot-st.com/images/jeanasis/goods/itemImg107/1075999/item_1075999_main_15_1785476018.jpg,予約,https://www.dot-st.com/disp/ranking/?dispNo=001001003&periodTp=3&ageRange=25-29
2026-08-21,20代後半,25-29,9,LOWRYS,FARM ソウバリスクエアタンクトップ,3850,https://www.dot-st.com/lowrysfarm/disp/item/294378/,https://pdimg.dot-st.com/images/lowrysfarm/goods/itemImg29/294378/item_294378_main_02_1776846779.jpg,,https://www.dot-st.com/disp/ranking/?dispNo=001001003&periodTp=3&ageRange=25-29
2026-08-21,20代後半,25-29,10,28%OFF,Elura メッシュスキッパーブラウス,6336,https://www.dot-st.com/elura/disp/item/636881/,https://pdimg.dot-st.com/images/elura/goods/itemImg63/636881/item_636881_main_09_1773653311.jpg,SALE,https://www.dot-st.com/disp/ranking/?dispNo=001001003&periodTp=3&ageRange=25-29
2026-08-21,30代前半,30-34,1,GLOBAL,WORK airiプロデュ－ス/シアーデニムシャツ/1044440,4990,https://www.dot-st.com/globalwork/disp/item/1044440/,https://pdimg.dot-st.com/images/globalwork/goods/itemImg104/1044440/item_1044440_main_83_1784184877.jpg,NEW / 予約,https://www.dot-st.com/disp/ranking/?dispNo=001001003&periodTp=3&ageRange=30-34
2026-08-21,30代前半,30-34,2,JEANASIS,【～8/26(水)12時59分まで、追加受注生産】プリントTEE SS【HONGAMA】,5990,https://www.dot-st.com/jeanasis/disp/item/1061794/,https://pdimg.dot-st.com/images/jeanasis/goods/itemImg106/1061794/item_1061794_main_01_1784787622.jpg,NEW / 予約,https://www.dot-st.com/disp/ranking/?dispNo=001001003&periodTp=3&ageRange=30-34
2026-08-21,30代前半,30-34,3,BRILL,【】【GOOD ROCK SPPED】USPS Tシャツ,8800,https://www.dot-st.com/brill/disp/item/871984/,https://pdimg.dot-st.com/images/brill/goods/itemImg87/871984/item_871984_main_57_1777361934.jpg,再入荷,https://www.dot-st.com/disp/ranking/?dispNo=001001003&periodTp=3&ageRange=30-34
2026-08-21,30代前半,30-34,4,Ellno,Loset ローズ刺繍メタルボタンカーディガン,6930,https://www.dot-st.com/ellno_loset/disp/item/1067584/,https://pdimg.dot-st.com/images/ellno_loset/goods/itemImg106/1067584/item_1067584_main_09_1787121182.jpg,NEW,https://www.dot-st.com/disp/ranking/?dispNo=001001003&periodTp=3&ageRange=30-34
2026-08-21,30代前半,30-34,5,A,part by チェックシャツ_長袖,12100,https://www.dot-st.com/apartbylowrys/disp/item/1046336/,https://pdimg.dot-st.com/images/apartbylowrys/goods/itemImg104/1046336/item_1046336_main_73_1784683668.jpg,,https://www.dot-st.com/disp/ranking/?dispNo=001001003&periodTp=3&ageRange=30-34
2026-08-21,30代前半,30-34,6,A,part by 【理想のシンプルT】サンドウォッシュフライスTシャツ,8250,https://www.dot-st.com/apartbylowrys/disp/item/666131/,https://pdimg.dot-st.com/images/apartbylowrys/goods/itemImg66/666131/item_666131_main_83_1771550287.jpg,再入荷,https://www.dot-st.com/disp/ranking/?dispNo=001001003&periodTp=3&ageRange=30-34
2026-08-21,30代前半,30-34,7,GLOBAL,WORK しゅりプロデュース/ティアードブラウス/1044406,4990,https://www.dot-st.com/globalwork/disp/item/1044406/,https://pdimg.dot-st.com/images/globalwork/goods/itemImg104/1044406/item_1044406_main_82_1784188256.jpg,NEW,https://www.dot-st.com/disp/ranking/?dispNo=001001003&periodTp=3&ageRange=30-34
2026-08-21,30代前半,30-34,8,50%OFF,Classical Elf ラフなのに品よく見える。軽やかぽこぽこフクレジャガードトップス（半袖）ce1260557,1998,https://www.dot-st.com/classicalelf/disp/item/648357/,https://pdimg.dot-st.com/images/classicalelf/goods/itemImg64/648357/item_648357_main_05_1774235459.jpg,,https://www.dot-st.com/disp/ranking/?dispNo=001001003&periodTp=3&ageRange=30-34
2026-08-21,30代前半,30-34,9,apres,jour レースフリルシアーニットボレロカーディガン,3995,https://www.dot-st.com/apres_jour/disp/item/1066556/,https://pdimg.dot-st.com/images/apres_jour/goods/itemImg106/1066556/item_1066556_main_38_1787132177.jpg,NEW,https://www.dot-st.com/disp/ranking/?dispNo=001001003&periodTp=3&ageRange=30-34
2026-08-21,30代前半,30-34,10,JEANASIS,シアーワッフルドロストプルオーバーLS【完売カラー追加】,6600,https://www.dot-st.com/jeanasis/disp/item/1067550/,https://pdimg.dot-st.com/images/jeanasis/goods/itemImg106/1067550/item_1067550_main_06_1784196956.jpg,予約,https://www.dot-st.com/disp/ranking/?dispNo=001001003&periodTp=3&ageRange=30-34
2026-08-21,30代後半,35-39,1,GLOBAL,WORK airiプロデュ－ス/シアーデニムシャツ/1044440,4990,https://www.dot-st.com/globalwork/disp/item/1044440/,https://pdimg.dot-st.com/images/globalwork/goods/itemImg104/1044440/item_1044440_main_83_1784184877.jpg,NEW / 予約,https://www.dot-st.com/disp/ranking/?dispNo=001001003&periodTp=3&ageRange=35-39
2026-08-21,30代後半,35-39,2,LEPSIM,《新作WEB》【BEVERLY HILLS POLO CLUB】シャギーチェックシャツ,8800,https://www.dot-st.com/lepsim/disp/item/683628/,https://pdimg.dot-st.com/images/lepsim/goods/itemImg68/683628/item_683628_main_55_1786528232.jpg,予約,https://www.dot-st.com/disp/ranking/?dispNo=001001003&periodTp=3&ageRange=35-39
2026-08-21,30代後半,35-39,3,GLOBAL,WORK せこ子プロデュース/透かし編みニットプルオーバー/1044391,5490,https://www.dot-st.com/globalwork/disp/item/1044391/,https://pdimg.dot-st.com/images/globalwork/goods/itemImg104/1044391/item_1044391_main_08_1784689444.jpg,NEW / 予約,https://www.dot-st.com/disp/ranking/?dispNo=001001003&periodTp=3&ageRange=35-39
2026-08-21,30代後半,35-39,4,LEPSIM,ノーカラーデニムシャツ【カラー】,7990,https://www.dot-st.com/lepsim/disp/item/629900/,https://pdimg.dot-st.com/images/lepsim/goods/itemImg62/629900/item_629900_main_88_1784166845.jpg,予約,https://www.dot-st.com/disp/ranking/?dispNo=001001003&periodTp=3&ageRange=35-39
2026-08-21,30代後半,35-39,5,20%OFF,GLOBAL WORK UVプロテクトフードシャツ/646416,3192,https://www.dot-st.com/globalwork/disp/item/646416/,https://pdimg.dot-st.com/images/globalwork/goods/itemImg64/646416/item_646416_main_05_1772535514.jpg,SALE,https://www.dot-st.com/disp/ranking/?dispNo=001001003&periodTp=3&ageRange=35-39
2026-08-21,30代後半,35-39,6,LEPSIM,アソートチェックシャツチュニック,6600,https://www.dot-st.com/lepsim/disp/item/1054544/,https://pdimg.dot-st.com/images/lepsim/goods/itemImg105/1054544/item_1054544_main_59_1786347646.jpg,NEW,https://www.dot-st.com/disp/ranking/?dispNo=001001003&periodTp=3&ageRange=35-39
2026-08-21,30代後半,35-39,7,JEANASIS,【～8/26(水)12時59分まで、追加受注生産】プリントTEE SS【HONGAMA】,5990,https://www.dot-st.com/jeanasis/disp/item/1061794/,https://pdimg.dot-st.com/images/jeanasis/goods/itemImg106/1061794/item_1061794_main_01_1784787622.jpg,NEW / 予約,https://www.dot-st.com/disp/ranking/?dispNo=001001003&periodTp=3&ageRange=35-39
2026-08-21,30代後半,35-39,8,GLOBAL,WORK フリンジビスチェ/797325,2990,https://www.dot-st.com/globalwork/disp/item/797325/,https://pdimg.dot-st.com/images/globalwork/goods/itemImg79/797325/item_797325_main_08_1782975371.jpg,,https://www.dot-st.com/disp/ranking/?dispNo=001001003&periodTp=3&ageRange=35-39
2026-08-21,30代後半,35-39,9,LEPSIM,袖レースレイヤード長袖T,5500,https://www.dot-st.com/lepsim/disp/item/645485/,https://pdimg.dot-st.com/images/lepsim/goods/itemImg64/645485/item_645485_main_25_1784167916.jpg,,https://www.dot-st.com/disp/ranking/?dispNo=001001003&periodTp=3&ageRange=35-39
2026-08-21,30代後半,35-39,10,LEPSIM,ミニ裏毛ドルマンプリント6分袖,5500,https://www.dot-st.com/lepsim/disp/item/840430/,https://pdimg.dot-st.com/images/lepsim/goods/itemImg84/840430/item_840430_main_12_1785980198.jpg,NEW,https://www.dot-st.com/disp/ranking/?dispNo=001001003&periodTp=3&ageRange=35-39
2026-08-22,20代後半,25-29,1,JEANASIS,【marimo企画】コットンドットロンTEE【8/21(金)9時～発売開始】,4950,https://www.dot-st.com/jeanasis/disp/item/1048192/,https://pdimg.dot-st.com/images/jeanasis/goods/itemImg104/1048192/item_1048192_main_09_1784881748.jpg,,https://www.dot-st.com/disp/ranking/?dispNo=001001003&periodTp=3&ageRange=25-29
2026-08-22,20代後半,25-29,2,niko,and ... 【ハリー・ポッター】コラボアソート裏毛プルオーバー,7000,https://www.dot-st.com/nikoand/disp/item/807200/,https://pdimg.dot-st.com/images/nikoand/goods/itemImg80/807200/item_807200_main_18_1784194214.jpg,NEW,https://www.dot-st.com/disp/ranking/?dispNo=001001003&periodTp=3&ageRange=25-29
2026-08-22,20代後半,25-29,3,JEANASIS,【フィー企画】ベロアサイドスナップロンTEE【8/21(金)9時～発売開始】,4950,https://www.dot-st.com/jeanasis/disp/item/1048179/,https://pdimg.dot-st.com/images/jeanasis/goods/itemImg104/1048179/item_1048179_main_58_1784881865.jpg,NEW,https://www.dot-st.com/disp/ranking/?dispNo=001001003&periodTp=3&ageRange=25-29
2026-08-22,20代後半,25-29,4,niko,and ... 【ハリー・ポッター】コラボチェックZIPシャツ,7500,https://www.dot-st.com/nikoand/disp/item/807202/,https://pdimg.dot-st.com/images/nikoand/goods/itemImg80/807202/item_807202_main_52_1784194158.jpg,NEW,https://www.dot-st.com/disp/ranking/?dispNo=001001003&periodTp=3&ageRange=25-29
2026-08-22,20代後半,25-29,5,niko,and ... 【ハリー・ポッター】コラボアソートニットカーディガン,8000,https://www.dot-st.com/nikoand/disp/item/807203/,https://pdimg.dot-st.com/images/nikoand/goods/itemImg80/807203/item_807203_main_30_1784194066.jpg,NEW,https://www.dot-st.com/disp/ranking/?dispNo=001001003&periodTp=3&ageRange=25-29
2026-08-22,20代後半,25-29,6,JEANASIS,【みきのすけ企画】ハーフZIPスウェTEE【8/21(金)9時～発売開始】,7700,https://www.dot-st.com/jeanasis/disp/item/1048181/,https://pdimg.dot-st.com/images/jeanasis/goods/itemImg104/1048181/item_1048181_main_09_1784881645.jpg,NEW,https://www.dot-st.com/disp/ranking/?dispNo=001001003&periodTp=3&ageRange=25-29
2026-08-22,20代後半,25-29,7,niko,and ... 【ハリー・ポッター】【ファンタスティック・ビースト】コラボアソートワッフルプルオーバー,6000,https://www.dot-st.com/nikoand/disp/item/807201/,https://pdimg.dot-st.com/images/nikoand/goods/itemImg80/807201/item_807201_main_02_1784193983.jpg,NEW,https://www.dot-st.com/disp/ranking/?dispNo=001001003&periodTp=3&ageRange=25-29
2026-08-22,20代後半,25-29,8,MUHET,【一部】ヘンリーネックレイヤードロングTシャツ,5940,https://www.dot-st.com/muhet/disp/item/597608/,https://pdimg.dot-st.com/images/muhet/goods/itemImg59/597608/item_597608_main_13_1781082643.jpg,NEW / 予約,https://www.dot-st.com/disp/ranking/?dispNo=001001003&periodTp=3&ageRange=25-29
2026-08-22,20代後半,25-29,9,JEANASIS,シアーワッフルドロストプルオーバーLS【完売カラー追加】,6600,https://www.dot-st.com/jeanasis/disp/item/1067550/,https://pdimg.dot-st.com/images/jeanasis/goods/itemImg106/1067550/item_1067550_main_06_1784196956.jpg,予約,https://www.dot-st.com/disp/ranking/?dispNo=001001003&periodTp=3&ageRange=25-29
2026-08-22,20代後半,25-29,10,niko,and ... 【Lucky Fes'26】プリントＴＥＥ,4500,https://www.dot-st.com/nikoand/disp/item/840833/,https://pdimg.dot-st.com/images/nikoand/goods/itemImg84/840833/item_840833_main_06_1780568198.jpg,NEW,https://www.dot-st.com/disp/ranking/?dispNo=001001003&periodTp=3&ageRange=25-29
2026-08-22,30代前半,30-34,1,niko,and ... 【ハリー・ポッター】コラボアソート裏毛プルオーバー,7000,https://www.dot-st.com/nikoand/disp/item/807200/,https://pdimg.dot-st.com/images/nikoand/goods/itemImg80/807200/item_807200_main_18_1784194214.jpg,NEW,https://www.dot-st.com/disp/ranking/?dispNo=001001003&periodTp=3&ageRange=30-34
2026-08-22,30代前半,30-34,2,niko,and ... 【ハリー・ポッター】コラボチェックZIPシャツ,7500,https://www.dot-st.com/nikoand/disp/item/807202/,https://pdimg.dot-st.com/images/nikoand/goods/itemImg80/807202/item_807202_main_52_1784194158.jpg,NEW,https://www.dot-st.com/disp/ranking/?dispNo=001001003&periodTp=3&ageRange=30-34
2026-08-22,30代前半,30-34,3,JEANASIS,【フィー企画】ベロアサイドスナップロンTEE【8/21(金)9時～発売開始】,4950,https://www.dot-st.com/jeanasis/disp/item/1048179/,https://pdimg.dot-st.com/images/jeanasis/goods/itemImg104/1048179/item_1048179_main_58_1784881865.jpg,NEW,https://www.dot-st.com/disp/ranking/?dispNo=001001003&periodTp=3&ageRange=30-34
2026-08-22,30代前半,30-34,4,JEANASIS,【marimo企画】コットンドットロンTEE【8/21(金)9時～発売開始】,4950,https://www.dot-st.com/jeanasis/disp/item/1048192/,https://pdimg.dot-st.com/images/jeanasis/goods/itemImg104/1048192/item_1048192_main_09_1784881748.jpg,,https://www.dot-st.com/disp/ranking/?dispNo=001001003&periodTp=3&ageRange=30-34
2026-08-22,30代前半,30-34,5,JEANASIS,【みきのすけ企画】ハーフZIPスウェTEE【8/21(金)9時～発売開始】,7700,https://www.dot-st.com/jeanasis/disp/item/1048181/,https://pdimg.dot-st.com/images/jeanasis/goods/itemImg104/1048181/item_1048181_main_09_1784881645.jpg,NEW,https://www.dot-st.com/disp/ranking/?dispNo=001001003&periodTp=3&ageRange=30-34
2026-08-22,30代前半,30-34,6,niko,and ... 【ハリー・ポッター】コラボアソートニットカーディガン,8000,https://www.dot-st.com/nikoand/disp/item/807203/,https://pdimg.dot-st.com/images/nikoand/goods/itemImg80/807203/item_807203_main_30_1784194066.jpg,NEW,https://www.dot-st.com/disp/ranking/?dispNo=001001003&periodTp=3&ageRange=30-34
2026-08-22,30代前半,30-34,7,GLOBAL,WORK airiプロデュ－ス/シアーデニムシャツ/1044440,4990,https://www.dot-st.com/globalwork/disp/item/1044440/,https://pdimg.dot-st.com/images/globalwork/goods/itemImg104/1044440/item_1044440_main_83_1784184877.jpg,NEW,https://www.dot-st.com/disp/ranking/?dispNo=001001003&periodTp=3&ageRange=30-34
2026-08-22,30代前半,30-34,8,A,part by チェックシャツ_長袖,12100,https://www.dot-st.com/apartbylowrys/disp/item/1046336/,https://pdimg.dot-st.com/images/apartbylowrys/goods/itemImg104/1046336/item_1046336_main_73_1784683668.jpg,,https://www.dot-st.com/disp/ranking/?dispNo=001001003&periodTp=3&ageRange=30-34
2026-08-22,30代前半,30-34,9,niko,and ... 【ハリー・ポッター】【ファンタスティック・ビースト】コラボアソートワッフルプルオーバー,6000,https://www.dot-st.com/nikoand/disp/item/807201/,https://pdimg.dot-st.com/images/nikoand/goods/itemImg80/807201/item_807201_main_02_1784193983.jpg,NEW,https://www.dot-st.com/disp/ranking/?dispNo=001001003&periodTp=3&ageRange=30-34
2026-08-22,30代前半,30-34,10,LEPSIM,ノーカラーデニムシャツ【カラー】,7990,https://www.dot-st.com/lepsim/disp/item/629900/,https://pdimg.dot-st.com/images/lepsim/goods/itemImg62/629900/item_629900_main_88_1784166845.jpg,予約,https://www.dot-st.com/disp/ranking/?dispNo=001001003&periodTp=3&ageRange=30-34
2026-08-22,30代後半,35-39,1,JEANASIS,【フィー企画】ベロアサイドスナップロンTEE【8/21(金)9時～発売開始】,4950,https://www.dot-st.com/jeanasis/disp/item/1048179/,https://pdimg.dot-st.com/images/jeanasis/goods/itemImg104/1048179/item_1048179_main_58_1784881865.jpg,NEW,https://www.dot-st.com/disp/ranking/?dispNo=001001003&periodTp=3&ageRange=35-39
2026-08-22,30代後半,35-39,2,JEANASIS,【みきのすけ企画】ハーフZIPスウェTEE【8/21(金)9時～発売開始】,7700,https://www.dot-st.com/jeanasis/disp/item/1048181/,https://pdimg.dot-st.com/images/jeanasis/goods/itemImg104/1048181/item_1048181_main_09_1784881645.jpg,NEW,https://www.dot-st.com/disp/ranking/?dispNo=001001003&periodTp=3&ageRange=35-39
2026-08-22,30代後半,35-39,3,niko,and ... 【ハリー・ポッター】コラボアソート裏毛プルオーバー,7000,https://www.dot-st.com/nikoand/disp/item/807200/,https://pdimg.dot-st.com/images/nikoand/goods/itemImg80/807200/item_807200_main_18_1784194214.jpg,NEW,https://www.dot-st.com/disp/ranking/?dispNo=001001003&periodTp=3&ageRange=35-39
2026-08-22,30代後半,35-39,4,niko,and ... 【ハリー・ポッター】コラボチェックZIPシャツ,7500,https://www.dot-st.com/nikoand/disp/item/807202/,https://pdimg.dot-st.com/images/nikoand/goods/itemImg80/807202/item_807202_main_52_1784194158.jpg,NEW,https://www.dot-st.com/disp/ranking/?dispNo=001001003&periodTp=3&ageRange=35-39
2026-08-22,30代後半,35-39,5,JEANASIS,【marimo企画】コットンドットロンTEE【8/21(金)9時～発売開始】,4950,https://www.dot-st.com/jeanasis/disp/item/1048192/,https://pdimg.dot-st.com/images/jeanasis/goods/itemImg104/1048192/item_1048192_main_09_1784881748.jpg,,https://www.dot-st.com/disp/ranking/?dispNo=001001003&periodTp=3&ageRange=35-39
2026-08-22,30代後半,35-39,6,GLOBAL,WORK airiプロデュ－ス/シアーデニムシャツ/1044440,4990,https://www.dot-st.com/globalwork/disp/item/1044440/,https://pdimg.dot-st.com/images/globalwork/goods/itemImg104/1044440/item_1044440_main_83_1784184877.jpg,NEW,https://www.dot-st.com/disp/ranking/?dispNo=001001003&periodTp=3&ageRange=35-39
2026-08-22,30代後半,35-39,7,LEPSIM,《新作WEB》【BEVERLY HILLS POLO CLUB】シャギーチェックシャツ,8800,https://www.dot-st.com/lepsim/disp/item/683628/,https://pdimg.dot-st.com/images/lepsim/goods/itemImg68/683628/item_683628_main_55_1786528232.jpg,予約,https://www.dot-st.com/disp/ranking/?dispNo=001001003&periodTp=3&ageRange=35-39
2026-08-22,30代後半,35-39,8,niko,and ... 【ハリー・ポッター】コラボアソートニットカーディガン,8000,https://www.dot-st.com/nikoand/disp/item/807203/,https://pdimg.dot-st.com/images/nikoand/goods/itemImg80/807203/item_807203_main_30_1784194066.jpg,NEW,https://www.dot-st.com/disp/ranking/?dispNo=001001003&periodTp=3&ageRange=35-39
2026-08-22,30代後半,35-39,9,GLOBAL,WORK せこ子プロデュース/透かし編みニットプルオーバー/1044391,5490,https://www.dot-st.com/globalwork/disp/item/1044391/,https://pdimg.dot-st.com/images/globalwork/goods/itemImg104/1044391/item_1044391_main_08_1784689444.jpg,NEW,https://www.dot-st.com/disp/ranking/?dispNo=001001003&periodTp=3&ageRange=35-39
2026-08-22,30代後半,35-39,10,LEPSIM,ノーカラーデニムシャツ【カラー】,7990,https://www.dot-st.com/lepsim/disp/item/629900/,https://pdimg.dot-st.com/images/lepsim/goods/itemImg62/629900/item_629900_main_88_1784166845.jpg,予約,https://www.dot-st.com/disp/ranking/?dispNo=001001003&periodTp=3&ageRange=35-39
2026-08-23,20代後半,25-29,1,niko,and ... 【ハリー・ポッター】コラボアソート裏毛プルオーバー,7000,https://www.dot-st.com/nikoand/disp/item/807200/,https://pdimg.dot-st.com/images/nikoand/goods/itemImg80/807200/item_807200_main_18_1784194214.jpg,NEW,https://www.dot-st.com/disp/ranking/?dispNo=001001003&periodTp=3&ageRange=25-29
2026-08-23,20代後半,25-29,2,niko,and ... 【ハリー・ポッター】コラボアソートニットカーディガン,8000,https://www.dot-st.com/nikoand/disp/item/807203/,https://pdimg.dot-st.com/images/nikoand/goods/itemImg80/807203/item_807203_main_30_1784194066.jpg,NEW,https://www.dot-st.com/disp/ranking/?dispNo=001001003&periodTp=3&ageRange=25-29
2026-08-23,20代後半,25-29,3,niko,and ... 【ハリー・ポッター】【ファンタスティック・ビースト】コラボアソートワッフルプルオーバー,6000,https://www.dot-st.com/nikoand/disp/item/807201/,https://pdimg.dot-st.com/images/nikoand/goods/itemImg80/807201/item_807201_main_02_1784193983.jpg,NEW,https://www.dot-st.com/disp/ranking/?dispNo=001001003&periodTp=3&ageRange=25-29
2026-08-23,20代後半,25-29,4,JEANASIS,【】14GナポレオンカーディガンLS,7700,https://www.dot-st.com/jeanasis/disp/item/1075999/,https://pdimg.dot-st.com/images/jeanasis/goods/itemImg107/1075999/item_1075999_main_15_1785476018.jpg,予約,https://www.dot-st.com/disp/ranking/?dispNo=001001003&periodTp=3&ageRange=25-29
2026-08-23,20代後半,25-29,5,niko,and ... 【ハリー・ポッター】コラボチェックZIPシャツ,7500,https://www.dot-st.com/nikoand/disp/item/807202/,https://pdimg.dot-st.com/images/nikoand/goods/itemImg80/807202/item_807202_main_52_1784194158.jpg,NEW,https://www.dot-st.com/disp/ranking/?dispNo=001001003&periodTp=3&ageRange=25-29
2026-08-23,20代後半,25-29,6,niko,and ... 【シリーズ累計販売数23万枚突破！】40ビエラレピアチェックシャツ,6000,https://www.dot-st.com/nikoand/disp/item/662023/,https://pdimg.dot-st.com/images/nikoand/goods/itemImg66/662023/item_662023_main_12_1783070872.jpg,NEW,https://www.dot-st.com/disp/ranking/?dispNo=001001003&periodTp=3&ageRange=25-29
2026-08-23,20代後半,25-29,7,PAGEBOY,【】スカシリーフニットボレロ,6990,https://www.dot-st.com/pageboy/disp/item/414159/,https://pdimg.dot-st.com/images/pageboy/goods/itemImg41/414159/item_414159_main_89_1776767880.jpg,再入荷,https://www.dot-st.com/disp/ranking/?dispNo=001001003&periodTp=3&ageRange=25-29
2026-08-23,20代後半,25-29,8,HARE,【接触冷感】フラワーアートバックプリントカット,6930,https://www.dot-st.com/hare/disp/item/680063/,https://pdimg.dot-st.com/images/hare/goods/itemImg68/680063/item_680063_main_18_1779877704.jpg,,https://www.dot-st.com/disp/ranking/?dispNo=001001003&periodTp=3&ageRange=25-29
2026-08-23,20代後半,25-29,9,JEANASIS,シアージャガードシャーリングシャツSS,7190,https://www.dot-st.com/jeanasis/disp/item/859249/,https://pdimg.dot-st.com/images/jeanasis/goods/itemImg85/859249/item_859249_main_82_1778238768.jpg,,https://www.dot-st.com/disp/ranking/?dispNo=001001003&periodTp=3&ageRange=25-29
2026-08-23,20代後半,25-29,10,JEANASIS,【フィー企画】ベロアサイドスナップロンTEE【8/21(金)9時～発売開始】,4950,https://www.dot-st.com/jeanasis/disp/item/1048179/,https://pdimg.dot-st.com/images/jeanasis/goods/itemImg104/1048179/item_1048179_main_58_1784881865.jpg,NEW,https://www.dot-st.com/disp/ranking/?dispNo=001001003&periodTp=3&ageRange=25-29
2026-08-23,30代前半,30-34,1,niko,and ... 【ハリー・ポッター】コラボアソート裏毛プルオーバー,7000,https://www.dot-st.com/nikoand/disp/item/807200/,https://pdimg.dot-st.com/images/nikoand/goods/itemImg80/807200/item_807200_main_18_1784194214.jpg,NEW,https://www.dot-st.com/disp/ranking/?dispNo=001001003&periodTp=3&ageRange=30-34
2026-08-23,30代前半,30-34,2,JEANASIS,【フィー企画】ベロアサイドスナップロンTEE【8/21(金)9時～発売開始】,4950,https://www.dot-st.com/jeanasis/disp/item/1048179/,https://pdimg.dot-st.com/images/jeanasis/goods/itemImg104/1048179/item_1048179_main_58_1784881865.jpg,NEW,https://www.dot-st.com/disp/ranking/?dispNo=001001003&periodTp=3&ageRange=30-34
2026-08-23,30代前半,30-34,3,JEANASIS,【】14GナポレオンカーディガンLS,7700,https://www.dot-st.com/jeanasis/disp/item/1075999/,https://pdimg.dot-st.com/images/jeanasis/goods/itemImg107/1075999/item_1075999_main_15_1785476018.jpg,予約,https://www.dot-st.com/disp/ranking/?dispNo=001001003&periodTp=3&ageRange=30-34
2026-08-23,30代前半,30-34,4,BABYLONE,【柳橋唯さんYouTube紹介アイテム】FOXカシミヤヘムベスト,26400,https://www.dot-st.com/babylone/disp/item/828089/,https://pdimg.dot-st.com/images/babylone/goods/itemImg82/828089/item_828089_main_98_1784267731.jpg,NEW,https://www.dot-st.com/disp/ranking/?dispNo=001001003&periodTp=3&ageRange=30-34
2026-08-23,30代前半,30-34,5,LEPSIM,《新作WEB》【BEVERLY HILLS POLO CLUB】シャギーチェックシャツ,8800,https://www.dot-st.com/lepsim/disp/item/683628/,https://pdimg.dot-st.com/images/lepsim/goods/itemImg68/683628/item_683628_main_55_1786528232.jpg,予約,https://www.dot-st.com/disp/ranking/?dispNo=001001003&periodTp=3&ageRange=30-34
2026-08-23,30代前半,30-34,6,28%OFF,LOWRYS FARM ペプラムチュニックＳＳ,4356,https://www.dot-st.com/lowrysfarm/disp/item/660871/,https://pdimg.dot-st.com/images/lowrysfarm/goods/itemImg66/660871/item_660871_main_06_1783645877.jpg,SALE,https://www.dot-st.com/disp/ranking/?dispNo=001001003&periodTp=3&ageRange=30-34
2026-08-23,30代前半,30-34,7,A,part by 【理想のシンプルT】サンドウォッシュフライスTシャツ,8250,https://www.dot-st.com/apartbylowrys/disp/item/666131/,https://pdimg.dot-st.com/images/apartbylowrys/goods/itemImg66/666131/item_666131_main_83_1771550287.jpg,再入荷,https://www.dot-st.com/disp/ranking/?dispNo=001001003&periodTp=3&ageRange=30-34
2026-08-23,30代前半,30-34,8,LOWRYS,FARM シャーリングブラウスフレンチスリーブ,6600,https://www.dot-st.com/lowrysfarm/disp/item/1046442/,https://pdimg.dot-st.com/images/lowrysfarm/goods/itemImg104/1046442/item_1046442_main_52_1784024369.jpg,,https://www.dot-st.com/disp/ranking/?dispNo=001001003&periodTp=3&ageRange=30-34
2026-08-23,30代前半,30-34,9,Curensology,シアーギャザーブラウス,29700,https://www.dot-st.com/curensology/disp/item/572269/,https://pdimg.dot-st.com/images/curensology/goods/itemImg57/572269/item_572269_main_15_1748497923.jpg,,https://www.dot-st.com/disp/ranking/?dispNo=001001003&periodTp=3&ageRange=30-34
2026-08-23,30代前半,30-34,10,50%OFF,Classical Elf ラフなのに品よく見える。軽やかぽこぽこフクレジャガードトップス（半袖）ce1260557,1998,https://www.dot-st.com/classicalelf/disp/item/648357/,https://pdimg.dot-st.com/images/classicalelf/goods/itemImg64/648357/item_648357_main_05_1774235459.jpg,,https://www.dot-st.com/disp/ranking/?dispNo=001001003&periodTp=3&ageRange=30-34
2026-08-23,30代後半,35-39,1,LEPSIM,《新作WEB》【BEVERLY HILLS POLO CLUB】シャギーチェックシャツ,8800,https://www.dot-st.com/lepsim/disp/item/683628/,https://pdimg.dot-st.com/images/lepsim/goods/itemImg68/683628/item_683628_main_55_1786528232.jpg,予約,https://www.dot-st.com/disp/ranking/?dispNo=001001003&periodTp=3&ageRange=35-39
2026-08-23,30代後半,35-39,2,JEANASIS,【】14GナポレオンカーディガンLS,7700,https://www.dot-st.com/jeanasis/disp/item/1075999/,https://pdimg.dot-st.com/images/jeanasis/goods/itemImg107/1075999/item_1075999_main_15_1785476018.jpg,予約,https://www.dot-st.com/disp/ranking/?dispNo=001001003&periodTp=3&ageRange=35-39
2026-08-23,30代後半,35-39,3,niko,and ... 【ハリー・ポッター】コラボアソートニットカーディガン,8000,https://www.dot-st.com/nikoand/disp/item/807203/,https://pdimg.dot-st.com/images/nikoand/goods/itemImg80/807203/item_807203_main_30_1784194066.jpg,NEW,https://www.dot-st.com/disp/ranking/?dispNo=001001003&periodTp=3&ageRange=35-39
2026-08-23,30代後半,35-39,4,GLOBAL,WORK 【玉井詩織さん着用】シアークレープチェックシャツ/680572,4490,https://www.dot-st.com/globalwork/disp/item/680572/,https://pdimg.dot-st.com/images/globalwork/goods/itemImg68/680572/item_680572_main_10_1782974088.jpg,,https://www.dot-st.com/disp/ranking/?dispNo=001001003&periodTp=3&ageRange=35-39
2026-08-23,30代後半,35-39,5,40%OFF,GLOBAL WORK UVプロテクトペプラムカーディガン/1046363,2393,https://www.dot-st.com/globalwork/disp/item/1046363/,https://pdimg.dot-st.com/images/globalwork/goods/itemImg104/1046363/item_1046363_main_50_1786001137.jpg,SALE,https://www.dot-st.com/disp/ranking/?dispNo=001001003&periodTp=3&ageRange=35-39
2026-08-23,30代後半,35-39,6,LEPSIM,ノーカラーデニムシャツ【カラー】,7990,https://www.dot-st.com/lepsim/disp/item/629900/,https://pdimg.dot-st.com/images/lepsim/goods/itemImg62/629900/item_629900_main_88_1784166845.jpg,予約,https://www.dot-st.com/disp/ranking/?dispNo=001001003&periodTp=3&ageRange=35-39
2026-08-23,30代後半,35-39,7,LEPSIM,モダンレース長袖フーディー【カラー】,5500,https://www.dot-st.com/lepsim/disp/item/1069792/,https://pdimg.dot-st.com/images/lepsim/goods/itemImg106/1069792/item_1069792_main_78_1786951478.jpg,NEW / 予約,https://www.dot-st.com/disp/ranking/?dispNo=001001003&periodTp=3&ageRange=35-39
2026-08-23,30代後半,35-39,8,niko,and ... 【シリーズ累計販売数23万枚突破！】40ビエラレピアチェックシャツ,6000,https://www.dot-st.com/nikoand/disp/item/662023/,https://pdimg.dot-st.com/images/nikoand/goods/itemImg66/662023/item_662023_main_12_1783070872.jpg,NEW,https://www.dot-st.com/disp/ranking/?dispNo=001001003&periodTp=3&ageRange=35-39
2026-08-23,30代後半,35-39,9,niko,and ... 【ハリー・ポッター】コラボアソート裏毛プルオーバー,7000,https://www.dot-st.com/nikoand/disp/item/807200/,https://pdimg.dot-st.com/images/nikoand/goods/itemImg80/807200/item_807200_main_18_1784194214.jpg,NEW,https://www.dot-st.com/disp/ranking/?dispNo=001001003&periodTp=3&ageRange=35-39
2026-08-23,30代後半,35-39,10,JEANASIS,【フィー企画】ベロアサイドスナップロンTEE【8/21(金)9時～発売開始】,4950,https://www.dot-st.com/jeanasis/disp/item/1048179/,https://pdimg.dot-st.com/images/jeanasis/goods/itemImg104/1048179/item_1048179_main_58_1784881865.jpg,NEW,https://www.dot-st.com/disp/ranking/?dispNo=001001003&periodTp=3&ageRange=35-39
2026-08-24,20代後半,25-29,1,JEANASIS,【】14GナポレオンカーディガンLS,7700,https://www.dot-st.com/jeanasis/disp/item/1075999/,https://pdimg.dot-st.com/images/jeanasis/goods/itemImg107/1075999/item_1075999_main_15_1785476018.jpg,予約,https://www.dot-st.com/disp/ranking/?dispNo=001001003&periodTp=3&ageRange=25-29
2026-08-24,20代後半,25-29,2,niko,and ... 【ハリー・ポッター】コラボアソート裏毛プルオーバー,7000,https://www.dot-st.com/nikoand/disp/item/807200/,https://pdimg.dot-st.com/images/nikoand/goods/itemImg80/807200/item_807200_main_18_1784194214.jpg,NEW,https://www.dot-st.com/disp/ranking/?dispNo=001001003&periodTp=3&ageRange=25-29
2026-08-24,20代後半,25-29,3,JEANASIS,【フィー企画】ベロアサイドスナップロンTEE【8/21(金)9時～発売開始】,4950,https://www.dot-st.com/jeanasis/disp/item/1048179/,https://pdimg.dot-st.com/images/jeanasis/goods/itemImg104/1048179/item_1048179_main_58_1784881865.jpg,NEW,https://www.dot-st.com/disp/ranking/?dispNo=001001003&periodTp=3&ageRange=25-29
2026-08-24,20代後半,25-29,4,niko,and ... 【ハリー・ポッター】コラボアソートニットカーディガン,8000,https://www.dot-st.com/nikoand/disp/item/807203/,https://pdimg.dot-st.com/images/nikoand/goods/itemImg80/807203/item_807203_main_30_1784194066.jpg,NEW,https://www.dot-st.com/disp/ranking/?dispNo=001001003&periodTp=3&ageRange=25-29
2026-08-24,20代後半,25-29,5,HARE,【OCCASION WEB SET UP対応】バックプリーツビスチェ,9900,https://www.dot-st.com/hare/disp/item/1057342/,https://pdimg.dot-st.com/images/hare/goods/itemImg105/1057342/item_1057342_main_10_1786696392.jpg,NEW / 予約,https://www.dot-st.com/disp/ranking/?dispNo=001001003&periodTp=3&ageRange=25-29
2026-08-24,20代後半,25-29,6,JEANASIS,シアーワッフルドロストプルオーバーLS【完売カラー追加】,6600,https://www.dot-st.com/jeanasis/disp/item/1067550/,https://pdimg.dot-st.com/images/jeanasis/goods/itemImg106/1067550/item_1067550_main_06_1784196956.jpg,予約,https://www.dot-st.com/disp/ranking/?dispNo=001001003&periodTp=3&ageRange=25-29
2026-08-24,20代後半,25-29,7,HARE,【WEB】レースUPミドルカーディガン,13200,https://www.dot-st.com/hare/disp/item/782984/,https://pdimg.dot-st.com/images/hare/goods/itemImg78/782984/item_782984_main_12_1785138631.jpg,予約,https://www.dot-st.com/disp/ranking/?dispNo=001001003&periodTp=3&ageRange=25-29
2026-08-24,20代後半,25-29,8,HARE,ムラゾメフラワーガラシャツ,12980,https://www.dot-st.com/hare/disp/item/1052539/,https://pdimg.dot-st.com/images/hare/goods/itemImg105/1052539/item_1052539_main_78_1786079789.jpg,,https://www.dot-st.com/disp/ranking/?dispNo=001001003&periodTp=3&ageRange=25-29
2026-08-24,20代後半,25-29,9,LEPSIM,《新作WEB》【BEVERLY HILLS POLO CLUB】シャギーチェックシャツ,8800,https://www.dot-st.com/lepsim/disp/item/683628/,https://pdimg.dot-st.com/images/lepsim/goods/itemImg68/683628/item_683628_main_55_1786528232.jpg,予約,https://www.dot-st.com/disp/ranking/?dispNo=001001003&periodTp=3&ageRange=25-29
2026-08-24,20代後半,25-29,10,LOWRYS,FARM ヨウリュウシシュウノースリーブ,6990,https://www.dot-st.com/lowrysfarm/disp/item/867766/,https://pdimg.dot-st.com/images/lowrysfarm/goods/itemImg86/867766/item_867766_main_05_1779790204.jpg,,https://www.dot-st.com/disp/ranking/?dispNo=001001003&periodTp=3&ageRange=25-29
2026-08-24,30代前半,30-34,1,JEANASIS,【】14GナポレオンカーディガンLS,7700,https://www.dot-st.com/jeanasis/disp/item/1075999/,https://pdimg.dot-st.com/images/jeanasis/goods/itemImg107/1075999/item_1075999_main_15_1785476018.jpg,予約,https://www.dot-st.com/disp/ranking/?dispNo=001001003&periodTp=3&ageRange=30-34
2026-08-24,30代前半,30-34,2,niko,and ... 【ハリー・ポッター】コラボアソート裏毛プルオーバー,7000,https://www.dot-st.com/nikoand/disp/item/807200/,https://pdimg.dot-st.com/images/nikoand/goods/itemImg80/807200/item_807200_main_18_1784194214.jpg,NEW,https://www.dot-st.com/disp/ranking/?dispNo=001001003&periodTp=3&ageRange=30-34
2026-08-24,30代前半,30-34,3,LEPSIM,《新作WEB》【BEVERLY HILLS POLO CLUB】シャギーチェックシャツ,8800,https://www.dot-st.com/lepsim/disp/item/683628/,https://pdimg.dot-st.com/images/lepsim/goods/itemImg68/683628/item_683628_main_55_1786528232.jpg,予約,https://www.dot-st.com/disp/ranking/?dispNo=001001003&periodTp=3&ageRange=30-34
2026-08-24,30代前半,30-34,4,A,part by チェックシャツ_長袖,12100,https://www.dot-st.com/apartbylowrys/disp/item/1046336/,https://pdimg.dot-st.com/images/apartbylowrys/goods/itemImg104/1046336/item_1046336_main_73_1784683668.jpg,,https://www.dot-st.com/disp/ranking/?dispNo=001001003&periodTp=3&ageRange=30-34
2026-08-24,30代前半,30-34,5,LEPSIM,アソートチェックシャツチュニック,6600,https://www.dot-st.com/lepsim/disp/item/1054544/,https://pdimg.dot-st.com/images/lepsim/goods/itemImg105/1054544/item_1054544_main_59_1786347646.jpg,NEW,https://www.dot-st.com/disp/ranking/?dispNo=001001003&periodTp=3&ageRange=30-34
2026-08-24,30代前半,30-34,6,Classical,Elf 重ねてる風、が今っぽい。ビスチェ風チュールフリルドッキングTシャツce1010572,4998,https://www.dot-st.com/classicalelf/disp/item/644054/,https://pdimg.dot-st.com/images/classicalelf/goods/itemImg64/644054/item_644054_main_01_1774576827.jpg,,https://www.dot-st.com/disp/ranking/?dispNo=001001003&periodTp=3&ageRange=30-34
2026-08-24,30代前半,30-34,7,GLOBAL,WORK 【玉井詩織さん着用】シアークレープチェックシャツ/680572,4490,https://www.dot-st.com/globalwork/disp/item/680572/,https://pdimg.dot-st.com/images/globalwork/goods/itemImg68/680572/item_680572_main_10_1782974088.jpg,,https://www.dot-st.com/disp/ranking/?dispNo=001001003&periodTp=3&ageRange=30-34
2026-08-24,30代前半,30-34,8,20%OFF,GLOBAL WORK UVプロテクトフードシャツ/646416,3192,https://www.dot-st.com/globalwork/disp/item/646416/,https://pdimg.dot-st.com/images/globalwork/goods/itemImg64/646416/item_646416_main_05_1772535514.jpg,SALE,https://www.dot-st.com/disp/ranking/?dispNo=001001003&periodTp=3&ageRange=30-34
2026-08-24,30代前半,30-34,9,Classical,Elf 胸ポケット付きオーバーサイズシアーチェックシャツce1410033,5998,https://www.dot-st.com/classicalelf/disp/item/1051526/,https://pdimg.dot-st.com/images/classicalelf/goods/itemImg105/1051526/item_1051526_main_06_1786925836.jpg,NEW,https://www.dot-st.com/disp/ranking/?dispNo=001001003&periodTp=3&ageRange=30-34
2026-08-24,30代前半,30-34,10,JEANASIS,シアーワッフルドロストプルオーバーLS【完売カラー追加】,6600,https://www.dot-st.com/jeanasis/disp/item/1067550/,https://pdimg.dot-st.com/images/jeanasis/goods/itemImg106/1067550/item_1067550_main_06_1784196956.jpg,予約,https://www.dot-st.com/disp/ranking/?dispNo=001001003&periodTp=3&ageRange=30-34
2026-08-24,30代後半,35-39,1,LEPSIM,《新作WEB》【BEVERLY HILLS POLO CLUB】シャギーチェックシャツ,8800,https://www.dot-st.com/lepsim/disp/item/683628/,https://pdimg.dot-st.com/images/lepsim/goods/itemImg68/683628/item_683628_main_55_1786528232.jpg,予約,https://www.dot-st.com/disp/ranking/?dispNo=001001003&periodTp=3&ageRange=35-39
2026-08-24,30代後半,35-39,2,JEANASIS,【】14GナポレオンカーディガンLS,7700,https://www.dot-st.com/jeanasis/disp/item/1075999/,https://pdimg.dot-st.com/images/jeanasis/goods/itemImg107/1075999/item_1075999_main_15_1785476018.jpg,予約,https://www.dot-st.com/disp/ranking/?dispNo=001001003&periodTp=3&ageRange=35-39
2026-08-24,30代後半,35-39,3,20%OFF,GLOBAL WORK UVプロテクトフードシャツ/646416,3192,https://www.dot-st.com/globalwork/disp/item/646416/,https://pdimg.dot-st.com/images/globalwork/goods/itemImg64/646416/item_646416_main_05_1772535514.jpg,SALE,https://www.dot-st.com/disp/ranking/?dispNo=001001003&periodTp=3&ageRange=35-39
2026-08-24,30代後半,35-39,4,GLOBAL,WORK 【玉井詩織さん着用】シアークレープチェックシャツ/680572,4490,https://www.dot-st.com/globalwork/disp/item/680572/,https://pdimg.dot-st.com/images/globalwork/goods/itemImg68/680572/item_680572_main_10_1782974088.jpg,,https://www.dot-st.com/disp/ranking/?dispNo=001001003&periodTp=3&ageRange=35-39
2026-08-24,30代後半,35-39,5,40%OFF,GLOBAL WORK UVプロテクトペプラムカーディガン/1046363,2393,https://www.dot-st.com/globalwork/disp/item/1046363/,https://pdimg.dot-st.com/images/globalwork/goods/itemImg104/1046363/item_1046363_main_50_1786001137.jpg,SALE,https://www.dot-st.com/disp/ranking/?dispNo=001001003&periodTp=3&ageRange=35-39
2026-08-24,30代後半,35-39,6,GLOBAL,WORK フリンジビスチェ/797325,2990,https://www.dot-st.com/globalwork/disp/item/797325/,https://pdimg.dot-st.com/images/globalwork/goods/itemImg79/797325/item_797325_main_08_1782975371.jpg,,https://www.dot-st.com/disp/ranking/?dispNo=001001003&periodTp=3&ageRange=35-39
2026-08-24,30代後半,35-39,7,40%OFF,GLOBAL WORK ハシゴレースリボンカーデ/1042789,2994,https://www.dot-st.com/globalwork/disp/item/1042789/,https://pdimg.dot-st.com/images/globalwork/goods/itemImg104/1042789/item_1042789_main_38_1782801436.jpg,SALE,https://www.dot-st.com/disp/ranking/?dispNo=001001003&periodTp=3&ageRange=35-39
2026-08-24,30代後半,35-39,8,A,part by チェックシャツ_長袖,12100,https://www.dot-st.com/apartbylowrys/disp/item/1046336/,https://pdimg.dot-st.com/images/apartbylowrys/goods/itemImg104/1046336/item_1046336_main_73_1784683668.jpg,,https://www.dot-st.com/disp/ranking/?dispNo=001001003&periodTp=3&ageRange=35-39
2026-08-24,30代後半,35-39,9,LEPSIM,モダンレース長袖フーディー【カラー】,5500,https://www.dot-st.com/lepsim/disp/item/1069792/,https://pdimg.dot-st.com/images/lepsim/goods/itemImg106/1069792/item_1069792_main_78_1786951478.jpg,NEW / 予約,https://www.dot-st.com/disp/ranking/?dispNo=001001003&periodTp=3&ageRange=35-39
2026-08-24,30代後半,35-39,10,niko,and ... 【ハリー・ポッター】コラボチェックZIPシャツ,7500,https://www.dot-st.com/nikoand/disp/item/807202/,https://pdimg.dot-st.com/images/nikoand/goods/itemImg80/807202/item_807202_main_52_1784194158.jpg,NEW,https://www.dot-st.com/disp/ranking/?dispNo=001001003&periodTp=3&ageRange=35-39
2026-08-25,20代後半,25-29,1,JEANASIS,【】14GナポレオンカーディガンLS,7700,https://www.dot-st.com/jeanasis/disp/item/1075999/,https://pdimg.dot-st.com/images/jeanasis/goods/itemImg107/1075999/item_1075999_main_15_1785476018.jpg,予約,https://www.dot-st.com/disp/ranking/?dispNo=001001003&periodTp=3&ageRange=25-29
2026-08-25,20代後半,25-29,2,JEANASIS,～31日(月)12時59分まで追加受付中【marimo企画】コットンドットロンTEE,4950,https://www.dot-st.com/jeanasis/disp/item/1048192/,https://pdimg.dot-st.com/images/jeanasis/goods/itemImg104/1048192/item_1048192_main_09_1784881748.jpg,NEW / 予約,https://www.dot-st.com/disp/ranking/?dispNo=001001003&periodTp=3&ageRange=25-29
2026-08-25,20代後半,25-29,3,niko,and ... 【ハリー・ポッター】コラボアソート裏毛プルオーバー,7000,https://www.dot-st.com/nikoand/disp/item/807200/,https://pdimg.dot-st.com/images/nikoand/goods/itemImg80/807200/item_807200_main_18_1784194214.jpg,NEW,https://www.dot-st.com/disp/ranking/?dispNo=001001003&periodTp=3&ageRange=25-29
2026-08-25,20代後半,25-29,4,LEPSIM,《新作WEB》【BEVERLY HILLS POLO CLUB】シャギーチェックシャツ,8800,https://www.dot-st.com/lepsim/disp/item/683628/,https://pdimg.dot-st.com/images/lepsim/goods/itemImg68/683628/item_683628_main_55_1786528232.jpg,予約,https://www.dot-st.com/disp/ranking/?dispNo=001001003&periodTp=3&ageRange=25-29
2026-08-25,20代後半,25-29,5,PAGEBOY,【】スカシリーフニットボレロ,6990,https://www.dot-st.com/pageboy/disp/item/414159/,https://pdimg.dot-st.com/images/pageboy/goods/itemImg41/414159/item_414159_main_89_1776767880.jpg,再入荷,https://www.dot-st.com/disp/ranking/?dispNo=001001003&periodTp=3&ageRange=25-29
2026-08-25,20代後半,25-29,6,A,part by チェックシャツ_長袖,12100,https://www.dot-st.com/apartbylowrys/disp/item/1046336/,https://pdimg.dot-st.com/images/apartbylowrys/goods/itemImg104/1046336/item_1046336_main_73_1784683668.jpg,,https://www.dot-st.com/disp/ranking/?dispNo=001001003&periodTp=3&ageRange=25-29
2026-08-25,20代後半,25-29,7,HARE,【一部追加 SET UP対応 イージーケア機能】TOROMIシシュウシャツ,12100,https://www.dot-st.com/hare/disp/item/591979/,https://pdimg.dot-st.com/images/hare/goods/itemImg59/591979/item_591979_main_09_1755240661.jpg,予約,https://www.dot-st.com/disp/ranking/?dispNo=001001003&periodTp=3&ageRange=25-29
2026-08-25,20代後半,25-29,8,JEANASIS,【フィー企画】ベロアサイドスナップロンTEE【8/21(金)9時～発売開始】,4950,https://www.dot-st.com/jeanasis/disp/item/1048179/,https://pdimg.dot-st.com/images/jeanasis/goods/itemImg104/1048179/item_1048179_main_58_1784881865.jpg,NEW,https://www.dot-st.com/disp/ranking/?dispNo=001001003&periodTp=3&ageRange=25-29
2026-08-25,20代後半,25-29,9,HARE,【WEB】シシュウダンボールパーカー,11000,https://www.dot-st.com/hare/disp/item/1063459/,https://pdimg.dot-st.com/images/hare/goods/itemImg106/1063459/item_1063459_main_85_1784278788.jpg,予約,https://www.dot-st.com/disp/ranking/?dispNo=001001003&periodTp=3&ageRange=25-29
2026-08-25,20代後半,25-29,10,JEANASIS,シアーワッフルドロストプルオーバーLS【完売カラー追加】,6600,https://www.dot-st.com/jeanasis/disp/item/1067550/,https://pdimg.dot-st.com/images/jeanasis/goods/itemImg106/1067550/item_1067550_main_06_1784196956.jpg,予約,https://www.dot-st.com/disp/ranking/?dispNo=001001003&periodTp=3&ageRange=25-29
2026-08-25,30代前半,30-34,1,JEANASIS,【】14GナポレオンカーディガンLS,7700,https://www.dot-st.com/jeanasis/disp/item/1075999/,https://pdimg.dot-st.com/images/jeanasis/goods/itemImg107/1075999/item_1075999_main_15_1785476018.jpg,予約,https://www.dot-st.com/disp/ranking/?dispNo=001001003&periodTp=3&ageRange=30-34
2026-08-25,30代前半,30-34,2,JEANASIS,～31日(月)12時59分まで追加受付中【marimo企画】コットンドットロンTEE,4950,https://www.dot-st.com/jeanasis/disp/item/1048192/,https://pdimg.dot-st.com/images/jeanasis/goods/itemImg104/1048192/item_1048192_main_09_1784881748.jpg,NEW / 予約,https://www.dot-st.com/disp/ranking/?dispNo=001001003&periodTp=3&ageRange=30-34
2026-08-25,30代前半,30-34,3,niko,and ... 【ハリー・ポッター】コラボチェックZIPシャツ,7500,https://www.dot-st.com/nikoand/disp/item/807202/,https://pdimg.dot-st.com/images/nikoand/goods/itemImg80/807202/item_807202_main_52_1784194158.jpg,NEW,https://www.dot-st.com/disp/ranking/?dispNo=001001003&periodTp=3&ageRange=30-34
2026-08-25,30代前半,30-34,4,LEPSIM,《新作WEB》【BEVERLY HILLS POLO CLUB】シャギーチェックシャツ,8800,https://www.dot-st.com/lepsim/disp/item/683628/,https://pdimg.dot-st.com/images/lepsim/goods/itemImg68/683628/item_683628_main_55_1786528232.jpg,予約,https://www.dot-st.com/disp/ranking/?dispNo=001001003&periodTp=3&ageRange=30-34
2026-08-25,30代前半,30-34,5,LEPSIM,ノーカラーデニムシャツ【カラー】,7990,https://www.dot-st.com/lepsim/disp/item/629900/,https://pdimg.dot-st.com/images/lepsim/goods/itemImg62/629900/item_629900_main_87_1783910491.jpg,予約,https://www.dot-st.com/disp/ranking/?dispNo=001001003&periodTp=3&ageRange=30-34
2026-08-25,30代前半,30-34,6,Curensology,【】ノルディックフードベスト,31900,https://www.dot-st.com/curensology/disp/item/659094/,https://pdimg.dot-st.com/images/curensology/goods/itemImg65/659094/item_659094_main_15_1785299705.jpg,予約,https://www.dot-st.com/disp/ranking/?dispNo=001001003&periodTp=3&ageRange=30-34
2026-08-25,30代前半,30-34,7,JEANASIS,【～8/26(水)12時59分まで、追加受注生産】プリントTEE SS【HONGAMA】,5990,https://www.dot-st.com/jeanasis/disp/item/1061794/,https://pdimg.dot-st.com/images/jeanasis/goods/itemImg106/1061794/item_1061794_main_01_1784787622.jpg,予約,https://www.dot-st.com/disp/ranking/?dispNo=001001003&periodTp=3&ageRange=30-34
2026-08-25,30代前半,30-34,8,BAYFLOW,≪≫モンスターズ・ユニバーシティ/カレッジニットカーディガン,8990,https://www.dot-st.com/bayflow/disp/item/1046354/,https://pdimg.dot-st.com/images/bayflow/goods/itemImg104/1046354/item_1046354_main_80_1784804400.jpg,予約,https://www.dot-st.com/disp/ranking/?dispNo=001001003&periodTp=3&ageRange=30-34
2026-08-25,30代前半,30-34,9,LOWRYS,FARM シャーリングブラウスフレンチスリーブ,6600,https://www.dot-st.com/lowrysfarm/disp/item/1046442/,https://pdimg.dot-st.com/images/lowrysfarm/goods/itemImg104/1046442/item_1046442_main_52_1784024369.jpg,,https://www.dot-st.com/disp/ranking/?dispNo=001001003&periodTp=3&ageRange=30-34
2026-08-25,30代前半,30-34,10,JEANASIS,シアーワッフルドロストプルオーバーLS【完売カラー追加】,6600,https://www.dot-st.com/jeanasis/disp/item/1067550/,https://pdimg.dot-st.com/images/jeanasis/goods/itemImg106/1067550/item_1067550_main_06_1784196956.jpg,予約,https://www.dot-st.com/disp/ranking/?dispNo=001001003&periodTp=3&ageRange=30-34
2026-08-25,30代後半,35-39,1,JEANASIS,【】14GナポレオンカーディガンLS,7700,https://www.dot-st.com/jeanasis/disp/item/1075999/,https://pdimg.dot-st.com/images/jeanasis/goods/itemImg107/1075999/item_1075999_main_15_1785476018.jpg,予約,https://www.dot-st.com/disp/ranking/?dispNo=001001003&periodTp=3&ageRange=35-39
2026-08-25,30代後半,35-39,2,LEPSIM,《新作WEB》【BEVERLY HILLS POLO CLUB】シャギーチェックシャツ,8800,https://www.dot-st.com/lepsim/disp/item/683628/,https://pdimg.dot-st.com/images/lepsim/goods/itemImg68/683628/item_683628_main_55_1786528232.jpg,予約,https://www.dot-st.com/disp/ranking/?dispNo=001001003&periodTp=3&ageRange=35-39
2026-08-25,30代後半,35-39,3,LEPSIM,ノーカラーデニムシャツ【カラー】,7990,https://www.dot-st.com/lepsim/disp/item/629900/,https://pdimg.dot-st.com/images/lepsim/goods/itemImg62/629900/item_629900_main_09_1784191389.jpg,予約,https://www.dot-st.com/disp/ranking/?dispNo=001001003&periodTp=3&ageRange=35-39
2026-08-25,30代後半,35-39,4,JEANASIS,～31日(月)12時59分まで追加受付中【marimo企画】コットンドットロンTEE,4950,https://www.dot-st.com/jeanasis/disp/item/1048192/,https://pdimg.dot-st.com/images/jeanasis/goods/itemImg104/1048192/item_1048192_main_09_1784881748.jpg,NEW / 予約,https://www.dot-st.com/disp/ranking/?dispNo=001001003&periodTp=3&ageRange=35-39
2026-08-25,30代後半,35-39,5,GLOBAL,WORK フリンジビスチェ/797325,2990,https://www.dot-st.com/globalwork/disp/item/797325/,https://pdimg.dot-st.com/images/globalwork/goods/itemImg79/797325/item_797325_main_08_1782975371.jpg,,https://www.dot-st.com/disp/ranking/?dispNo=001001003&periodTp=3&ageRange=35-39
2026-08-25,30代後半,35-39,6,20%OFF,GLOBAL WORK UVプロテクトフードシャツ/646416,3192,https://www.dot-st.com/globalwork/disp/item/646416/,https://pdimg.dot-st.com/images/globalwork/goods/itemImg64/646416/item_646416_main_05_1772535514.jpg,SALE,https://www.dot-st.com/disp/ranking/?dispNo=001001003&periodTp=3&ageRange=35-39
2026-08-25,30代後半,35-39,7,40%OFF,GLOBAL WORK UVプロテクトペプラムカーディガン/1046363,2393,https://www.dot-st.com/globalwork/disp/item/1046363/,https://pdimg.dot-st.com/images/globalwork/goods/itemImg104/1046363/item_1046363_main_50_1786001137.jpg,SALE,https://www.dot-st.com/disp/ranking/?dispNo=001001003&periodTp=3&ageRange=35-39
2026-08-25,30代後半,35-39,8,LEPSIM,アソートチェックシャツチュニック,6600,https://www.dot-st.com/lepsim/disp/item/1054544/,https://pdimg.dot-st.com/images/lepsim/goods/itemImg105/1054544/item_1054544_main_59_1786347646.jpg,再入荷,https://www.dot-st.com/disp/ranking/?dispNo=001001003&periodTp=3&ageRange=35-39
2026-08-25,30代後半,35-39,9,GLOBAL,WORK 【玉井詩織さん着用】シアークレープチェックシャツ/680572,4490,https://www.dot-st.com/globalwork/disp/item/680572/,https://pdimg.dot-st.com/images/globalwork/goods/itemImg68/680572/item_680572_main_10_1782974088.jpg,,https://www.dot-st.com/disp/ranking/?dispNo=001001003&periodTp=3&ageRange=35-39
2026-08-25,30代後半,35-39,10,LOWRYS,FARM アシメティアードチュニックＳＳ,6050,https://www.dot-st.com/lowrysfarm/disp/item/1049042/,https://pdimg.dot-st.com/images/lowrysfarm/goods/itemImg104/1049042/item_1049042_main_05_1782896599.jpg,再入荷,https://www.dot-st.com/disp/ranking/?dispNo=001001003&periodTp=3&ageRange=35-39
2026-08-26,20代後半,25-29,1,JEANASIS,【】14GナポレオンカーディガンLS,7700,https://www.dot-st.com/jeanasis/disp/item/1075999/,https://pdimg.dot-st.com/images/jeanasis/goods/itemImg107/1075999/item_1075999_main_15_1785476018.jpg,予約,https://www.dot-st.com/disp/ranking/?dispNo=001001003&periodTp=3&ageRange=25-29
2026-08-26,20代後半,25-29,2,JEANASIS,【eL+1】Anorak Blouson【8/25(火)13時START】,15400,https://www.dot-st.com/jeanasis/disp/item/1075103/,https://pdimg.dot-st.com/images/jeanasis/goods/itemImg107/1075103/item_1075103_main_88_1787553746.jpg,予約,https://www.dot-st.com/disp/ranking/?dispNo=001001003&periodTp=3&ageRange=25-29
2026-08-26,20代後半,25-29,3,JEANASIS,【eL+1】12G Emblem Polo【8/25(火)13時START】,9900,https://www.dot-st.com/jeanasis/disp/item/1077676/,https://pdimg.dot-st.com/images/jeanasis/goods/itemImg107/1077676/item_1077676_main_88_1787553305.jpg,予約,https://www.dot-st.com/disp/ranking/?dispNo=001001003&periodTp=3&ageRange=25-29
2026-08-26,20代後半,25-29,4,JEANASIS,【eL+1】Crazy Border Long Sleeve【8/25(火)13時START】,8800,https://www.dot-st.com/jeanasis/disp/item/1075094/,https://pdimg.dot-st.com/images/jeanasis/goods/itemImg107/1075094/item_1075094_main_75_1787554930.jpg,予約,https://www.dot-st.com/disp/ranking/?dispNo=001001003&periodTp=3&ageRange=25-29
2026-08-26,20代後半,25-29,5,JEANASIS,～31日(月)12時59分まで追加受付中【marimo企画】コットンドットロンTEE,4950,https://www.dot-st.com/jeanasis/disp/item/1048192/,https://pdimg.dot-st.com/images/jeanasis/goods/itemImg104/1048192/item_1048192_main_09_1784881748.jpg,NEW / 予約,https://www.dot-st.com/disp/ranking/?dispNo=001001003&periodTp=3&ageRange=25-29
2026-08-26,20代後半,25-29,6,HARE,パーツツキコンパクトネクタイシャツLS,11000,https://www.dot-st.com/hare/disp/item/1056217/,https://pdimg.dot-st.com/images/hare/goods/itemImg105/1056217/item_1056217_main_52_1785845406.jpg,NEW,https://www.dot-st.com/disp/ranking/?dispNo=001001003&periodTp=3&ageRange=25-29
2026-08-26,20代後半,25-29,7,JEANASIS,シアーワッフルドロストプルオーバーLS【完売カラー追加】,6600,https://www.dot-st.com/jeanasis/disp/item/1067550/,https://pdimg.dot-st.com/images/jeanasis/goods/itemImg106/1067550/item_1067550_main_06_1784196956.jpg,予約,https://www.dot-st.com/disp/ranking/?dispNo=001001003&periodTp=3&ageRange=25-29
2026-08-26,20代後半,25-29,8,LOWRYS,FARM ソウバリスクエアタンクトップ,3850,https://www.dot-st.com/lowrysfarm/disp/item/294378/,https://pdimg.dot-st.com/images/lowrysfarm/goods/itemImg29/294378/item_294378_main_02_1776846779.jpg,,https://www.dot-st.com/disp/ranking/?dispNo=001001003&periodTp=3&ageRange=25-29
2026-08-26,20代後半,25-29,9,mysty,woman 【追加】レースキャミワンピ半袖シャツセット,13200,https://www.dot-st.com/mystywoman/disp/item/1050297/,https://pdimg.dot-st.com/images/mystywoman/goods/itemImg105/1050297/item_1050297_main_05_1787556406.jpg,予約,https://www.dot-st.com/disp/ranking/?dispNo=001001003&periodTp=3&ageRange=25-29
2026-08-26,20代後半,25-29,10,LOWRYS,FARM アシメティアードチュニックＳＳ,6050,https://www.dot-st.com/lowrysfarm/disp/item/1049042/,https://pdimg.dot-st.com/images/lowrysfarm/goods/itemImg104/1049042/item_1049042_main_05_1782896599.jpg,,https://www.dot-st.com/disp/ranking/?dispNo=001001003&periodTp=3&ageRange=25-29
2026-08-26,30代前半,30-34,1,JEANASIS,【eL+1】Anorak Blouson【8/25(火)13時START】,15400,https://www.dot-st.com/jeanasis/disp/item/1075103/,https://pdimg.dot-st.com/images/jeanasis/goods/itemImg107/1075103/item_1075103_main_88_1787553746.jpg,予約,https://www.dot-st.com/disp/ranking/?dispNo=001001003&periodTp=3&ageRange=30-34
2026-08-26,30代前半,30-34,2,JEANASIS,【eL+1】Crazy Border Long Sleeve【8/25(火)13時START】,8800,https://www.dot-st.com/jeanasis/disp/item/1075094/,https://pdimg.dot-st.com/images/jeanasis/goods/itemImg107/1075094/item_1075094_main_75_1787554930.jpg,予約,https://www.dot-st.com/disp/ranking/?dispNo=001001003&periodTp=3&ageRange=30-34
2026-08-26,30代前半,30-34,3,JEANASIS,【】14GナポレオンカーディガンLS,7700,https://www.dot-st.com/jeanasis/disp/item/1075999/,https://pdimg.dot-st.com/images/jeanasis/goods/itemImg107/1075999/item_1075999_main_15_1785476018.jpg,予約,https://www.dot-st.com/disp/ranking/?dispNo=001001003&periodTp=3&ageRange=30-34
2026-08-26,30代前半,30-34,4,JEANASIS,【eL+1】12G Emblem Polo【8/25(火)13時START】,9900,https://www.dot-st.com/jeanasis/disp/item/1077676/,https://pdimg.dot-st.com/images/jeanasis/goods/itemImg107/1077676/item_1077676_main_88_1787553305.jpg,予約,https://www.dot-st.com/disp/ranking/?dispNo=001001003&periodTp=3&ageRange=30-34
2026-08-26,30代前半,30-34,5,LOWRYS,FARM アシメティアードチュニックＳＳ,6050,https://www.dot-st.com/lowrysfarm/disp/item/1049042/,https://pdimg.dot-st.com/images/lowrysfarm/goods/itemImg104/1049042/item_1049042_main_05_1782896599.jpg,,https://www.dot-st.com/disp/ranking/?dispNo=001001003&periodTp=3&ageRange=30-34
2026-08-26,30代前半,30-34,6,niko,and ... 【ハリー・ポッター】コラボチェックZIPシャツ,7500,https://www.dot-st.com/nikoand/disp/item/807202/,https://pdimg.dot-st.com/images/nikoand/goods/itemImg80/807202/item_807202_main_52_1784194158.jpg,NEW,https://www.dot-st.com/disp/ranking/?dispNo=001001003&periodTp=3&ageRange=30-34
2026-08-26,30代前半,30-34,7,repipi,armario 【モンチッチ】2WAYファーWZIPパーカー,6990,https://www.dot-st.com/repipiarmario/disp/item/1054549/,https://pdimg.dot-st.com/images/repipiarmario/goods/itemImg105/1054549/item_1054549_main_08_1787572975.jpg,NEW,https://www.dot-st.com/disp/ranking/?dispNo=001001003&periodTp=3&ageRange=30-34
2026-08-26,30代前半,30-34,8,niko,and ... 【ハリー・ポッター】コラボアソート裏毛プルオーバー,7000,https://www.dot-st.com/nikoand/disp/item/807200/,https://pdimg.dot-st.com/images/nikoand/goods/itemImg80/807200/item_807200_main_18_1784194214.jpg,NEW,https://www.dot-st.com/disp/ranking/?dispNo=001001003&periodTp=3&ageRange=30-34
2026-08-26,30代前半,30-34,9,HARE,【WEB】レースUPミドルカーディガン,13200,https://www.dot-st.com/hare/disp/item/782984/,https://pdimg.dot-st.com/images/hare/goods/itemImg78/782984/item_782984_main_12_1785138631.jpg,予約,https://www.dot-st.com/disp/ranking/?dispNo=001001003&periodTp=3&ageRange=30-34
2026-08-26,30代前半,30-34,10,JEANASIS,【～8/26(水)12時59分まで、追加受注生産】プリントTEE SS【HONGAMA】,5990,https://www.dot-st.com/jeanasis/disp/item/1061794/,https://pdimg.dot-st.com/images/jeanasis/goods/itemImg106/1061794/item_1061794_main_01_1784787622.jpg,予約,https://www.dot-st.com/disp/ranking/?dispNo=001001003&periodTp=3&ageRange=30-34
2026-08-26,30代後半,35-39,1,JEANASIS,【eL+1】Anorak Blouson【8/25(火)13時START】,15400,https://www.dot-st.com/jeanasis/disp/item/1075103/,https://pdimg.dot-st.com/images/jeanasis/goods/itemImg107/1075103/item_1075103_main_88_1787553746.jpg,予約,https://www.dot-st.com/disp/ranking/?dispNo=001001003&periodTp=3&ageRange=35-39
2026-08-26,30代後半,35-39,2,JEANASIS,【】14GナポレオンカーディガンLS,7700,https://www.dot-st.com/jeanasis/disp/item/1075999/,https://pdimg.dot-st.com/images/jeanasis/goods/itemImg107/1075999/item_1075999_main_15_1785476018.jpg,予約,https://www.dot-st.com/disp/ranking/?dispNo=001001003&periodTp=3&ageRange=35-39
2026-08-26,30代後半,35-39,3,JEANASIS,【eL+1】Crazy Border Long Sleeve【8/25(火)13時START】,8800,https://www.dot-st.com/jeanasis/disp/item/1075094/,https://pdimg.dot-st.com/images/jeanasis/goods/itemImg107/1075094/item_1075094_main_75_1787554930.jpg,予約,https://www.dot-st.com/disp/ranking/?dispNo=001001003&periodTp=3&ageRange=35-39
2026-08-26,30代後半,35-39,4,LEPSIM,《新作WEB》【BEVERLY HILLS POLO CLUB】シャギーチェックシャツ,8800,https://www.dot-st.com/lepsim/disp/item/683628/,https://pdimg.dot-st.com/images/lepsim/goods/itemImg68/683628/item_683628_main_55_1786528232.jpg,予約,https://www.dot-st.com/disp/ranking/?dispNo=001001003&periodTp=3&ageRange=35-39
2026-08-26,30代後半,35-39,5,repipi,armario 【モンチッチ】2WAYファーWZIPパーカー,6990,https://www.dot-st.com/repipiarmario/disp/item/1054549/,https://pdimg.dot-st.com/images/repipiarmario/goods/itemImg105/1054549/item_1054549_main_08_1787572975.jpg,NEW,https://www.dot-st.com/disp/ranking/?dispNo=001001003&periodTp=3&ageRange=35-39
2026-08-26,30代後半,35-39,6,GLOBAL,WORK 【玉井詩織さん着用】シアークレープチェックシャツ/680572,4490,https://www.dot-st.com/globalwork/disp/item/680572/,https://pdimg.dot-st.com/images/globalwork/goods/itemImg68/680572/item_680572_main_10_1782974088.jpg,,https://www.dot-st.com/disp/ranking/?dispNo=001001003&periodTp=3&ageRange=35-39
2026-08-26,30代後半,35-39,7,JEANASIS,【eL+1】12G Emblem Polo【8/25(火)13時START】,9900,https://www.dot-st.com/jeanasis/disp/item/1077676/,https://pdimg.dot-st.com/images/jeanasis/goods/itemImg107/1077676/item_1077676_main_88_1787553305.jpg,予約,https://www.dot-st.com/disp/ranking/?dispNo=001001003&periodTp=3&ageRange=35-39
2026-08-26,30代後半,35-39,8,niko,and ... 【シリーズ累計販売数23万枚突破！】40ビエラレピアチェックシャツ,6000,https://www.dot-st.com/nikoand/disp/item/662023/,https://pdimg.dot-st.com/images/nikoand/goods/itemImg66/662023/item_662023_main_12_1783070872.jpg,NEW,https://www.dot-st.com/disp/ranking/?dispNo=001001003&periodTp=3&ageRange=35-39
2026-08-26,30代後半,35-39,9,A,part by チェックシャツ_長袖,12100,https://www.dot-st.com/apartbylowrys/disp/item/1046336/,https://pdimg.dot-st.com/images/apartbylowrys/goods/itemImg104/1046336/item_1046336_main_73_1784683668.jpg,,https://www.dot-st.com/disp/ranking/?dispNo=001001003&periodTp=3&ageRange=35-39
2026-08-26,30代後半,35-39,10,20%OFF,GLOBAL WORK UVプロテクトフードシャツ/646416,3192,https://www.dot-st.com/globalwork/disp/item/646416/,https://pdimg.dot-st.com/images/globalwork/goods/itemImg64/646416/item_646416_main_05_1772535514.jpg,SALE,https://www.dot-st.com/disp/ranking/?dispNo=001001003&periodTp=3&ageRange=35-39
2026-08-27,20代後半,25-29,1,JEANASIS,【】14GナポレオンカーディガンLS,7700,https://www.dot-st.com/jeanasis/disp/item/1075999/,https://pdimg.dot-st.com/images/jeanasis/goods/itemImg107/1075999/item_1075999_main_15_1785476018.jpg,予約,https://www.dot-st.com/disp/ranking/?dispNo=001001003&periodTp=3&ageRange=25-29
2026-08-27,20代後半,25-29,2,Heather,【】メニーチュールフリルカーディガン,9350,https://www.dot-st.com/heather/disp/item/1080887/,https://pdimg.dot-st.com/images/heather/goods/itemImg108/1080887/item_1080887_main_08_1786685515.jpg,予約,https://www.dot-st.com/disp/ranking/?dispNo=001001003&periodTp=3&ageRange=25-29
2026-08-27,20代後半,25-29,3,28%OFF,LOWRYS FARM ペプラムチュニックＳＳ,4356,https://www.dot-st.com/lowrysfarm/disp/item/660871/,https://pdimg.dot-st.com/images/lowrysfarm/goods/itemImg66/660871/item_660871_main_06_1783645877.jpg,SALE,https://www.dot-st.com/disp/ranking/?dispNo=001001003&periodTp=3&ageRange=25-29
2026-08-27,20代後半,25-29,4,JEANASIS,シアーワッフルドロストプルオーバーLS【完売カラー追加】,6600,https://www.dot-st.com/jeanasis/disp/item/1067550/,https://pdimg.dot-st.com/images/jeanasis/goods/itemImg106/1067550/item_1067550_main_06_1784196956.jpg,予約,https://www.dot-st.com/disp/ranking/?dispNo=001001003&periodTp=3&ageRange=25-29
2026-08-27,20代後半,25-29,5,niko,and ... 【ハリー・ポッター】コラボチェックZIPシャツ,7500,https://www.dot-st.com/nikoand/disp/item/807202/,https://pdimg.dot-st.com/images/nikoand/goods/itemImg80/807202/item_807202_main_52_1784194158.jpg,NEW,https://www.dot-st.com/disp/ranking/?dispNo=001001003&periodTp=3&ageRange=25-29
2026-08-27,20代後半,25-29,6,repipi,armario 【モンチッチ】2WAYファーWZIPパーカー,6990,https://www.dot-st.com/repipiarmario/disp/item/1054549/,https://pdimg.dot-st.com/images/repipiarmario/goods/itemImg105/1054549/item_1054549_main_08_1787572975.jpg,NEW,https://www.dot-st.com/disp/ranking/?dispNo=001001003&periodTp=3&ageRange=25-29
2026-08-27,20代後半,25-29,7,ALAND,【】MUCENT／LIVREオフショルロングスリーブトップス,9990,https://www.dot-st.com/aland/disp/item/1081964/,https://pdimg.dot-st.com/images/aland/goods/itemImg108/1081964/item_1081964_main_15_1786071970.jpg,予約,https://www.dot-st.com/disp/ranking/?dispNo=001001003&periodTp=3&ageRange=25-29
2026-08-27,20代後半,25-29,8,JEANASIS,【フィー企画】ベロアサイドスナップロンTEE【8/21(金)9時～発売開始】,4950,https://www.dot-st.com/jeanasis/disp/item/1048179/,https://pdimg.dot-st.com/images/jeanasis/goods/itemImg104/1048179/item_1048179_main_58_1784881865.jpg,NEW,https://www.dot-st.com/disp/ranking/?dispNo=001001003&periodTp=3&ageRange=25-29
2026-08-27,20代後半,25-29,9,VIS,【】シアートリムペプラムニットカーデ,6589,https://www.dot-st.com/vis/disp/item/1076729/,https://pdimg.dot-st.com/images/vis/goods/itemImg107/1076729/item_1076729_main_10_2026072712.jpg,予約,https://www.dot-st.com/disp/ranking/?dispNo=001001003&periodTp=3&ageRange=25-29
2026-08-27,20代後半,25-29,10,JEANASIS,【～8/26(水)12時59分まで、追加受注生産】プリントTEE SS【HONGAMA】,5990,https://www.dot-st.com/jeanasis/disp/item/1061794/,https://pdimg.dot-st.com/images/jeanasis/goods/itemImg106/1061794/item_1061794_main_01_1784787622.jpg,予約,https://www.dot-st.com/disp/ranking/?dispNo=001001003&periodTp=3&ageRange=25-29
2026-08-27,30代前半,30-34,1,JEANASIS,【】14GナポレオンカーディガンLS,7700,https://www.dot-st.com/jeanasis/disp/item/1075999/,https://pdimg.dot-st.com/images/jeanasis/goods/itemImg107/1075999/item_1075999_main_15_1785476018.jpg,予約,https://www.dot-st.com/disp/ranking/?dispNo=001001003&periodTp=3&ageRange=30-34
2026-08-27,30代前半,30-34,2,niko,and ... 【ハリー・ポッター】コラボチェックZIPシャツ,7500,https://www.dot-st.com/nikoand/disp/item/807202/,https://pdimg.dot-st.com/images/nikoand/goods/itemImg80/807202/item_807202_main_52_1784194158.jpg,NEW,https://www.dot-st.com/disp/ranking/?dispNo=001001003&periodTp=3&ageRange=30-34
2026-08-27,30代前半,30-34,3,LEPSIM,ミニ裏毛ドルマンプリント6分袖,5500,https://www.dot-st.com/lepsim/disp/item/840430/,https://pdimg.dot-st.com/images/lepsim/goods/itemImg84/840430/item_840430_main_12_1785980198.jpg,NEW,https://www.dot-st.com/disp/ranking/?dispNo=001001003&periodTp=3&ageRange=30-34
2026-08-27,30代前半,30-34,4,HARE,【一部追加 SET UP対応 イージーケア機能】TOROMIシシュウシャツ,12100,https://www.dot-st.com/hare/disp/item/591979/,https://pdimg.dot-st.com/images/hare/goods/itemImg59/591979/item_591979_main_09_1755240661.jpg,予約,https://www.dot-st.com/disp/ranking/?dispNo=001001003&periodTp=3&ageRange=30-34
2026-08-27,30代前半,30-34,5,37%OFF,LOWRYS FARM シアーシャツＬＳ／接触冷感・吸水速乾,3465,https://www.dot-st.com/lowrysfarm/disp/item/605853/,https://pdimg.dot-st.com/images/lowrysfarm/goods/itemImg60/605853/item_605853_main_08_1783646299.jpg,SALE,https://www.dot-st.com/disp/ranking/?dispNo=001001003&periodTp=3&ageRange=30-34
2026-08-27,30代前半,30-34,6,LEPSIM,《新作WEB》【BEVERLY HILLS POLO CLUB】シャギーチェックシャツ,8800,https://www.dot-st.com/lepsim/disp/item/683628/,https://pdimg.dot-st.com/images/lepsim/goods/itemImg68/683628/item_683628_main_55_1786528232.jpg,予約,https://www.dot-st.com/disp/ranking/?dispNo=001001003&periodTp=3&ageRange=30-34
2026-08-27,30代前半,30-34,7,30%OFF,niko and ... ハイカロリーラグランTシャツ,2799,https://www.dot-st.com/nikoand/disp/item/654215/,https://pdimg.dot-st.com/images/nikoand/goods/itemImg65/654215/item_654215_main_88_1773727342.jpg,SALE,https://www.dot-st.com/disp/ranking/?dispNo=001001003&periodTp=3&ageRange=30-34
2026-08-27,30代前半,30-34,8,niko,and ... 【シリーズ累計販売数23万枚突破！】40ビエラレピアチェックシャツ,6000,https://www.dot-st.com/nikoand/disp/item/662023/,https://pdimg.dot-st.com/images/nikoand/goods/itemImg66/662023/item_662023_main_12_1783070872.jpg,NEW,https://www.dot-st.com/disp/ranking/?dispNo=001001003&periodTp=3&ageRange=30-34
2026-08-27,30代前半,30-34,9,JEANASIS,【～8/26(水)12時59分まで、追加受注生産】プリントTEE SS【HONGAMA】,5990,https://www.dot-st.com/jeanasis/disp/item/1061794/,https://pdimg.dot-st.com/images/jeanasis/goods/itemImg106/1061794/item_1061794_main_01_1784787622.jpg,予約,https://www.dot-st.com/disp/ranking/?dispNo=001001003&periodTp=3&ageRange=30-34
2026-08-27,30代前半,30-34,10,LOWRYS,FARM アソートシアープルオーバーＬＳ,3990,https://www.dot-st.com/lowrysfarm/disp/item/600772/,https://pdimg.dot-st.com/images/lowrysfarm/goods/itemImg60/600772/item_600772_main_06_1786430846.jpg,,https://www.dot-st.com/disp/ranking/?dispNo=001001003&periodTp=3&ageRange=30-34
2026-08-27,30代後半,35-39,1,JEANASIS,【】14GナポレオンカーディガンLS,7700,https://www.dot-st.com/jeanasis/disp/item/1075999/,https://pdimg.dot-st.com/images/jeanasis/goods/itemImg107/1075999/item_1075999_main_15_1785476018.jpg,予約,https://www.dot-st.com/disp/ranking/?dispNo=001001003&periodTp=3&ageRange=35-39
2026-08-27,30代後半,35-39,2,LEPSIM,アソートチェックシャツチュニック,6600,https://www.dot-st.com/lepsim/disp/item/1054544/,https://pdimg.dot-st.com/images/lepsim/goods/itemImg105/1054544/item_1054544_main_59_1786347646.jpg,再入荷,https://www.dot-st.com/disp/ranking/?dispNo=001001003&periodTp=3&ageRange=35-39
2026-08-27,30代後半,35-39,3,LEPSIM,《新作WEB》【BEVERLY HILLS POLO CLUB】シャギーチェックシャツ,8800,https://www.dot-st.com/lepsim/disp/item/683628/,https://pdimg.dot-st.com/images/lepsim/goods/itemImg68/683628/item_683628_main_55_1786528232.jpg,予約,https://www.dot-st.com/disp/ranking/?dispNo=001001003&periodTp=3&ageRange=35-39
2026-08-27,30代後半,35-39,4,20%OFF,GLOBAL WORK UVプロテクトフードシャツ/646416,3192,https://www.dot-st.com/globalwork/disp/item/646416/,https://pdimg.dot-st.com/images/globalwork/goods/itemImg64/646416/item_646416_main_05_1772535514.jpg,SALE,https://www.dot-st.com/disp/ranking/?dispNo=001001003&periodTp=3&ageRange=35-39
2026-08-27,30代後半,35-39,5,30%OFF,LEPSIM 2WAY柄シアー長袖シャツ,3828,https://www.dot-st.com/lepsim/disp/item/664892/,https://pdimg.dot-st.com/images/lepsim/goods/itemImg66/664892/item_664892_main_50_1787042846.jpg,SALE,https://www.dot-st.com/disp/ranking/?dispNo=001001003&periodTp=3&ageRange=35-39
2026-08-27,30代後半,35-39,6,LEPSIM,ミニ裏毛ドルマンプリント6分袖,5500,https://www.dot-st.com/lepsim/disp/item/840430/,https://pdimg.dot-st.com/images/lepsim/goods/itemImg84/840430/item_840430_main_12_1785980198.jpg,NEW,https://www.dot-st.com/disp/ranking/?dispNo=001001003&periodTp=3&ageRange=35-39
2026-08-27,30代後半,35-39,7,niko,and ... 【シリーズ累計販売数23万枚突破！】40ビエラレピアチェックシャツ,6000,https://www.dot-st.com/nikoand/disp/item/662023/,https://pdimg.dot-st.com/images/nikoand/goods/itemImg66/662023/item_662023_main_12_1783070872.jpg,NEW,https://www.dot-st.com/disp/ranking/?dispNo=001001003&periodTp=3&ageRange=35-39
2026-08-27,30代後半,35-39,8,niko,and ... [be with M] Misayoフードチェックシャツ【】,6600,https://www.dot-st.com/nikoand/disp/item/1050023/,https://pdimg.dot-st.com/images/nikoand/goods/itemImg105/1050023/item_1050023_main_50_1785814825.jpg,予約,https://www.dot-st.com/disp/ranking/?dispNo=001001003&periodTp=3&ageRange=35-39
2026-08-27,30代後半,35-39,9,LEPSIM,袖レースレイヤード長袖T,5500,https://www.dot-st.com/lepsim/disp/item/645485/,https://pdimg.dot-st.com/images/lepsim/goods/itemImg64/645485/item_645485_main_25_1784167916.jpg,,https://www.dot-st.com/disp/ranking/?dispNo=001001003&periodTp=3&ageRange=35-39
2026-08-27,30代後半,35-39,10,LEPSIM,袖切り替えプルオーバー,3960,https://www.dot-st.com/lepsim/disp/item/140912/,https://pdimg.dot-st.com/images/lepsim/goods/itemImg14/140912/item_140912_main_10_1784097738.jpg,,https://www.dot-st.com/disp/ranking/?dispNo=001001003&periodTp=3&ageRange=35-39
2026-08-28,20代後半,25-29,1,JEANASIS,【】14GナポレオンカーディガンLS,7700,https://www.dot-st.com/jeanasis/disp/item/1075999/,https://pdimg.dot-st.com/images/jeanasis/goods/itemImg107/1075999/item_1075999_main_15_1785476018.jpg,予約,https://www.dot-st.com/disp/ranking/?dispNo=001001003&periodTp=3&ageRange=25-29
2026-08-28,20代後半,25-29,2,HARE,【WEB】スカートヘムロングシャツ,13970,https://www.dot-st.com/hare/disp/item/1072718/,https://pdimg.dot-st.com/images/hare/goods/itemImg107/1072718/item_1072718_main_09_1786022534.jpg,予約,https://www.dot-st.com/disp/ranking/?dispNo=001001003&periodTp=3&ageRange=25-29
2026-08-28,20代後半,25-29,3,HARE,【WEB】シシュウダンボールパーカー,11000,https://www.dot-st.com/hare/disp/item/1063459/,https://pdimg.dot-st.com/images/hare/goods/itemImg106/1063459/item_1063459_main_85_1784278788.jpg,予約,https://www.dot-st.com/disp/ranking/?dispNo=001001003&periodTp=3&ageRange=25-29
2026-08-28,20代後半,25-29,4,niko,and ... [NKJ 2026AW] デニムアノラック,7500,https://www.dot-st.com/nikoand/disp/item/781617/,https://pdimg.dot-st.com/images/nikoand/goods/itemImg78/781617/item_781617_main_55_1783047760.jpg,,https://www.dot-st.com/disp/ranking/?dispNo=001001003&periodTp=3&ageRange=25-29
2026-08-28,20代後半,25-29,5,JEANASIS,～31日(月)12時59分まで追加受付中【marimo企画】コットンドットロンTEE,4950,https://www.dot-st.com/jeanasis/disp/item/1048192/,https://pdimg.dot-st.com/images/jeanasis/goods/itemImg104/1048192/item_1048192_main_09_1784881748.jpg,NEW / 予約,https://www.dot-st.com/disp/ranking/?dispNo=001001003&periodTp=3&ageRange=25-29
2026-08-28,20代後半,25-29,6,PAGEBOY,【】スカシリーフニットボレロ,6990,https://www.dot-st.com/pageboy/disp/item/414159/,https://pdimg.dot-st.com/images/pageboy/goods/itemImg41/414159/item_414159_main_89_1776767880.jpg,再入荷,https://www.dot-st.com/disp/ranking/?dispNo=001001003&periodTp=3&ageRange=25-29
2026-08-28,20代後半,25-29,7,niko,and ... 2WAYソフトシアーラグランプルオーバー,4500,https://www.dot-st.com/nikoand/disp/item/1057461/,https://pdimg.dot-st.com/images/nikoand/goods/itemImg105/1057461/item_1057461_main_11_1785208296.jpg,NEW,https://www.dot-st.com/disp/ranking/?dispNo=001001003&periodTp=3&ageRange=25-29
2026-08-28,20代後半,25-29,8,niko,and ... 【ハリー・ポッター】コラボアソートニットカーディガン,8000,https://www.dot-st.com/nikoand/disp/item/807203/,https://pdimg.dot-st.com/images/nikoand/goods/itemImg80/807203/item_807203_main_30_1784194066.jpg,NEW,https://www.dot-st.com/disp/ranking/?dispNo=001001003&periodTp=3&ageRange=25-29
2026-08-28,20代後半,25-29,9,LOWRYS,FARM アソートシアープルオーバーＬＳ,3990,https://www.dot-st.com/lowrysfarm/disp/item/600772/,https://pdimg.dot-st.com/images/lowrysfarm/goods/itemImg60/600772/item_600772_main_06_1786430846.jpg,,https://www.dot-st.com/disp/ranking/?dispNo=001001003&periodTp=3&ageRange=25-29
2026-08-28,20代後半,25-29,10,JEANASIS,アソートチェックシャツLS,7920,https://www.dot-st.com/jeanasis/disp/item/1054891/,https://pdimg.dot-st.com/images/jeanasis/goods/itemImg105/1054891/item_1054891_main_67_1785133039.jpg,,https://www.dot-st.com/disp/ranking/?dispNo=001001003&periodTp=3&ageRange=25-29
2026-08-28,30代前半,30-34,1,LEPSIM,《新作WEB》【BEVERLY HILLS POLO CLUB】シャギーチェックシャツ,8800,https://www.dot-st.com/lepsim/disp/item/683628/,https://pdimg.dot-st.com/images/lepsim/goods/itemImg68/683628/item_683628_main_55_1786528232.jpg,予約,https://www.dot-st.com/disp/ranking/?dispNo=001001003&periodTp=3&ageRange=30-34
2026-08-28,30代前半,30-34,2,41%OFF,Classical Elf 胸ポケット付きオーバーサイズシアーチェックシャツce1410033,3499,https://www.dot-st.com/classicalelf/disp/item/1051526/,https://pdimg.dot-st.com/images/classicalelf/goods/itemImg105/1051526/item_1051526_main_06_1786925836.jpg,NEW,https://www.dot-st.com/disp/ranking/?dispNo=001001003&periodTp=3&ageRange=30-34
2026-08-28,30代前半,30-34,3,niko,and ... 【ハリー・ポッター】コラボアソートニットカーディガン,8000,https://www.dot-st.com/nikoand/disp/item/807203/,https://pdimg.dot-st.com/images/nikoand/goods/itemImg80/807203/item_807203_main_30_1784194066.jpg,NEW,https://www.dot-st.com/disp/ranking/?dispNo=001001003&periodTp=3&ageRange=30-34
2026-08-28,30代前半,30-34,4,LEPSIM,袖レースレイヤード長袖T,5500,https://www.dot-st.com/lepsim/disp/item/645485/,https://pdimg.dot-st.com/images/lepsim/goods/itemImg64/645485/item_645485_main_25_1784167916.jpg,,https://www.dot-st.com/disp/ranking/?dispNo=001001003&periodTp=3&ageRange=30-34
2026-08-28,30代前半,30-34,5,HARE,【WEB】アートフラワージャガードシャツ,11990,https://www.dot-st.com/hare/disp/item/1072705/,https://pdimg.dot-st.com/images/hare/goods/itemImg107/1072705/item_1072705_main_87_1786097270.jpg,予約,https://www.dot-st.com/disp/ranking/?dispNo=001001003&periodTp=3&ageRange=30-34
2026-08-28,30代前半,30-34,6,niko,and ... [NKJ 2026AW] リメイク風デニムシャツ,7000,https://www.dot-st.com/nikoand/disp/item/782136/,https://pdimg.dot-st.com/images/nikoand/goods/itemImg78/782136/item_782136_main_80_1783673994.jpg,,https://www.dot-st.com/disp/ranking/?dispNo=001001003&periodTp=3&ageRange=30-34
2026-08-28,30代前半,30-34,7,HARE,【SETUP対応】オパールシアーシャツ,9900,https://www.dot-st.com/hare/disp/item/1050600/,https://pdimg.dot-st.com/images/hare/goods/itemImg105/1050600/item_1050600_main_58_1784890038.jpg,再入荷,https://www.dot-st.com/disp/ranking/?dispNo=001001003&periodTp=3&ageRange=30-34
2026-08-28,30代前半,30-34,8,30%OFF,JEANASIS メッシュレースフードブルゾン,6545,https://www.dot-st.com/jeanasis/disp/item/1051047/,https://pdimg.dot-st.com/images/jeanasis/goods/itemImg105/1051047/item_1051047_main_05_1785813985.jpg,SALE,https://www.dot-st.com/disp/ranking/?dispNo=001001003&periodTp=3&ageRange=30-34
2026-08-28,30代前半,30-34,9,40%OFF,GLOBAL WORK UVプロテクトペプラムカーディガン/1046363,2393,https://www.dot-st.com/globalwork/disp/item/1046363/,https://pdimg.dot-st.com/images/globalwork/goods/itemImg104/1046363/item_1046363_main_50_1786001137.jpg,SALE,https://www.dot-st.com/disp/ranking/?dispNo=001001003&periodTp=3&ageRange=30-34
2026-08-28,30代前半,30-34,10,niko,and ... ポコポコストライプシャツ,6000,https://www.dot-st.com/nikoand/disp/item/741559/,https://pdimg.dot-st.com/images/nikoand/goods/itemImg74/741559/item_741559_main_80_1783561086.jpg,,https://www.dot-st.com/disp/ranking/?dispNo=001001003&periodTp=3&ageRange=30-34
2026-08-28,30代後半,35-39,1,GLOBAL,WORK 【玉井詩織さん着用】シアークレープチェックシャツ/680572,4490,https://www.dot-st.com/globalwork/disp/item/680572/,https://pdimg.dot-st.com/images/globalwork/goods/itemImg68/680572/item_680572_main_10_1782974088.jpg,,https://www.dot-st.com/disp/ranking/?dispNo=001001003&periodTp=3&ageRange=35-39
2026-08-28,30代後半,35-39,2,niko,and ... [be with M] Misayoフードチェックシャツ【】,6600,https://www.dot-st.com/nikoand/disp/item/1050023/,https://pdimg.dot-st.com/images/nikoand/goods/itemImg105/1050023/item_1050023_main_50_1785814825.jpg,予約,https://www.dot-st.com/disp/ranking/?dispNo=001001003&periodTp=3&ageRange=35-39
2026-08-28,30代後半,35-39,3,40%OFF,GLOBAL WORK UVプロテクトペプラムカーディガン/1046363,2393,https://www.dot-st.com/globalwork/disp/item/1046363/,https://pdimg.dot-st.com/images/globalwork/goods/itemImg104/1046363/item_1046363_main_50_1786001137.jpg,SALE,https://www.dot-st.com/disp/ranking/?dispNo=001001003&periodTp=3&ageRange=35-39
2026-08-28,30代後半,35-39,4,41%OFF,Classical Elf 胸ポケット付きオーバーサイズシアーチェックシャツce1410033,3499,https://www.dot-st.com/classicalelf/disp/item/1051526/,https://pdimg.dot-st.com/images/classicalelf/goods/itemImg105/1051526/item_1051526_main_06_1786925836.jpg,NEW,https://www.dot-st.com/disp/ranking/?dispNo=001001003&periodTp=3&ageRange=35-39
2026-08-28,30代後半,35-39,5,LEPSIM,《新作WEB》【BEVERLY HILLS POLO CLUB】シャギーチェックシャツ,8800,https://www.dot-st.com/lepsim/disp/item/683628/,https://pdimg.dot-st.com/images/lepsim/goods/itemImg68/683628/item_683628_main_55_1786528232.jpg,予約,https://www.dot-st.com/disp/ranking/?dispNo=001001003&periodTp=3&ageRange=35-39
2026-08-28,30代後半,35-39,6,20%OFF,GLOBAL WORK UVプロテクトフードシャツ/646416,3192,https://www.dot-st.com/globalwork/disp/item/646416/,https://pdimg.dot-st.com/images/globalwork/goods/itemImg64/646416/item_646416_main_05_1772535514.jpg,SALE,https://www.dot-st.com/disp/ranking/?dispNo=001001003&periodTp=3&ageRange=35-39
2026-08-28,30代後半,35-39,7,GLOBAL,WORK フリンジビスチェ/797325,2990,https://www.dot-st.com/globalwork/disp/item/797325/,https://pdimg.dot-st.com/images/globalwork/goods/itemImg79/797325/item_797325_main_08_1782975371.jpg,,https://www.dot-st.com/disp/ranking/?dispNo=001001003&periodTp=3&ageRange=35-39
2026-08-28,30代後半,35-39,8,niko,and ... 2WAYソフトシアーラグランプルオーバー,4500,https://www.dot-st.com/nikoand/disp/item/1057461/,https://pdimg.dot-st.com/images/nikoand/goods/itemImg105/1057461/item_1057461_main_11_1785208296.jpg,NEW,https://www.dot-st.com/disp/ranking/?dispNo=001001003&periodTp=3&ageRange=35-39
2026-08-28,30代後半,35-39,9,40%OFF,Classical Elf 重ねてる風、が今っぽい。ビスチェ風チュールフリルドッキングTシャツce1010572,2998,https://www.dot-st.com/classicalelf/disp/item/644054/,https://pdimg.dot-st.com/images/classicalelf/goods/itemImg64/644054/item_644054_main_01_1774576827.jpg,,https://www.dot-st.com/disp/ranking/?dispNo=001001003&periodTp=3&ageRange=35-39
2026-08-28,30代後半,35-39,10,LEPSIM,モダンレース長袖フーディー【カラー】,5500,https://www.dot-st.com/lepsim/disp/item/1069792/,https://pdimg.dot-st.com/images/lepsim/goods/itemImg106/1069792/item_1069792_main_78_1786951478.jpg,NEW / 予約,https://www.dot-st.com/disp/ranking/?dispNo=001001003&periodTp=3&ageRange=35-39
2026-08-29,20代後半,25-29,1,niko,and ... 【ハリー・ポッター】コラボアソート裏毛プルオーバー【一部カラー追加】,7000,https://www.dot-st.com/nikoand/disp/item/807200/,https://pdimg.dot-st.com/images/nikoand/goods/itemImg80/807200/item_807200_main_18_1784194214.jpg,NEW / 予約,https://www.dot-st.com/disp/ranking/?dispNo=001001003&periodTp=3&ageRange=25-29
2026-08-29,20代後半,25-29,2,apres,jour 【一部】【apres jour clair】アソートレースアップシャギーニット,5500,https://www.dot-st.com/apres_jour/disp/item/878227/,https://pdimg.dot-st.com/images/apres_jour/goods/itemImg87/878227/item_878227_main_62_1787661492.jpg,NEW / 予約,https://www.dot-st.com/disp/ranking/?dispNo=001001003&periodTp=3&ageRange=25-29
2026-08-29,20代後半,25-29,3,JEANASIS,【】14GナポレオンカーディガンLS,7700,https://www.dot-st.com/jeanasis/disp/item/1075999/,https://pdimg.dot-st.com/images/jeanasis/goods/itemImg107/1075999/item_1075999_main_15_1785476018.jpg,予約,https://www.dot-st.com/disp/ranking/?dispNo=001001003&periodTp=3&ageRange=25-29
2026-08-29,20代後半,25-29,4,kutir,【12色展開】アソート袖リボンシアーメロートップス,2995,https://www.dot-st.com/kutir/disp/item/323537/,https://pdimg.dot-st.com/images/kutir/goods/itemImg32/323537/item_323537_main_52_1772179953.jpg,,https://www.dot-st.com/disp/ranking/?dispNo=001001003&periodTp=3&ageRange=25-29
2026-08-29,20代後半,25-29,5,HARE,チュールレイヤーシャツLS,12100,https://www.dot-st.com/hare/disp/item/1056958/,https://pdimg.dot-st.com/images/hare/goods/itemImg105/1056958/item_1056958_main_10_1785145971.jpg,NEW,https://www.dot-st.com/disp/ranking/?dispNo=001001003&periodTp=3&ageRange=25-29
2026-08-29,20代後半,25-29,6,LOWRYS,FARM クシュクシュレースプルオーバーＬＳ,3990,https://www.dot-st.com/lowrysfarm/disp/item/1052797/,https://pdimg.dot-st.com/images/lowrysfarm/goods/itemImg105/1052797/item_1052797_main_05_1784095239.jpg,,https://www.dot-st.com/disp/ranking/?dispNo=001001003&periodTp=3&ageRange=25-29
2026-08-29,20代後半,25-29,7,JEANASIS,～31日(月)12時59分まで追加受付中【marimo企画】コットンドットロンTEE,4950,https://www.dot-st.com/jeanasis/disp/item/1048192/,https://pdimg.dot-st.com/images/jeanasis/goods/itemImg104/1048192/item_1048192_main_09_1784881748.jpg,NEW / 予約,https://www.dot-st.com/disp/ranking/?dispNo=001001003&periodTp=3&ageRange=25-29
2026-08-29,20代後半,25-29,8,ALAND,【UNISEX】ALAND×UMBRO／裏毛パーカー（SET UP着用可能）,18190,https://www.dot-st.com/aland/disp/item/1053815/,https://pdimg.dot-st.com/images/aland/goods/itemImg105/1053815/item_1053815_main_19_1785483402.jpg,NEW,https://www.dot-st.com/disp/ranking/?dispNo=001001003&periodTp=3&ageRange=25-29
2026-08-29,20代後半,25-29,9,LOWRYS,FARM シャギーZIPショートベスト,5990,https://www.dot-st.com/lowrysfarm/disp/item/824182/,https://pdimg.dot-st.com/images/lowrysfarm/goods/itemImg82/824182/item_824182_main_15_1784084766.jpg,NEW,https://www.dot-st.com/disp/ranking/?dispNo=001001003&periodTp=3&ageRange=25-29
2026-08-29,20代後半,25-29,10,JEANASIS,【eL+1】Anorak Blouson【8/28(金)再START】,15400,https://www.dot-st.com/jeanasis/disp/item/1075103/,https://pdimg.dot-st.com/images/jeanasis/goods/itemImg107/1075103/item_1075103_main_88_1787553746.jpg,予約,https://www.dot-st.com/disp/ranking/?dispNo=001001003&periodTp=3&ageRange=25-29
2026-08-29,30代前半,30-34,1,niko,and ... 【ハリー・ポッター】コラボアソート裏毛プルオーバー【一部カラー追加】,7000,https://www.dot-st.com/nikoand/disp/item/807200/,https://pdimg.dot-st.com/images/nikoand/goods/itemImg80/807200/item_807200_main_18_1784194214.jpg,NEW / 予約,https://www.dot-st.com/disp/ranking/?dispNo=001001003&periodTp=3&ageRange=30-34
2026-08-29,30代前半,30-34,2,JEANASIS,【eL+1】Anorak Blouson【8/28(金)再START】,15400,https://www.dot-st.com/jeanasis/disp/item/1075103/,https://pdimg.dot-st.com/images/jeanasis/goods/itemImg107/1075103/item_1075103_main_88_1787553746.jpg,予約,https://www.dot-st.com/disp/ranking/?dispNo=001001003&periodTp=3&ageRange=30-34
2026-08-29,30代前半,30-34,3,JEANASIS,【】14GナポレオンカーディガンLS,7700,https://www.dot-st.com/jeanasis/disp/item/1075999/,https://pdimg.dot-st.com/images/jeanasis/goods/itemImg107/1075999/item_1075999_main_15_1785476018.jpg,予約,https://www.dot-st.com/disp/ranking/?dispNo=001001003&periodTp=3&ageRange=30-34
2026-08-29,30代前半,30-34,4,ALAND,【UNISEX】ALAND×UMBRO／ジャガードニットポロ,15290,https://www.dot-st.com/aland/disp/item/1053823/,https://pdimg.dot-st.com/images/aland/goods/itemImg105/1053823/item_1053823_main_50_1785717857.jpg,NEW,https://www.dot-st.com/disp/ranking/?dispNo=001001003&periodTp=3&ageRange=30-34
2026-08-29,30代前半,30-34,5,LOWRYS,FARM ZIPショートフーディ,5990,https://www.dot-st.com/lowrysfarm/disp/item/588894/,https://pdimg.dot-st.com/images/lowrysfarm/goods/itemImg58/588894/item_588894_main_09_1787319856.jpg,NEW / SALE,https://www.dot-st.com/disp/ranking/?dispNo=001001003&periodTp=3&ageRange=30-34
2026-08-29,30代前半,30-34,6,niko,and ... [be with M] Misayoメッシュロゴプルオーバー【】,6600,https://www.dot-st.com/nikoand/disp/item/1050012/,https://pdimg.dot-st.com/images/nikoand/goods/itemImg105/1050012/item_1050012_main_15_1785815369.jpg,予約,https://www.dot-st.com/disp/ranking/?dispNo=001001003&periodTp=3&ageRange=30-34
2026-08-29,30代前半,30-34,7,niko,and ... [be with M] Misayoフードチェックシャツ【】,6600,https://www.dot-st.com/nikoand/disp/item/1050023/,https://pdimg.dot-st.com/images/nikoand/goods/itemImg105/1050023/item_1050023_main_50_1785814825.jpg,予約,https://www.dot-st.com/disp/ranking/?dispNo=001001003&periodTp=3&ageRange=30-34
2026-08-29,30代前半,30-34,8,HARE,【WEB】シシュウダンボールパーカー,11000,https://www.dot-st.com/hare/disp/item/1063459/,https://pdimg.dot-st.com/images/hare/goods/itemImg106/1063459/item_1063459_main_85_1784278788.jpg,予約,https://www.dot-st.com/disp/ranking/?dispNo=001001003&periodTp=3&ageRange=30-34
2026-08-29,30代前半,30-34,9,niko,and ... [be with M] MisayoリバーシブルT【】,6000,https://www.dot-st.com/nikoand/disp/item/1050010/,https://pdimg.dot-st.com/images/nikoand/goods/itemImg105/1050010/item_1050010_main_15_1785815463.jpg,予約,https://www.dot-st.com/disp/ranking/?dispNo=001001003&periodTp=3&ageRange=30-34
2026-08-29,30代前半,30-34,10,niko,and ... 【ハリー・ポッター】コラボチェックZIPシャツ,7500,https://www.dot-st.com/nikoand/disp/item/807202/,https://pdimg.dot-st.com/images/nikoand/goods/itemImg80/807202/item_807202_main_52_1784194158.jpg,NEW,https://www.dot-st.com/disp/ranking/?dispNo=001001003&periodTp=3&ageRange=30-34
2026-08-29,30代後半,35-39,1,JEANASIS,【】14GナポレオンカーディガンLS,7700,https://www.dot-st.com/jeanasis/disp/item/1075999/,https://pdimg.dot-st.com/images/jeanasis/goods/itemImg107/1075999/item_1075999_main_15_1785476018.jpg,予約,https://www.dot-st.com/disp/ranking/?dispNo=001001003&periodTp=3&ageRange=35-39
2026-08-29,30代後半,35-39,2,JEANASIS,【eL+1】Anorak Blouson【8/28(金)再START】,15400,https://www.dot-st.com/jeanasis/disp/item/1075103/,https://pdimg.dot-st.com/images/jeanasis/goods/itemImg107/1075103/item_1075103_main_88_1787553746.jpg,予約,https://www.dot-st.com/disp/ranking/?dispNo=001001003&periodTp=3&ageRange=35-39
2026-08-29,30代後半,35-39,3,niko,and ... [be with M] Misayoフードチェックシャツ【】,6600,https://www.dot-st.com/nikoand/disp/item/1050023/,https://pdimg.dot-st.com/images/nikoand/goods/itemImg105/1050023/item_1050023_main_50_1785814825.jpg,予約,https://www.dot-st.com/disp/ranking/?dispNo=001001003&periodTp=3&ageRange=35-39
2026-08-29,30代後半,35-39,4,LEPSIM,《新作WEB》【BEVERLY HILLS POLO CLUB】シャギーチェックシャツ,8800,https://www.dot-st.com/lepsim/disp/item/683628/,https://pdimg.dot-st.com/images/lepsim/goods/itemImg68/683628/item_683628_main_55_1786528232.jpg,予約,https://www.dot-st.com/disp/ranking/?dispNo=001001003&periodTp=3&ageRange=35-39
2026-08-29,30代後半,35-39,5,LEPSIM,モダンレース長袖フーディー【カラー】,5500,https://www.dot-st.com/lepsim/disp/item/1069792/,https://pdimg.dot-st.com/images/lepsim/goods/itemImg106/1069792/item_1069792_main_78_1786951478.jpg,NEW / 予約,https://www.dot-st.com/disp/ranking/?dispNo=001001003&periodTp=3&ageRange=35-39
2026-08-29,30代後半,35-39,6,GLOBAL,WORK 【玉井詩織さん着用】シアークレープチェックシャツ/680572,4490,https://www.dot-st.com/globalwork/disp/item/680572/,https://pdimg.dot-st.com/images/globalwork/goods/itemImg68/680572/item_680572_main_10_1782974088.jpg,,https://www.dot-st.com/disp/ranking/?dispNo=001001003&periodTp=3&ageRange=35-39
2026-08-29,30代後半,35-39,7,niko,and ... 【ハリー・ポッター】コラボアソート裏毛プルオーバー【一部カラー追加】,7000,https://www.dot-st.com/nikoand/disp/item/807200/,https://pdimg.dot-st.com/images/nikoand/goods/itemImg80/807200/item_807200_main_18_1784194214.jpg,NEW / 予約,https://www.dot-st.com/disp/ranking/?dispNo=001001003&periodTp=3&ageRange=35-39
2026-08-29,30代後半,35-39,8,LEPSIM,アソートチェックシャツチュニック,6600,https://www.dot-st.com/lepsim/disp/item/1054544/,https://pdimg.dot-st.com/images/lepsim/goods/itemImg105/1054544/item_1054544_main_59_1786347646.jpg,,https://www.dot-st.com/disp/ranking/?dispNo=001001003&periodTp=3&ageRange=35-39
2026-08-29,30代後半,35-39,9,niko,and ... 【シリーズ累計販売数23万枚突破！】40ビエラレピアチェックシャツ,6000,https://www.dot-st.com/nikoand/disp/item/662023/,https://pdimg.dot-st.com/images/nikoand/goods/itemImg66/662023/item_662023_main_12_1783070872.jpg,NEW,https://www.dot-st.com/disp/ranking/?dispNo=001001003&periodTp=3&ageRange=35-39
2026-08-29,30代後半,35-39,10,niko,and ... [be with M] Misayoメッシュロゴプルオーバー【】,6600,https://www.dot-st.com/nikoand/disp/item/1050012/,https://pdimg.dot-st.com/images/nikoand/goods/itemImg105/1050012/item_1050012_main_15_1785815369.jpg,予約,https://www.dot-st.com/disp/ranking/?dispNo=001001003&periodTp=3&ageRange=35-39
